出發時段,出發機場代號,抵達時段,航空聯盟組合,航空公司組合,航空聯盟,停靠站數量,機型分類,假期,飛行時間兩段分類,是否為平日,停留時間_分鐘,實際飛行時間_分鐘,經濟指標,機場指標,competing_flights,平均價格,預測_平均價格,抵達機場代號
上午班機,TPE,早晨抵達,1,1,2,1,1,0,1,1,1010,1000,0.5468126,0.5891658,37,20881,23473.258,JFK
下午班機,TSA,上午抵達,1,0,1,1,1,2,2,1,915,945,0.5468126,0.5891658,24,74691,70447.4,JFK
早晨班機,TSA,上午抵達,1,0,1,1,1,0,2,0,1470,945,0.5468126,0.5891658,13,30020,37254.137,JFK
下午班機,TPE,下午抵達,1,1,3,1,1,0,2,1,935,1065,0.5468126,0.5891658,57,22853,22991.887,JFK
上午班機,TPE,凌晨抵達,1,1,3,1,1,0,2,0,930,1045,0.5468126,0.5891658,35,25027,24993.96,JFK
晚間班機,TPE,下午抵達,0,0,2,1,1,2,1,1,867,1007,0.5468126,0.5891658,36,48882,46074.477,JFK
下午班機,TPE,晚間抵達,1,1,3,1,1,0,2,1,65,1060,0.5468126,0.5891658,55,34010,28577.918,JFK
上午班機,TSA,上午抵達,1,1,3,1,1,0,2,1,1305,945,0.5468126,0.5891658,39,33973,37493.516,JFK
上午班機,TSA,晚間抵達,0,0,1,1,1,0,2,0,605,930,0.5468126,0.5891658,32,86002,86219.66,JFK
晚間班機,TPE,下午抵達,0,0,2,1,1,1,1,1,701,994,0.5468126,0.5891658,63,26239,37226.86,JFK
晚間班機,TPE,下午抵達,0,0,2,1,0,0,1,0,851,994,0.5468126,0.5891658,73,25064,38889.02,JFK
晚間班機,TPE,晚間抵達,0,0,1,1,0,0,1,1,1016,953,0.5468126,0.5891658,63,25902,31391.83,JFK
晚間班機,TPE,凌晨抵達,1,1,3,1,1,0,2,1,175,1055,0.5468126,0.5891658,71,22372,24464.064,JFK
下午班機,TSA,晚間抵達,1,0,1,1,1,0,2,1,1595,930,0.5468126,0.5891658,55,44410,49642.99,JFK
上午班機,TSA,晚間抵達,0,0,1,1,1,0,2,0,605,930,0.5468126,0.5891658,37,81990,82984.15,JFK
早晨班機,TPE,晚間抵達,1,0,2,1,2,0,2,1,490,985,0.5468126,0.5891658,14,47804,56476.79,JFK
上午班機,TSA,下午抵達,1,0,3,1,1,0,2,0,230,965,0.5468126,0.5891658,32,83438,70148.46,JFK
晚間班機,TPE,下午抵達,1,0,1,1,1,1,1,1,1030,938,0.5468126,0.5891658,63,47330,43337.305,JFK
下午班機,TPE,凌晨抵達,1,1,3,1,1,0,2,1,770,1050,0.5468126,0.5891658,53,22354,23826.783,JFK
晚間班機,TPE,凌晨抵達,1,1,3,1,1,2,2,1,345,1050,0.5468126,0.5891658,52,75941,36491.387,JFK
上午班機,TPE,晚間抵達,1,1,3,1,1,0,2,1,305,960,0.5468126,0.5891658,39,33875,32313.436,JFK
凌晨班機,TPE,下午抵達,1,1,2,1,1,0,1,0,315,1390,0.5468126,0.5891658,12,56990,62674.137,JFK
上午班機,TPE,上午抵達,1,1,1,1,1,0,1,1,815,1445,0.5468126,0.5891658,37,43695,41064.43,JFK
晚間班機,TPE,下午抵達,1,1,3,1,1,0,2,0,605,1070,0.5468126,0.5891658,64,23454,25752.955,JFK
晚間班機,TPE,下午抵達,1,0,2,1,1,0,1,1,340,1470,0.5468126,0.5891658,57,75766,76316.58,JFK
下午班機,TPE,晚間抵達,0,0,5,1,1,0,2,0,255,1075,0.5468126,0.5891658,53,53973,51899.68,JFK
晚間班機,TSA,上午抵達,0,0,3,1,1,1,2,1,770,945,0.5468126,0.5891658,63,73482,58080.727,JFK
下午班機,TSA,晚間抵達,1,1,1,1,1,2,2,1,1765,940,0.5468126,0.5891658,59,62387,42291.688,JFK
上午班機,TPE,下午抵達,1,1,2,1,1,0,1,1,65,999,0.5468126,0.5891658,31,21774,24284.258,JFK
晚間班機,TPE,凌晨抵達,1,1,3,1,1,2,2,1,300,1050,0.5468126,0.5891658,52,26254,39412.902,JFK
晚間班機,TPE,早晨抵達,0,0,5,1,0,0,1,1,525,944,0.5468126,0.5891658,74,24932,29235.398,JFK
晚間班機,TPE,晚間抵達,1,1,3,1,1,0,2,0,1025,1065,0.5468126,0.5891658,64,34986,31640.975,JFK
晚間班機,TPE,上午抵達,1,1,2,1,2,0,2,1,665,990,0.5468126,0.5891658,67,29045,30640.762,JFK
晚間班機,TPE,早晨抵達,0,0,5,1,1,0,1,0,465,944,0.5468126,0.5891658,73,25608,33434.25,JFK
晚間班機,TPE,下午抵達,1,1,3,1,1,2,2,1,605,1070,0.5468126,0.5891658,52,26757,34069.258,JFK
晚間班機,TPE,下午抵達,0,0,2,1,1,0,1,1,701,994,0.5468126,0.5891658,60,24387,37082.89,JFK
晚間班機,TPE,下午抵達,1,1,3,1,1,1,2,0,670,1065,0.5468126,0.5891658,59,22859,25579.088,JFK
下午班機,TPE,凌晨抵達,1,1,3,1,1,0,2,1,435,1050,0.5468126,0.5891658,58,22405,24357.625,JFK
晚間班機,TPE,下午抵達,0,0,2,1,0,0,1,0,701,994,0.5468126,0.5891658,64,40152,44581.734,JFK
晚間班機,TPE,下午抵達,0,0,1,1,0,2,1,0,924,955,0.5468126,0.5891658,43,33563,37643.176,JFK
下午班機,TPE,晚間抵達,1,0,2,0,1,0,1,1,0,885,0.5468126,0.5891658,55,25195,25715.084,JFK
晚間班機,TPE,下午抵達,0,0,1,1,0,1,1,0,711,999,0.5468126,0.5891658,59,25122,37102.348,JFK
晚間班機,TPE,下午抵達,0,0,1,1,1,2,1,1,834,955,0.5468126,0.5891658,43,30466,38018.504,JFK
下午班機,TPE,凌晨抵達,1,1,3,1,1,0,2,0,710,1050,0.5468126,0.5891658,63,23927,26166.205,JFK
早晨班機,TSA,上午抵達,1,0,1,1,1,0,2,0,1470,945,0.5468126,0.5891658,14,34472,37488.94,JFK
下午班機,TSA,上午抵達,1,1,1,1,1,0,2,0,895,945,0.5468126,0.5891658,62,52576,45434.18,JFK
凌晨班機,TPE,下午抵達,0,0,5,1,1,2,1,1,867,987,0.5468126,0.5891658,3,45289,44231.88,JFK
下午班機,TPE,凌晨抵達,1,1,3,1,1,1,2,1,495,1050,0.5468126,0.5891658,64,25889,27315.812,JFK
晚間班機,TPE,下午抵達,1,1,2,1,1,0,2,0,905,1000,0.5468126,0.5891658,66,38544,37704.11,JFK
晚間班機,TPE,下午抵達,1,1,5,1,2,0,2,1,175,1460,0.5468126,0.5891658,34,40087,46662.395,JFK
早晨班機,TPE,晚間抵達,0,0,5,1,1,2,2,1,615,1075,0.5468126,0.5891658,11,58202,61423.156,JFK
下午班機,TSA,上午抵達,1,1,1,1,1,0,2,1,1085,955,0.5468126,0.5891658,60,29456,42217.418,JFK
下午班機,TPE,下午抵達,1,1,3,1,1,0,2,0,865,1065,0.5468126,0.5891658,51,22839,25089.156,JFK
晚間班機,TPE,晚間抵達,1,1,3,1,1,0,2,1,1025,1065,0.5468126,0.5891658,53,26685,28813.22,JFK
晚間班機,TPE,下午抵達,0,0,2,1,0,0,1,1,851,994,0.5468126,0.5891658,73,23008,37563.703,JFK
上午班機,TPE,上午抵達,1,1,2,1,1,1,2,0,1210,980,0.5468126,0.5891658,32,30268,30486.334,JFK
上午班機,TPE,晚間抵達,0,0,1,1,1,0,1,1,474,995,0.5468126,0.5891658,33,24955,35947.8,JFK
上午班機,TPE,晚間抵達,0,0,1,1,0,0,1,1,479,1010,0.5468126,0.5891658,37,72120,29363.182,JFK
凌晨班機,TPE,下午抵達,1,1,2,1,1,2,1,1,315,1390,0.5468126,0.5891658,5,56985,50946.58,JFK
下午班機,TPE,晚間抵達,1,1,2,1,2,0,2,1,220,985,0.5468126,0.5891658,59,26579,27635.627,JFK
下午班機,TPE,晚間抵達,0,0,2,1,2,0,2,0,205,985,0.5468126,0.5891658,65,62563,50354.99,JFK
晚間班機,TPE,下午抵達,1,0,2,1,1,0,1,1,175,1442,0.5468126,0.5891658,74,83011,79214.125,JFK
晚間班機,TPE,晚間抵達,0,0,1,1,1,0,1,0,1230,949,0.5468126,0.5891658,54,24280,33244.05,JFK
晚間班機,TPE,下午抵達,1,0,1,1,1,0,1,1,1030,938,0.5468126,0.5891658,52,40336,42267.98,JFK
晚間班機,TPE,下午抵達,0,0,2,1,0,0,1,1,701,994,0.5468126,0.5891658,65,25904,42085.805,JFK
晚間班機,TPE,上午抵達,1,1,2,1,2,0,2,1,665,990,0.5468126,0.5891658,65,29483,31004.943,JFK
晚間班機,TPE,早晨抵達,0,0,1,1,0,0,1,1,320,939,0.5468126,0.5891658,76,25355,27112.178,JFK
上午班機,TSA,晚間抵達,1,1,3,1,1,0,2,0,385,945,0.5468126,0.5891658,26,32027,44582.16,JFK
上午班機,TSA,上午抵達,1,0,1,1,1,0,2,1,1260,1000,0.5468126,0.5891658,14,70587,65911.516,JFK
晚間班機,TSA,晚間抵達,0,0,1,1,1,0,2,1,1480,930,0.5468126,0.5891658,55,169946,183512.02,JFK
晚間班機,TPE,早晨抵達,0,0,1,1,0,0,1,1,280,939,0.5468126,0.5891658,78,26072,27974.656,JFK
下午班機,TPE,凌晨抵達,1,1,3,1,1,0,2,1,715,1050,0.5468126,0.5891658,51,26578,24307.777,JFK
早晨班機,TSA,上午抵達,1,0,1,1,1,1,2,1,1470,945,0.5468126,0.5891658,15,29095,30948.133,JFK
晚間班機,TPE,下午抵達,1,1,3,1,1,0,2,1,670,1065,0.5468126,0.5891658,57,24239,23609.27,JFK
晚間班機,TPE,晚間抵達,1,1,3,1,1,0,2,1,1025,1065,0.5468126,0.5891658,50,29186,28377.482,JFK
下午班機,TSA,上午抵達,1,0,1,1,1,0,2,1,875,980,0.5468126,0.5891658,58,47940,47598.586,JFK
早晨班機,TPE,凌晨抵達,1,1,3,1,1,2,2,1,1010,1055,0.5468126,0.5891658,13,45344,35880.633,JFK
上午班機,TSA,上午抵達,0,0,1,1,1,0,2,1,1365,945,0.5468126,0.5891658,37,79845,74873.234,JFK
上午班機,TPE,下午抵達,1,1,2,1,1,0,1,1,70,1010,0.5468126,0.5891658,37,20731,22423.021,JFK
晚間班機,TPE,下午抵達,1,1,1,1,1,0,1,1,120,1445,0.5468126,0.5891658,78,44655,43563.1,JFK
晚間班機,TPE,下午抵達,0,0,5,1,1,0,1,1,1019,960,0.5468126,0.5891658,34,31237,32027.215,JFK
晚間班機,TPE,下午抵達,0,0,1,1,1,0,1,1,709,1001,0.5468126,0.5891658,54,23322,34296.613,JFK
晚間班機,TPE,下午抵達,0,0,5,1,1,0,1,1,959,960,0.5468126,0.5891658,34,27254,32410.47,JFK
早晨班機,TPE,晚間抵達,1,0,1,1,1,0,2,0,600,945,0.5468126,0.5891658,18,72888,72649.71,JFK
上午班機,TPE,下午抵達,1,1,2,1,1,0,1,1,65,999,0.5468126,0.5891658,29,21646,25814.209,JFK
晚間班機,TPE,下午抵達,0,0,1,1,1,0,1,1,836,953,0.5468126,0.5891658,62,27914,31583.21,JFK
上午班機,TPE,下午抵達,1,1,2,1,1,0,1,0,65,999,0.5468126,0.5891658,33,22855,25697.875,JFK
晚間班機,TPE,上午抵達,1,1,2,1,2,0,2,1,665,990,0.5468126,0.5891658,50,23554,27219.592,JFK
早晨班機,TSA,上午抵達,1,0,1,1,1,0,2,0,1470,945,0.5468126,0.5891658,19,41014,38390.4,JFK
晚間班機,TPE,下午抵達,0,0,1,1,1,0,1,1,699,1011,0.5468126,0.5891658,55,23510,34297.527,JFK
晚間班機,TPE,凌晨抵達,1,1,3,1,1,0,2,1,400,1050,0.5468126,0.5891658,63,26764,24604.363,JFK
晚間班機,TPE,下午抵達,1,1,3,1,1,0,2,1,670,1065,0.5468126,0.5891658,34,25071,25495.355,JFK
下午班機,TSA,上午抵達,0,0,2,1,2,0,2,1,885,990,0.5468126,0.5891658,57,126043,118709.21,JFK
上午班機,TPE,下午抵達,1,1,2,1,1,0,1,1,65,999,0.5468126,0.5891658,28,21113,25606.01,JFK
晚間班機,TPE,凌晨抵達,1,1,3,1,1,0,2,0,235,1055,0.5468126,0.5891658,66,28902,28928.424,JFK
下午班機,TPE,上午抵達,1,1,1,1,1,1,2,0,1010,990,0.5468126,0.5891658,50,35732,32898.562,JFK
晚間班機,TPE,下午抵達,0,0,1,1,0,0,1,1,699,1011,0.5468126,0.5891658,52,22421,28193.21,JFK
上午班機,TPE,晚間抵達,0,0,1,1,1,0,1,1,474,995,0.5468126,0.5891658,40,22271,35460.434,JFK
晚間班機,TPE,凌晨抵達,1,1,3,1,1,0,2,0,340,1050,0.5468126,0.5891658,73,23927,25294.432,JFK
上午班機,TPE,晚間抵達,1,1,2,1,1,0,1,1,455,999,0.5468126,0.5891658,33,21012,24358.994,JFK
晚間班機,TPE,下午抵達,0,0,2,1,1,0,1,1,689,1006,0.5468126,0.5891658,54,24423,32778.77,JFK
晚間班機,TPE,下午抵達,1,1,3,1,1,2,2,0,770,1065,0.5468126,0.5891658,41,27914,34359.11,JFK
晚間班機,TPE,下午抵達,1,1,3,1,1,0,2,0,770,1065,0.5468126,0.5891658,52,25868,23944.922,JFK
上午班機,TPE,晚間抵達,1,1,3,1,1,0,2,1,280,1055,0.5468126,0.5891658,28,22450,29837.066,JFK
上午班機,TPE,晚間抵達,1,1,3,1,1,0,2,0,210,1070,0.5468126,0.5891658,29,34283,33079.97,JFK
晚間班機,TPE,下午抵達,1,1,3,1,1,1,2,1,705,1065,0.5468126,0.5891658,63,22855,23308.445,JFK
上午班機,TPE,晚間抵達,1,1,3,1,1,0,2,1,305,960,0.5468126,0.5891658,29,37502,33375.188,JFK
上午班機,TSA,下午抵達,1,0,3,1,1,0,2,0,230,965,0.5468126,0.5891658,26,78665,63289.98,JFK
晚間班機,TPE,凌晨抵達,1,1,3,1,1,2,2,0,345,1050,0.5468126,0.5891658,43,48204,41681.81,JFK
晚間班機,TPE,下午抵達,0,0,2,1,1,0,1,1,831,963,0.5468126,0.5891658,67,39145,36045.574,JFK
下午班機,TPE,凌晨抵達,1,1,3,1,1,2,2,0,770,1050,0.5468126,0.5891658,34,50983,46207.77,JFK
下午班機,TPE,晚間抵達,0,0,5,1,1,2,2,1,140,1075,0.5468126,0.5891658,22,62357,67890.08,JFK
下午班機,TPE,下午抵達,1,0,2,1,1,2,2,1,1015,1020,0.5468126,0.5891658,59,45808,56065.875,JFK
晚間班機,TPE,下午抵達,1,0,2,1,1,0,1,0,340,1470,0.5468126,0.5891658,53,57020,71927.086,JFK
晚間班機,TPE,下午抵達,0,0,5,1,1,0,1,0,1019,960,0.5468126,0.5891658,54,28420,32794.09,JFK
凌晨班機,TPE,下午抵達,1,0,2,1,1,2,1,1,150,1413,0.5468126,0.5891658,8,56947,71503.73,JFK
凌晨班機,TPE,下午抵達,1,1,2,1,1,0,1,0,315,1390,0.5468126,0.5891658,11,59095,63684.992,JFK
晚間班機,TPE,下午抵達,1,1,3,1,1,0,2,0,770,1065,0.5468126,0.5891658,66,27894,27291.492,JFK
上午班機,TPE,下午抵達,0,0,1,1,1,0,1,0,141,999,0.5468126,0.5891658,33,27773,36734.73,JFK
晚間班機,TPE,下午抵達,1,1,3,1,1,2,2,0,670,1065,0.5468126,0.5891658,41,27548,35491.09,JFK
下午班機,TPE,下午抵達,1,1,3,1,1,0,2,1,1140,1065,0.5468126,0.5891658,52,22828,24990.791,JFK
上午班機,TPE,下午抵達,1,1,2,1,1,2,1,0,65,999,0.5468126,0.5891658,15,27215,44432.62,JFK
晚間班機,TPE,凌晨抵達,1,1,3,1,1,2,2,0,335,1050,0.5468126,0.5891658,43,46289,41789.477,JFK
凌晨班機,TPE,下午抵達,0,0,3,1,1,0,2,0,645,980,0.5468126,0.5891658,7,47571,44378.668,JFK
下午班機,TPE,晚間抵達,0,0,5,1,1,0,2,1,1695,1075,0.5468126,0.5891658,52,40386,40859.574,JFK
晚間班機,TPE,下午抵達,0,0,2,1,0,0,1,0,743,962,0.5468126,0.5891658,52,24223,34543.664,JFK
晚間班機,TPE,下午抵達,1,1,3,1,1,2,2,1,705,1065,0.5468126,0.5891658,52,26757,34289.484,JFK
晚間班機,TPE,凌晨抵達,1,1,3,1,1,0,2,1,335,1050,0.5468126,0.5891658,72,23728,24346.383,JFK
晚間班機,TPE,凌晨抵達,1,1,3,1,1,1,2,0,345,1050,0.5468126,0.5891658,59,22416,26381.676,JFK
下午班機,TSA,上午抵達,1,1,1,1,1,0,2,1,895,945,0.5468126,0.5891658,51,59907,41569.78,JFK
下午班機,TSA,晚間抵達,0,0,1,1,1,0,2,1,210,930,0.5468126,0.5891658,56,89901,101215.95,JFK
晚間班機,TPE,上午抵達,1,1,2,1,2,0,2,1,665,990,0.5468126,0.5891658,51,25203,27219.592,JFK
上午班機,TPE,凌晨抵達,1,1,3,1,1,0,2,1,930,1045,0.5468126,0.5891658,29,24880,24295.656,JFK
下午班機,TPE,下午抵達,1,1,3,1,1,2,2,0,935,1065,0.5468126,0.5891658,34,43389,43615.438,JFK
晚間班機,TPE,凌晨抵達,1,1,3,1,1,0,2,0,335,1050,0.5468126,0.5891658,66,28902,29116.613,JFK
晚間班機,TPE,下午抵達,1,1,3,1,1,0,2,1,715,1065,0.5468126,0.5891658,67,22876,24289.03,JFK
下午班機,TPE,凌晨抵達,1,1,3,1,1,0,2,1,770,1050,0.5468126,0.5891658,57,22348,23905.744,JFK
上午班機,TSA,上午抵達,0,0,1,1,1,0,2,1,1365,945,0.5468126,0.5891658,39,79103,74873.234,JFK
晚間班機,TPE,晚間抵達,1,1,3,1,1,0,2,1,1025,1065,0.5468126,0.5891658,62,32668,28816.271,JFK
上午班機,TSA,上午抵達,1,1,3,1,1,0,2,0,1305,945,0.5468126,0.5891658,26,27870,43025.395,JFK
下午班機,TSA,下午抵達,1,1,2,1,1,0,2,1,1000,990,0.5468126,0.5891658,62,45856,37322.914,JFK
上午班機,TSA,晚間抵達,1,1,3,1,1,2,2,1,385,945,0.5468126,0.5891658,27,52838,40352.504,JFK
下午班機,TPE,下午抵達,1,1,3,1,1,1,2,1,865,1065,0.5468126,0.5891658,64,22855,25050.018,JFK
下午班機,TSA,晚間抵達,1,1,1,1,1,0,2,1,135,930,0.5468126,0.5891658,55,39637,45952.527,JFK
上午班機,TPE,晚間抵達,1,1,3,1,1,0,2,1,280,1055,0.5468126,0.5891658,31,29440,30558.611,JFK
上午班機,TSA,晚間抵達,1,1,3,1,1,0,2,1,385,945,0.5468126,0.5891658,28,29117,36684.176,JFK
上午班機,TPE,晚間抵達,1,1,5,1,1,0,2,1,455,1070,0.5468126,0.5891658,33,42364,32288.514,JFK
下午班機,TPE,凌晨抵達,1,1,3,1,1,0,2,1,770,1050,0.5468126,0.5891658,62,22354,23773.465,JFK
上午班機,TSA,上午抵達,1,1,3,1,1,0,2,0,1305,945,0.5468126,0.5891658,30,58460,42636.77,JFK
下午班機,TSA,上午抵達,1,1,1,1,1,0,2,1,1085,955,0.5468126,0.5891658,47,51753,46566.59,JFK
早晨班機,TPE,凌晨抵達,1,1,3,1,1,0,2,1,1010,1055,0.5468126,0.5891658,15,22354,24115.316,JFK
下午班機,TPE,下午抵達,1,1,3,1,1,2,2,1,1085,1065,0.5468126,0.5891658,59,26788,34689.49,JFK
晚間班機,TSA,上午抵達,0,0,3,1,1,2,2,1,770,945,0.5468126,0.5891658,52,72479,48961.27,JFK
上午班機,TSA,晚間抵達,0,0,1,1,1,0,2,1,605,930,0.5468126,0.5891658,33,72914,79854.375,JFK
上午班機,TPE,晚間抵達,1,1,3,1,1,0,2,0,210,1070,0.5468126,0.5891658,37,23101,32495.8,JFK
晚間班機,TPE,晚間抵達,0,0,2,1,1,1,1,1,1011,963,0.5468126,0.5891658,63,30127,34009.914,JFK
上午班機,TPE,晚間抵達,1,1,3,1,1,0,2,0,210,1070,0.5468126,0.5891658,32,36398,33845.96,JFK
下午班機,TPE,凌晨抵達,1,1,3,1,1,0,2,1,655,1050,0.5468126,0.5891658,58,22345,25943.486,JFK
上午班機,TPE,早晨抵達,1,1,2,1,1,2,1,1,1010,1000,0.5468126,0.5891658,10,38401,35405.082,JFK
晚間班機,TPE,凌晨抵達,1,1,3,1,1,0,2,0,340,1050,0.5468126,0.5891658,71,25262,24763.479,JFK
晚間班機,TPE,下午抵達,0,0,1,1,1,0,1,1,836,953,0.5468126,0.5891658,67,29795,34327.21,JFK
下午班機,TPE,凌晨抵達,1,1,3,1,1,0,2,1,715,1050,0.5468126,0.5891658,59,22337,24253.383,JFK
晚間班機,TPE,晚間抵達,1,0,1,0,1,0,1,1,0,885,0.5468126,0.5891658,55,26366,30732.512,JFK
晚間班機,TPE,晚間抵達,0,0,2,1,1,2,1,0,1225,959,0.5468126,0.5891658,41,31215,41699.703,JFK
下午班機,TPE,晚間抵達,1,1,3,1,1,2,2,1,65,1060,0.5468126,0.5891658,34,77021,47087.168,JFK
晚間班機,TPE,下午抵達,0,0,1,1,1,0,1,1,776,953,0.5468126,0.5891658,71,27620,29670.072,JFK
下午班機,TSA,下午抵達,1,0,3,1,1,0,2,0,1305,965,0.5468126,0.5891658,58,41956,51792.43,JFK
晚間班機,TPE,下午抵達,0,0,1,1,0,0,1,1,919,1011,0.5468126,0.5891658,51,25256,28615.527,JFK
晚間班機,TPE,下午抵達,1,0,1,1,1,0,1,1,1030,938,0.5468126,0.5891658,67,65214,47563.508,JFK
晚間班機,TPE,下午抵達,0,0,2,1,1,1,1,0,701,994,0.5468126,0.5891658,59,24931,38519.53,JFK
晚間班機,TPE,下午抵達,1,1,3,1,1,0,2,1,670,1065,0.5468126,0.5891658,72,22842,23200.637,JFK
早晨班機,TSA,晚間抵達,1,0,1,1,1,0,2,1,710,930,0.5468126,0.5891658,16,72794,72130.83,JFK
下午班機,TSA,下午抵達,0,0,2,1,1,1,2,1,1140,1005,0.5468126,0.5891658,64,47750,55959.195,JFK
上午班機,TPE,早晨抵達,1,1,2,1,1,1,1,1,1010,1000,0.5468126,0.5891658,35,21413,23473.258,JFK
晚間班機,TPE,上午抵達,0,0,1,1,1,0,2,1,655,1000,0.5468126,0.5891658,63,72064,52727.152,JFK
下午班機,TSA,晚間抵達,1,1,1,1,1,0,2,1,135,930,0.5468126,0.5891658,57,35659,44871.24,JFK
下午班機,TPE,凌晨抵達,1,1,3,1,1,0,2,0,715,1050,0.5468126,0.5891658,58,22352,26385.979,JFK
下午班機,TSA,上午抵達,1,0,1,1,1,0,2,1,875,1000,0.5468126,0.5891658,58,48368,62425.027,JFK
晚間班機,TPE,晚間抵達,0,0,1,1,1,0,1,1,1016,953,0.5468126,0.5891658,64,26439,38834.055,JFK
晚間班機,TPE,凌晨抵達,1,1,3,1,1,0,2,1,235,1055,0.5468126,0.5891658,64,22348,25799.072,JFK
下午班機,TPE,晚間抵達,1,0,1,1,1,0,2,0,215,940,0.5468126,0.5891658,49,72982,70019.73,JFK
上午班機,TPE,晚間抵達,1,1,3,1,1,0,2,1,305,960,0.5468126,0.5891658,22,64117,36870.95,JFK
早晨班機,TPE,晚間抵達,1,0,1,1,1,0,2,1,655,945,0.5468126,0.5891658,17,73209,72710.99,JFK
下午班機,TPE,上午抵達,1,1,1,1,1,0,2,0,800,990,0.5468126,0.5891658,54,37255,35135.18,JFK
晚間班機,TPE,晚間抵達,0,0,2,1,0,0,1,0,1184,990,0.5468126,0.5891658,64,42720,44844.2,JFK
晚間班機,TPE,晚間抵達,0,0,1,1,1,0,1,0,1016,953,0.5468126,0.5891658,64,34942,39366.32,JFK
上午班機,TPE,晚間抵達,1,1,3,1,1,0,2,1,210,1070,0.5468126,0.5891658,40,27358,29155.959,JFK
晚間班機,TPE,下午抵達,0,0,1,1,0,0,1,1,931,999,0.5468126,0.5891658,67,29683,36639.875,JFK
上午班機,TSA,晚間抵達,0,0,3,1,1,0,2,0,415,945,0.5468126,0.5891658,33,60393,66016.516,JFK
下午班機,TSA,晚間抵達,1,0,1,1,1,0,2,1,1595,930,0.5468126,0.5891658,61,42767,47223.84,JFK
晚間班機,TPE,凌晨抵達,1,1,3,1,1,0,2,0,400,1050,0.5468126,0.5891658,73,30308,25800.867,JFK
上午班機,TSA,晚間抵達,1,1,3,1,1,0,2,1,385,945,0.5468126,0.5891658,24,71228,37396.883,JFK
晚間班機,TPE,下午抵達,1,1,3,1,1,0,2,1,715,1065,0.5468126,0.5891658,65,23459,24930.85,JFK
晚間班機,TPE,下午抵達,1,1,3,1,1,2,2,1,715,1065,0.5468126,0.5891658,36,65706,45212.695,JFK
凌晨班機,TPE,晚間抵達,1,1,2,1,1,2,1,0,530,1385,0.5468126,0.5891658,6,58771,63797.754,JFK
晚間班機,TPE,晚間抵達,0,0,1,1,1,0,1,0,956,953,0.5468126,0.5891658,73,25954,33051.496,JFK
下午班機,TSA,上午抵達,1,1,3,1,1,0,2,1,940,945,0.5468126,0.5891658,59,30719,36963.44,JFK
晚間班機,TPE,凌晨抵達,1,1,3,1,1,0,2,0,275,1050,0.5468126,0.5891658,73,23927,25377.82,JFK
晚間班機,TPE,晚間抵達,1,1,3,1,1,0,2,1,1025,1065,0.5468126,0.5891658,77,22852,30667.336,JFK
晚間班機,TPE,晚間抵達,0,0,1,1,0,0,1,1,1016,953,0.5468126,0.5891658,76,25367,28467.152,JFK
下午班機,TSA,晚間抵達,1,0,1,1,1,2,2,1,155,930,0.5468126,0.5891658,37,51641,60942.188,JFK
下午班機,TPE,晚間抵達,1,1,2,1,2,0,2,1,220,985,0.5468126,0.5891658,56,22972,28424.965,JFK
晚間班機,TSA,上午抵達,1,1,2,1,1,0,2,1,655,975,0.5468126,0.5891658,54,28010,31612.352,JFK
上午班機,TPE,晚間抵達,1,1,2,1,1,1,1,1,455,999,0.5468126,0.5891658,35,21721,23274.68,JFK
下午班機,TPE,晚間抵達,1,1,3,1,1,2,2,1,120,1060,0.5468126,0.5891658,59,34387,39089.18,JFK
上午班機,TPE,凌晨抵達,1,1,3,1,1,0,2,1,860,1060,0.5468126,0.5891658,24,22351,24065.69,JFK
上午班機,TPE,下午抵達,0,0,1,1,1,0,1,1,167,1002,0.5468126,0.5891658,14,25309,36795.703,JFK
下午班機,TPE,上午抵達,1,1,1,1,1,2,2,1,1010,990,0.5468126,0.5891658,37,49450,42758.973,JFK
凌晨班機,TPE,晚間抵達,1,1,2,1,1,0,1,0,530,1385,0.5468126,0.5891658,11,57874,65312.63,JFK
下午班機,TPE,晚間抵達,1,1,2,1,2,0,2,1,220,985,0.5468126,0.5891658,60,25672,27635.627,JFK
晚間班機,TPE,晚間抵達,0,0,1,1,1,0,1,1,1016,953,0.5468126,0.5891658,67,28868,37887.62,JFK
下午班機,TPE,上午抵達,1,1,2,1,2,0,2,1,1090,985,0.5468126,0.5891658,57,23759,29652.646,JFK
上午班機,TPE,晚間抵達,1,1,3,1,1,0,2,0,305,960,0.5468126,0.5891658,29,33566,36663.75,JFK
早晨班機,TPE,凌晨抵達,1,1,3,1,1,0,2,1,1010,1055,0.5468126,0.5891658,16,22348,24115.316,JFK
晚間班機,TPE,下午抵達,0,0,2,1,1,0,1,1,867,1007,0.5468126,0.5891658,51,23299,31282.238,JFK
下午班機,TPE,上午抵達,0,0,3,1,1,0,2,1,880,955,0.5468126,0.5891658,56,42166,35656.242,JFK
下午班機,TPE,凌晨抵達,1,1,3,1,1,0,2,1,495,1050,0.5468126,0.5891658,52,22355,25757.031,JFK
上午班機,TSA,上午抵達,0,0,3,1,1,0,2,1,1335,945,0.5468126,0.5891658,31,42239,59172.992,JFK
下午班機,TSA,上午抵達,1,0,1,1,1,0,2,1,915,945,0.5468126,0.5891658,52,84006,68325.66,JFK
上午班機,TPE,晚間抵達,1,1,3,1,1,1,2,0,305,960,0.5468126,0.5891658,32,31822,36628.59,JFK
下午班機,TPE,上午抵達,1,0,1,1,1,0,2,1,905,1000,0.5468126,0.5891658,56,36611,38122.637,JFK
早晨班機,TPE,晚間抵達,0,0,3,1,1,0,2,0,435,1055,0.5468126,0.5891658,17,94255,81793.555,JFK
晚間班機,TPE,上午抵達,1,1,2,1,2,0,2,1,665,990,0.5468126,0.5891658,60,27044,28003.111,JFK
凌晨班機,TPE,下午抵達,0,0,5,1,1,2,1,1,867,987,0.5468126,0.5891658,5,39406,39265.31,JFK
早晨班機,TPE,晚間抵達,1,0,1,1,1,2,2,1,655,945,0.5468126,0.5891658,17,73205,80820.34,JFK
晚間班機,TPE,下午抵達,1,1,3,1,1,0,2,0,715,1065,0.5468126,0.5891658,53,22861,24279.395,JFK
下午班機,TPE,晚間抵達,1,1,3,1,1,0,2,1,65,1060,0.5468126,0.5891658,56,27416,27905.455,JFK
晚間班機,TPE,下午抵達,1,0,1,1,1,2,1,1,1030,938,0.5468126,0.5891658,61,45283,53371.137,JFK
晚間班機,TPE,晚間抵達,1,1,1,1,1,0,1,1,790,1435,0.5468126,0.5891658,64,46241,49062.605,JFK
上午班機,TPE,晚間抵達,1,1,2,1,1,0,1,1,474,1011,0.5468126,0.5891658,37,20715,23521.506,JFK
晚間班機,TPE,上午抵達,1,1,1,1,1,0,1,1,120,1445,0.5468126,0.5891658,54,43636,44226.227,JFK
下午班機,TSA,上午抵達,1,1,1,1,1,0,2,1,895,945,0.5468126,0.5891658,62,29657,39396.707,JFK
下午班機,TSA,晚間抵達,1,1,1,1,1,1,2,1,1575,930,0.5468126,0.5891658,64,39667,36624.258,JFK
下午班機,TSA,晚間抵達,1,1,1,1,1,0,2,1,325,940,0.5468126,0.5891658,52,31669,45646.297,JFK
晚間班機,TSA,上午抵達,0,0,3,1,1,0,2,1,770,945,0.5468126,0.5891658,51,41622,55493.484,JFK
下午班機,TSA,晚間抵達,1,0,1,1,1,0,2,1,1595,930,0.5468126,0.5891658,59,41929,46851.28,JFK
下午班機,TSA,上午抵達,1,1,3,1,1,0,2,1,940,945,0.5468126,0.5891658,33,55286,43181.766,JFK
晚間班機,TSA,上午抵達,0,0,3,1,1,0,2,1,770,945,0.5468126,0.5891658,54,42316,52168.445,JFK
晚間班機,TPE,晚間抵達,1,1,3,1,1,0,2,1,1090,1060,0.5468126,0.5891658,63,29040,29111.92,JFK
晚間班機,TPE,上午抵達,0,0,1,1,1,0,2,1,655,1000,0.5468126,0.5891658,52,72066,52905.664,JFK
凌晨班機,TPE,晚間抵達,1,1,2,1,1,0,1,0,530,1385,0.5468126,0.5891658,6,58356,63415.23,JFK
晚間班機,TPE,下午抵達,0,0,1,1,0,1,1,1,836,953,0.5468126,0.5891658,63,28518,29422.918,JFK
早晨班機,TPE,晚間抵達,1,0,1,1,1,0,2,1,655,945,0.5468126,0.5891658,15,72897,72873.78,JFK
下午班機,TPE,下午抵達,1,1,3,1,1,0,2,1,935,1065,0.5468126,0.5891658,58,22913,22864.664,JFK
晚間班機,TPE,下午抵達,1,1,3,1,1,2,2,0,715,1065,0.5468126,0.5891658,41,27468,34839.047,JFK
上午班機,TPE,下午抵達,1,1,2,1,1,2,1,1,65,999,0.5468126,0.5891658,11,30242,36334.008,JFK
晚間班機,TSA,晚間抵達,0,0,1,1,1,0,2,0,1480,930,0.5468126,0.5891658,73,188377,163000.16,JFK
晚間班機,TPE,凌晨抵達,1,1,3,1,1,0,2,1,285,1050,0.5468126,0.5891658,77,22345,25391.861,JFK
下午班機,TPE,晚間抵達,0,0,5,1,1,2,2,1,255,1075,0.5468126,0.5891658,50,48672,66136.69,JFK
晚間班機,TPE,下午抵達,1,1,3,1,1,0,2,1,715,1065,0.5468126,0.5891658,77,22852,24643.557,JFK
晚間班機,TPE,下午抵達,1,1,3,1,1,2,2,1,705,1065,0.5468126,0.5891658,38,43697,43280.844,JFK
上午班機,TPE,凌晨抵達,1,1,3,1,1,0,2,0,915,1060,0.5468126,0.5891658,35,25027,24835.332,JFK
晚間班機,TPE,晚間抵達,1,0,1,0,1,0,1,1,0,885,0.5468126,0.5891658,63,26817,28600.959,JFK
晚間班機,TPE,下午抵達,1,1,3,1,1,0,2,1,705,1065,0.5468126,0.5891658,51,22889,23354.193,JFK
早晨班機,TPE,晚間抵達,1,1,3,1,1,1,2,0,360,1065,0.5468126,0.5891658,18,27504,30378.018,JFK
下午班機,TPE,上午抵達,1,1,2,1,2,0,2,1,1090,985,0.5468126,0.5891658,59,24885,29488.57,JFK
下午班機,TSA,晚間抵達,1,1,3,1,1,0,2,1,1460,945,0.5468126,0.5891658,58,45102,34399.01,JFK
晚間班機,TPE,下午抵達,1,1,3,1,1,0,2,1,715,1065,0.5468126,0.5891658,53,22859,23340.922,JFK
凌晨班機,TPE,下午抵達,0,0,3,1,1,0,2,1,645,980,0.5468126,0.5891658,8,47682,39525.074,JFK
晚間班機,TPE,凌晨抵達,1,1,3,1,1,0,2,0,335,1050,0.5468126,0.5891658,53,24243,26844.105,JFK
上午班機,TSA,下午抵達,1,0,3,1,1,1,2,1,230,965,0.5468126,0.5891658,35,72792,58730.527,JFK
早晨班機,TPE,晚間抵達,1,0,1,1,1,0,2,1,600,945,0.5468126,0.5891658,16,72900,70807.28,JFK
下午班機,TSA,上午抵達,1,1,1,1,1,0,2,0,895,945,0.5468126,0.5891658,58,40026,45434.18,JFK
晚間班機,TPE,晚間抵達,1,1,1,1,1,2,1,1,790,1435,0.5468126,0.5891658,46,55958,60918.477,JFK
凌晨班機,TPE,下午抵達,0,0,5,1,1,0,1,0,778,986,0.5468126,0.5891658,6,28712,34591.004,JFK
晚間班機,TPE,下午抵達,1,1,3,1,1,0,2,1,770,1065,0.5468126,0.5891658,34,25046,24999.303,JFK
下午班機,TSA,上午抵達,1,0,1,1,1,2,2,1,915,945,0.5468126,0.5891658,50,72895,71363.94,JFK
下午班機,TPE,凌晨抵達,1,1,3,1,1,0,2,1,715,1050,0.5468126,0.5891658,33,23461,26758.834,JFK
晚間班機,TSA,晚間抵達,0,0,1,1,1,0,2,0,1480,930,0.5468126,0.5891658,64,195436,193350.5,JFK
上午班機,TPE,晚間抵達,1,1,2,1,1,0,1,0,455,1002,0.5468126,0.5891658,37,21182,23655.36,JFK
晚間班機,TPE,下午抵達,0,0,5,1,1,0,1,1,1021,958,0.5468126,0.5891658,51,31521,28463.623,JFK
晚間班機,TPE,下午抵達,0,0,1,1,1,1,1,1,931,999,0.5468126,0.5891658,63,26672,37874.723,JFK
晚間班機,TPE,下午抵達,1,1,3,1,1,0,2,1,670,1065,0.5468126,0.5891658,53,22860,23476.145,JFK
上午班機,TPE,晚間抵達,1,1,1,1,1,0,1,1,1245,1430,0.5468126,0.5891658,35,45037,43181.066,JFK
晚間班機,TPE,下午抵達,0,0,1,1,1,2,1,1,887,1002,0.5468126,0.5891658,52,29577,45896.027,JFK
下午班機,TPE,凌晨抵達,1,1,3,1,1,0,2,1,565,1050,0.5468126,0.5891658,55,29692,24637.871,JFK
上午班機,TSA,晚間抵達,1,1,3,1,1,0,2,1,385,945,0.5468126,0.5891658,40,29280,35408.09,JFK
上午班機,TPE,晚間抵達,1,1,2,1,1,2,1,0,453,1001,0.5468126,0.5891658,15,29739,40056.344,JFK
晚間班機,TPE,下午抵達,1,1,3,1,1,0,2,1,670,1065,0.5468126,0.5891658,74,22842,23236.111,JFK
晚間班機,TPE,晚間抵達,1,1,5,1,1,0,2,1,1200,1075,0.5468126,0.5891658,57,39384,32973.195,JFK
上午班機,TSA,晚間抵達,0,0,3,1,1,0,2,1,415,945,0.5468126,0.5891658,35,48271,52786.977,JFK
晚間班機,TPE,上午抵達,1,1,1,1,1,0,1,1,120,1445,0.5468126,0.5891658,53,43843,44226.227,JFK
上午班機,TPE,晚間抵達,1,1,5,1,1,0,2,1,1895,1070,0.5468126,0.5891658,22,48340,32616.426,JFK
上午班機,TPE,凌晨抵達,1,1,3,1,1,0,2,1,860,1060,0.5468126,0.5891658,14,23126,24259.744,JFK
下午班機,TSA,下午抵達,1,1,2,1,1,0,2,0,1000,990,0.5468126,0.5891658,65,39261,46665.996,JFK
下午班機,TSA,下午抵達,1,0,3,1,1,0,2,1,1305,965,0.5468126,0.5891658,56,55453,43897.87,JFK
下午班機,TSA,晚間抵達,1,0,1,1,1,2,2,1,1595,930,0.5468126,0.5891658,50,49150,49351.215,JFK
下午班機,TPE,晚間抵達,1,0,1,1,1,0,2,1,215,940,0.5468126,0.5891658,56,72888,63176.246,JFK
下午班機,TPE,上午抵達,1,0,1,1,1,2,2,1,905,1000,0.5468126,0.5891658,22,65247,59690.074,JFK
晚間班機,TPE,凌晨抵達,1,1,3,1,1,0,2,1,335,1050,0.5468126,0.5891658,50,25583,23964.66,JFK
上午班機,TPE,晚間抵達,1,1,3,1,1,0,2,0,210,1070,0.5468126,0.5891658,35,31353,32223.635,JFK
上午班機,TPE,晚間抵達,1,1,5,1,1,0,2,1,1895,1070,0.5468126,0.5891658,33,30143,30874.08,JFK
上午班機,TPE,晚間抵達,1,1,3,1,1,0,2,1,210,1070,0.5468126,0.5891658,35,30313,28911.764,JFK
上午班機,TSA,上午抵達,1,0,1,1,1,0,2,1,1260,1000,0.5468126,0.5891658,35,70167,61068.32,JFK
下午班機,TPE,上午抵達,1,1,1,1,1,0,2,1,1010,990,0.5468126,0.5891658,52,24752,31765.395,JFK
早晨班機,TPE,晚間抵達,0,0,3,1,1,2,2,1,450,1055,0.5468126,0.5891658,16,94160,106508.836,JFK
下午班機,TPE,凌晨抵達,1,1,3,1,1,0,2,1,770,1050,0.5468126,0.5891658,55,23814,24481.826,JFK
上午班機,TSA,下午抵達,1,0,3,1,1,0,2,1,230,965,0.5468126,0.5891658,30,61302,60669.81,JFK
晚間班機,TPE,凌晨抵達,1,1,3,1,1,2,2,1,235,1055,0.5468126,0.5891658,52,75941,38014.95,JFK
晚間班機,TPE,晚間抵達,1,1,1,1,1,2,1,1,550,1430,0.5468126,0.5891658,43,63933,56028.562,JFK
晚間班機,TPE,下午抵達,1,0,2,1,1,0,1,1,175,1487,0.5468126,0.5891658,52,72911,75238.43,JFK
晚間班機,TPE,下午抵達,0,0,5,1,0,0,1,0,1019,960,0.5468126,0.5891658,53,31587,31686.03,JFK
晚間班機,TPE,下午抵達,1,1,3,1,1,0,2,1,770,1065,0.5468126,0.5891658,52,22860,23019.377,JFK
晚間班機,TPE,下午抵達,1,1,3,1,1,0,2,1,705,1065,0.5468126,0.5891658,67,22876,24289.03,JFK
晚間班機,TPE,下午抵達,0,0,2,1,0,0,1,1,851,994,0.5468126,0.5891658,65,29958,43256.62,JFK
上午班機,TPE,晚間抵達,1,1,3,1,1,0,2,0,280,1055,0.5468126,0.5891658,35,31353,31427.627,JFK
上午班機,TPE,凌晨抵達,1,1,3,1,1,0,2,1,860,1060,0.5468126,0.5891658,30,29661,24278.074,JFK
晚間班機,TPE,晚間抵達,1,1,1,1,1,0,1,0,530,1430,0.5468126,0.5891658,73,49092,43203.23,JFK
晚間班機,TPE,下午抵達,1,0,1,1,1,2,1,1,1030,938,0.5468126,0.5891658,38,50581,54780.93,JFK
下午班機,TSA,上午抵達,1,0,1,1,1,2,2,1,915,945,0.5468126,0.5891658,37,77188,68475.43,JFK
上午班機,TPE,早晨抵達,1,1,2,1,1,1,1,0,1010,1000,0.5468126,0.5891658,33,21138,25147.057,JFK
晚間班機,TPE,晚間抵達,1,1,3,1,1,0,2,0,1125,1060,0.5468126,0.5891658,78,27941,29590.016,JFK
下午班機,TPE,晚間抵達,1,1,3,1,1,0,2,1,120,1060,0.5468126,0.5891658,47,24061,28873.326,JFK
早晨班機,TPE,晚間抵達,1,1,3,1,1,0,2,0,360,1065,0.5468126,0.5891658,14,35002,30286.605,JFK
晚間班機,TPE,晚間抵達,1,1,3,1,1,2,2,1,1025,1065,0.5468126,0.5891658,61,26757,40995.562,JFK
晚間班機,TPE,下午抵達,0,0,2,1,1,0,1,1,831,963,0.5468126,0.5891658,73,29195,31594.508,JFK
晚間班機,TPE,下午抵達,1,0,1,1,1,0,1,1,1020,940,0.5468126,0.5891658,70,67596,42659.953,JFK
上午班機,TPE,晚間抵達,1,1,3,1,1,0,2,0,305,960,0.5468126,0.5891658,35,47601,34987.72,JFK
上午班機,TSA,晚間抵達,0,0,3,1,1,0,2,1,415,945,0.5468126,0.5891658,29,57076,55599.695,JFK
上午班機,TSA,晚間抵達,0,0,3,1,1,0,2,1,415,945,0.5468126,0.5891658,33,72027,55246.14,JFK
晚間班機,TPE,晚間抵達,1,1,1,1,1,0,1,1,790,1435,0.5468126,0.5891658,52,43633,44252.555,JFK
上午班機,TPE,下午抵達,1,1,2,1,1,0,1,0,65,999,0.5468126,0.5891658,29,21266,27307.191,JFK
上午班機,TPE,晚間抵達,1,1,3,1,1,0,2,1,265,1070,0.5468126,0.5891658,37,27448,28368.904,JFK
晚間班機,TPE,下午抵達,0,0,1,1,0,2,1,1,887,1002,0.5468126,0.5891658,61,30302,40883.426,JFK
晚間班機,TPE,下午抵達,0,0,1,1,1,0,1,1,711,999,0.5468126,0.5891658,74,22875,37062.312,JFK
下午班機,TSA,晚間抵達,1,1,1,1,1,0,2,1,325,940,0.5468126,0.5891658,65,37127,49860.82,JFK
晚間班機,TPE,下午抵達,0,0,1,1,1,2,1,0,887,1002,0.5468126,0.5891658,41,34316,47590.188,JFK
下午班機,TSA,上午抵達,0,0,1,1,1,0,2,1,970,945,0.5468126,0.5891658,59,83480,73600.94,JFK
凌晨班機,TPE,下午抵達,1,0,2,1,1,0,1,1,150,1392,0.5468126,0.5891658,12,57506,77563.74,JFK
上午班機,TPE,晚間抵達,1,1,3,1,1,1,2,0,210,1070,0.5468126,0.5891658,32,30470,32950.246,JFK
下午班機,TPE,上午抵達,1,0,1,1,1,0,2,1,905,1000,0.5468126,0.5891658,57,35346,38122.637,JFK
晚間班機,TPE,凌晨抵達,1,1,3,1,1,0,2,1,235,1055,0.5468126,0.5891658,63,25039,24505.0,JFK
晚間班機,TPE,晚間抵達,1,1,1,1,1,2,1,1,550,1430,0.5468126,0.5891658,46,59631,59994.66,JFK
晚間班機,TPE,下午抵達,1,1,3,1,1,1,2,0,705,1065,0.5468126,0.5891658,59,22859,24633.594,JFK
晚間班機,TPE,凌晨抵達,1,1,3,1,1,0,2,1,300,1050,0.5468126,0.5891658,63,26457,25964.354,JFK
下午班機,TSA,下午抵達,1,0,2,1,1,0,2,1,1275,1000,0.5468126,0.5891658,64,41624,45118.535,JFK
下午班機,TPE,下午抵達,1,1,3,1,1,2,2,1,865,1065,0.5468126,0.5891658,59,26757,32816.867,JFK
晚間班機,TSA,上午抵達,0,0,3,1,1,0,2,1,770,945,0.5468126,0.5891658,34,76634,59526.293,JFK
下午班機,TPE,晚間抵達,0,0,2,1,2,0,2,1,205,985,0.5468126,0.5891658,60,32385,41912.29,JFK
下午班機,TPE,晚間抵達,1,1,3,1,1,0,2,1,120,1060,0.5468126,0.5891658,51,26323,27332.674,JFK
晚間班機,TPE,凌晨抵達,1,1,3,1,1,0,2,0,345,1050,0.5468126,0.5891658,64,30515,28726.434,JFK
下午班機,TPE,上午抵達,1,1,2,1,2,2,2,1,1090,985,0.5468126,0.5891658,37,55606,47195.656,JFK
晚間班機,TSA,晚間抵達,0,0,3,1,1,0,2,1,1290,945,0.5468126,0.5891658,60,46132,51517.79,JFK
下午班機,TPE,凌晨抵達,1,1,3,1,1,0,2,1,495,1050,0.5468126,0.5891658,47,22384,28040.043,JFK
下午班機,TPE,凌晨抵達,1,1,3,1,1,0,2,0,770,1050,0.5468126,0.5891658,49,30515,24972.541,JFK
上午班機,TPE,晚間抵達,1,1,2,1,1,1,1,0,455,999,0.5468126,0.5891658,32,21751,26552.234,JFK
上午班機,TPE,凌晨抵達,1,1,3,1,1,0,2,1,930,1045,0.5468126,0.5891658,40,22335,23642.707,JFK
上午班機,TPE,晚間抵達,1,1,3,1,1,0,2,1,280,1055,0.5468126,0.5891658,39,23661,29727.824,JFK
早晨班機,TSA,上午抵達,1,0,1,1,1,2,2,1,1470,945,0.5468126,0.5891658,7,35763,37296.406,JFK
晚間班機,TPE,下午抵達,0,0,1,1,0,0,1,1,861,999,0.5468126,0.5891658,74,22875,33895.87,JFK
晚間班機,TPE,凌晨抵達,1,1,3,1,1,0,2,1,345,1050,0.5468126,0.5891658,60,26120,24272.52,JFK
上午班機,TPE,晚間抵達,1,1,2,1,1,0,1,1,455,1002,0.5468126,0.5891658,30,21264,23333.111,JFK
晚間班機,TPE,下午抵達,1,0,1,1,1,0,1,0,1030,938,0.5468126,0.5891658,52,50604,45915.293,JFK
晚間班機,TPE,早晨抵達,0,0,5,1,0,0,1,0,465,944,0.5468126,0.5891658,71,25657,31723.312,JFK
晚間班機,TPE,下午抵達,1,1,3,1,1,0,2,1,605,1070,0.5468126,0.5891658,67,22876,24133.031,JFK
凌晨班機,TPE,下午抵達,0,0,5,1,1,0,1,1,689,986,0.5468126,0.5891658,9,23461,33174.215,JFK
晚間班機,TPE,下午抵達,0,0,5,1,1,0,1,0,1021,958,0.5468126,0.5891658,78,28778,31464.545,JFK
下午班機,TPE,上午抵達,1,1,1,1,1,0,2,1,1010,970,0.5468126,0.5891658,58,23422,26735.393,JFK
晚間班機,TPE,下午抵達,0,0,1,1,1,0,1,1,836,953,0.5468126,0.5891658,63,34982,31570.742,JFK
晚間班機,TPE,下午抵達,0,0,1,1,0,0,1,1,651,999,0.5468126,0.5891658,77,24777,33918.375,JFK
上午班機,TPE,晚間抵達,1,1,3,1,1,0,2,1,305,960,0.5468126,0.5891658,28,31755,33106.008,JFK
下午班機,TSA,上午抵達,1,0,1,1,1,0,2,0,915,945,0.5468126,0.5891658,49,84969,71402.734,JFK
下午班機,TPE,下午抵達,1,1,3,1,1,0,2,1,865,1065,0.5468126,0.5891658,56,22840,24451.492,JFK
晚間班機,TPE,下午抵達,1,1,3,1,1,0,2,1,605,1070,0.5468126,0.5891658,63,22913,23158.744,JFK
晚間班機,TPE,下午抵達,1,1,3,1,1,0,2,1,715,1065,0.5468126,0.5891658,52,22860,23340.922,JFK
上午班機,TPE,晚間抵達,1,1,3,1,1,0,2,1,280,1055,0.5468126,0.5891658,22,26254,32760.143,JFK
晚間班機,TPE,下午抵達,1,1,3,1,1,0,2,1,705,1065,0.5468126,0.5891658,76,22843,23059.654,JFK
晚間班機,TPE,上午抵達,0,0,1,1,1,0,2,1,655,1000,0.5468126,0.5891658,50,72062,51987.26,JFK
晚間班機,TPE,下午抵達,0,0,1,1,1,0,1,1,931,999,0.5468126,0.5891658,55,26559,40651.977,JFK
早晨班機,TPE,晚間抵達,1,0,2,1,2,0,2,0,490,985,0.5468126,0.5891658,19,52958,61696.445,JFK
凌晨班機,TPE,晚間抵達,1,1,2,1,1,0,1,0,530,1385,0.5468126,0.5891658,12,56990,64275.94,JFK
下午班機,TPE,晚間抵達,1,1,2,1,2,2,2,0,220,985,0.5468126,0.5891658,39,51760,51697.09,JFK
下午班機,TPE,下午抵達,1,1,3,1,1,2,2,1,865,1065,0.5468126,0.5891658,50,26757,32890.47,JFK
上午班機,TPE,下午抵達,0,0,1,1,0,0,1,0,1508,1011,0.5468126,0.5891658,29,27905,33108.188,JFK
下午班機,TPE,下午抵達,1,0,2,1,1,0,2,1,1015,1020,0.5468126,0.5891658,64,39094,45048.54,JFK
晚間班機,TPE,上午抵達,1,1,1,1,1,2,1,1,120,1445,0.5468126,0.5891658,61,46723,53138.473,JFK
上午班機,TPE,晚間抵達,1,1,5,1,1,0,2,1,455,1070,0.5468126,0.5891658,35,30918,31577.879,JFK
晚間班機,TPE,晚間抵達,1,0,1,0,1,2,1,1,0,885,0.5468126,0.5891658,38,36252,41147.188,JFK
下午班機,TPE,凌晨抵達,0,0,3,1,1,2,2,1,530,1045,0.5468126,0.5891658,37,94106,79298.4,JFK
下午班機,TSA,上午抵達,1,1,1,1,1,0,2,0,895,945,0.5468126,0.5891658,48,26726,46184.594,JFK
下午班機,TPE,晚間抵達,1,0,1,1,1,0,2,1,215,940,0.5468126,0.5891658,52,72897,63292.758,JFK
晚間班機,TPE,下午抵達,1,1,3,1,1,0,2,0,715,1065,0.5468126,0.5891658,57,22856,24586.02,JFK
晚間班機,TPE,凌晨抵達,1,1,3,1,1,2,2,1,235,1055,0.5468126,0.5891658,43,55232,51749.87,JFK
凌晨班機,TPE,下午抵達,0,0,5,1,1,1,1,0,851,974,0.5468126,0.5891658,7,29655,38663.363,JFK
下午班機,TPE,晚間抵達,1,1,3,1,1,0,2,0,120,1060,0.5468126,0.5891658,49,36398,30725.682,JFK
上午班機,TPE,晚間抵達,1,1,3,1,1,0,2,1,305,960,0.5468126,0.5891658,26,32425,32562.44,JFK
早晨班機,TPE,晚間抵達,0,0,3,1,1,2,2,0,380,1060,0.5468126,0.5891658,9,93610,117924.44,JFK
凌晨班機,TPE,下午抵達,1,0,2,1,1,2,1,1,150,1413,0.5468126,0.5891658,7,56917,70736.484,JFK
晚間班機,TSA,上午抵達,0,0,3,1,1,0,2,1,770,945,0.5468126,0.5891658,64,55829,59643.754,JFK
晚間班機,TPE,下午抵達,0,0,1,1,1,1,1,0,711,999,0.5468126,0.5891658,58,30722,38830.535,JFK
晚間班機,TPE,晚間抵達,1,1,3,1,1,0,2,0,1090,1060,0.5468126,0.5891658,52,34485,29302.588,JFK
早晨班機,TPE,晚間抵達,1,1,3,1,1,0,2,0,360,1065,0.5468126,0.5891658,15,27928,30519.555,JFK
晚間班機,TPE,凌晨抵達,1,1,3,1,1,0,2,0,345,1050,0.5468126,0.5891658,53,24460,26774.943,JFK
上午班機,TSA,上午抵達,1,1,3,1,1,0,2,1,1305,945,0.5468126,0.5891658,31,35227,38587.773,JFK
上午班機,TSA,上午抵達,0,0,1,1,1,0,2,1,1365,945,0.5468126,0.5891658,28,82271,75889.97,JFK
晚間班機,TPE,凌晨抵達,1,1,3,1,1,0,2,0,235,1055,0.5468126,0.5891658,57,26302,27637.867,JFK
晚間班機,TPE,晚間抵達,1,0,1,0,1,2,1,0,0,885,0.5468126,0.5891658,43,41821,39335.887,JFK
下午班機,TSA,上午抵達,1,0,1,1,1,0,2,1,950,1000,0.5468126,0.5891658,57,48374,51530.617,JFK
晚間班機,TPE,下午抵達,1,1,3,1,1,0,2,0,770,1065,0.5468126,0.5891658,64,25337,25688.832,JFK
下午班機,TPE,上午抵達,1,1,2,1,2,0,2,0,1090,985,0.5468126,0.5891658,54,46924,33400.438,JFK
下午班機,TPE,下午抵達,1,1,3,1,1,0,2,1,865,1065,0.5468126,0.5891658,61,22841,24316.193,JFK
下午班機,TSA,上午抵達,1,1,1,1,1,1,2,0,895,945,0.5468126,0.5891658,50,58293,47023.535,JFK
上午班機,TPE,凌晨抵達,1,1,3,1,1,0,2,1,930,1045,0.5468126,0.5891658,24,22384,24256.69,JFK
晚間班機,TPE,下午抵達,1,1,3,1,1,2,2,1,770,1065,0.5468126,0.5891658,43,43942,41141.066,JFK
晚間班機,TPE,上午抵達,1,1,1,1,1,0,1,1,120,1445,0.5468126,0.5891658,34,46372,46270.477,JFK
下午班機,TPE,晚間抵達,0,0,5,1,1,0,2,1,1695,1075,0.5468126,0.5891658,51,48416,40859.574,JFK
晚間班機,TPE,下午抵達,0,0,1,1,0,0,1,0,931,999,0.5468126,0.5891658,78,28098,35806.285,JFK
晚間班機,TPE,下午抵達,0,0,1,1,0,0,1,1,651,999,0.5468126,0.5891658,78,23924,32827.414,JFK
晚間班機,TPE,凌晨抵達,1,1,3,1,1,0,2,1,335,1050,0.5468126,0.5891658,54,22385,24332.64,JFK
下午班機,TSA,晚間抵達,1,1,3,1,1,0,2,1,1460,945,0.5468126,0.5891658,33,54672,50591.816,JFK
下午班機,TSA,晚間抵達,1,0,1,1,1,0,2,1,155,930,0.5468126,0.5891658,55,44160,57307.95,JFK
上午班機,TPE,下午抵達,0,0,1,1,1,2,1,1,167,1002,0.5468126,0.5891658,12,34449,49431.996,JFK
晚間班機,TPE,上午抵達,0,0,1,1,1,0,2,1,655,1000,0.5468126,0.5891658,54,72066,52905.664,JFK
晚間班機,TPE,上午抵達,1,1,1,1,1,0,1,0,120,1445,0.5468126,0.5891658,57,43629,47688.14,JFK
晚間班機,TPE,上午抵達,0,0,1,1,1,0,2,1,655,980,0.5468126,0.5891658,71,72144,42887.496,JFK
上午班機,TSA,晚間抵達,0,0,3,1,1,0,2,1,415,945,0.5468126,0.5891658,28,53333,55151.28,JFK
晚間班機,TPE,下午抵達,0,0,1,1,0,0,1,1,816,953,0.5468126,0.5891658,76,27003,29046.414,JFK
下午班機,TPE,上午抵達,1,1,1,1,1,2,2,0,1010,990,0.5468126,0.5891658,34,51811,54481.867,JFK
下午班機,TPE,晚間抵達,1,0,1,1,1,0,2,1,215,940,0.5468126,0.5891658,33,72869,70028.81,JFK
早晨班機,TSA,上午抵達,1,0,1,1,1,0,2,0,1470,945,0.5468126,0.5891658,15,32157,35452.387,JFK
晚間班機,TPE,下午抵達,1,1,5,1,2,0,2,1,175,1430,0.5468126,0.5891658,78,40633,43640.527,JFK
晚間班機,TPE,凌晨抵達,1,1,3,1,1,0,2,1,335,1050,0.5468126,0.5891658,55,26254,25060.316,JFK
上午班機,TPE,晚間抵達,1,1,3,1,1,0,2,1,210,1070,0.5468126,0.5891658,26,23681,25939.256,JFK
下午班機,TSA,上午抵達,1,1,1,1,1,0,2,0,895,945,0.5468126,0.5891658,54,40436,45541.895,JFK
下午班機,TPE,上午抵達,1,0,1,1,1,0,2,1,905,1000,0.5468126,0.5891658,55,38003,39041.305,JFK
晚間班機,TPE,晚間抵達,0,0,1,1,1,0,1,1,1016,953,0.5468126,0.5891658,74,24780,33275.04,JFK
早晨班機,TPE,凌晨抵達,1,1,3,1,1,0,2,1,1010,1055,0.5468126,0.5891658,8,22731,26470.768,JFK
晚間班機,TPE,晚間抵達,1,1,1,1,1,0,1,1,550,1430,0.5468126,0.5891658,53,44002,44582.074,JFK
早晨班機,TPE,晚間抵達,1,1,3,1,1,2,2,1,360,1065,0.5468126,0.5891658,16,32849,38806.25,JFK
晚間班機,TPE,晚間抵達,0,0,2,1,0,0,1,1,1184,990,0.5468126,0.5891658,65,26068,40050.383,JFK
早晨班機,TSA,晚間抵達,1,0,1,1,1,2,2,0,710,930,0.5468126,0.5891658,16,77850,77015.414,JFK
下午班機,TPE,上午抵達,1,1,1,1,1,0,2,1,1010,990,0.5468126,0.5891658,61,24202,29965.393,JFK
晚間班機,TPE,下午抵達,1,1,3,1,1,0,2,0,605,1070,0.5468126,0.5891658,54,23647,24913.285,JFK
下午班機,TPE,上午抵達,1,0,2,1,2,0,2,0,885,990,0.5468126,0.5891658,49,60889,51840.562,JFK
晚間班機,TPE,晚間抵達,1,0,1,0,1,2,1,1,0,885,0.5468126,0.5891658,61,31611,35781.67,JFK
下午班機,TSA,下午抵達,0,0,2,1,1,0,2,0,1140,1005,0.5468126,0.5891658,63,48406,55953.7,JFK
上午班機,TPE,晚間抵達,1,1,5,1,1,0,2,0,455,1070,0.5468126,0.5891658,29,43638,34204.92,JFK
下午班機,TSA,下午抵達,1,0,2,1,1,1,2,0,1275,1000,0.5468126,0.5891658,63,43444,45259.07,JFK
上午班機,TPE,下午抵達,0,0,1,1,1,0,1,0,1508,1011,0.5468126,0.5891658,29,23801,35194.004,JFK
下午班機,TSA,上午抵達,1,1,1,1,1,0,2,0,1085,955,0.5468126,0.5891658,63,55494,47719.58,JFK
晚間班機,TPE,凌晨抵達,1,1,3,1,1,0,2,1,300,1050,0.5468126,0.5891658,53,24723,26213.037,JFK
上午班機,TPE,早晨抵達,1,1,2,1,1,2,1,0,1010,1000,0.5468126,0.5891658,15,25855,42827.863,JFK
下午班機,TPE,下午抵達,1,1,3,1,1,2,2,1,865,1065,0.5468126,0.5891658,12,52027,43425.8,JFK
晚間班機,TPE,晚間抵達,0,0,2,1,0,0,1,1,1184,990,0.5468126,0.5891658,73,22741,32127.74,JFK
晚間班機,TPE,晚間抵達,1,0,1,0,1,0,1,1,0,885,0.5468126,0.5891658,64,27410,30922.348,JFK
下午班機,TPE,凌晨抵達,1,1,3,1,1,0,2,1,715,1050,0.5468126,0.5891658,52,22419,24307.777,JFK
晚間班機,TSA,上午抵達,0,0,3,1,1,0,2,1,770,945,0.5468126,0.5891658,55,44595,56354.01,JFK
晚間班機,TPE,晚間抵達,1,1,3,1,1,0,2,1,1025,1065,0.5468126,0.5891658,55,24439,29674.883,JFK
晚間班機,TPE,上午抵達,0,0,1,1,1,0,2,1,655,1000,0.5468126,0.5891658,51,72053,51987.26,JFK
上午班機,TPE,晚間抵達,1,1,2,1,1,2,1,1,455,1002,0.5468126,0.5891658,11,32516,36663.156,JFK
下午班機,TPE,凌晨抵達,1,1,3,1,1,0,2,1,770,1050,0.5468126,0.5891658,56,22685,23905.744,JFK
早晨班機,TPE,下午抵達,1,0,2,1,1,1,2,0,1480,1020,0.5468126,0.5891658,18,41962,48772.477,JFK
下午班機,TPE,凌晨抵達,1,1,3,1,1,0,2,1,710,1050,0.5468126,0.5891658,65,22887,26502.191,JFK
下午班機,TPE,下午抵達,1,1,2,1,1,0,2,1,1110,1015,0.5468126,0.5891658,65,33751,34622.59,JFK
下午班機,TSA,上午抵達,1,0,1,1,1,2,2,0,915,945,0.5468126,0.5891658,39,78047,73580.02,JFK
下午班機,TPE,晚間抵達,1,1,3,1,1,1,2,0,120,1060,0.5468126,0.5891658,50,30470,29678.846,JFK
下午班機,TPE,凌晨抵達,1,1,3,1,1,1,2,0,715,1050,0.5468126,0.5891658,63,22603,26051.143,JFK
晚間班機,TPE,下午抵達,0,0,5,1,0,0,1,0,1021,958,0.5468126,0.5891658,64,38205,36254.95,JFK
晚間班機,TPE,下午抵達,0,0,1,1,0,0,1,0,711,999,0.5468126,0.5891658,64,34264,41006.59,JFK
晚間班機,TPE,下午抵達,1,1,5,1,2,0,2,0,175,1460,0.5468126,0.5891658,66,42483,50977.39,JFK
下午班機,TSA,上午抵達,1,0,1,1,1,0,2,1,875,1000,0.5468126,0.5891658,57,48481,62772.36,JFK
晚間班機,TPE,晚間抵達,1,1,1,1,1,0,1,1,550,1430,0.5468126,0.5891658,67,49908,48344.574,JFK
下午班機,TSA,晚間抵達,1,1,1,1,1,0,2,1,1575,930,0.5468126,0.5891658,57,34015,36411.71,JFK
凌晨班機,TPE,下午抵達,0,0,5,1,0,0,1,1,641,974,0.5468126,0.5891658,7,26142,28200.848,JFK
晚間班機,TPE,晚間抵達,1,1,5,1,1,0,2,1,1200,1075,0.5468126,0.5891658,73,29624,31965.787,JFK
上午班機,TPE,凌晨抵達,1,1,3,1,1,0,2,1,930,1045,0.5468126,0.5891658,30,22353,24470.762,JFK
晚間班機,TPE,下午抵達,0,0,1,1,1,2,1,0,1018,1001,0.5468126,0.5891658,43,38711,48761.777,JFK
上午班機,TPE,晚間抵達,1,1,3,1,1,0,2,0,280,1055,0.5468126,0.5891658,26,25734,32450.37,JFK
晚間班機,TPE,凌晨抵達,1,1,3,1,1,2,2,1,335,1050,0.5468126,0.5891658,38,46245,49359.168,JFK
晚間班機,TPE,下午抵達,1,1,3,1,1,0,2,1,770,1065,0.5468126,0.5891658,55,22853,23707.781,JFK
下午班機,TPE,晚間抵達,1,1,2,1,2,0,2,1,220,985,0.5468126,0.5891658,58,23588,27635.627,JFK
下午班機,TPE,凌晨抵達,1,1,3,1,1,0,2,1,495,1050,0.5468126,0.5891658,59,22337,25699.395,JFK
晚間班機,TPE,晚間抵達,0,0,5,1,1,0,2,1,1080,1075,0.5468126,0.5891658,73,41560,37657.54,JFK
上午班機,TPE,下午抵達,0,0,1,1,1,0,1,1,141,999,0.5468126,0.5891658,30,28431,35385.066,JFK
下午班機,TPE,上午抵達,1,1,2,1,2,1,2,0,1090,985,0.5468126,0.5891658,50,31914,32197.062,JFK
晚間班機,TPE,凌晨抵達,1,1,3,1,1,0,2,1,300,1050,0.5468126,0.5891658,70,22334,24942.004,JFK
晚間班機,TPE,早晨抵達,0,0,1,1,1,0,1,0,310,949,0.5468126,0.5891658,73,28221,31210.719,JFK
晚間班機,TPE,下午抵達,0,0,1,1,0,0,1,1,931,999,0.5468126,0.5891658,63,27059,34684.887,JFK
上午班機,TPE,晚間抵達,1,1,3,1,1,0,2,1,210,1070,0.5468126,0.5891658,24,24049,27675.611,JFK
晚間班機,TPE,晚間抵達,1,0,2,1,1,2,1,1,555,1465,0.5468126,0.5891658,36,64431,78475.35,JFK
下午班機,TPE,凌晨抵達,1,1,3,1,1,0,2,1,565,1050,0.5468126,0.5891658,56,22334,24058.115,JFK
晚間班機,TPE,凌晨抵達,1,1,3,1,1,2,2,1,400,1050,0.5468126,0.5891658,38,46954,50651.73,JFK
晚間班機,TPE,早晨抵達,0,0,1,1,1,0,1,0,280,939,0.5468126,0.5891658,71,26230,30091.715,JFK
晚間班機,TPE,下午抵達,1,1,3,1,1,0,2,0,705,1065,0.5468126,0.5891658,57,22856,24755.402,JFK
下午班機,TPE,下午抵達,1,1,3,1,1,0,2,0,1085,1065,0.5468126,0.5891658,54,23783,27099.588,JFK
晚間班機,TPE,晚間抵達,1,1,1,1,1,0,1,0,790,1435,0.5468126,0.5891658,71,44835,44663.445,JFK
下午班機,TPE,下午抵達,1,1,3,1,1,0,2,0,935,1065,0.5468126,0.5891658,63,22870,24236.895,JFK
晚間班機,TPE,下午抵達,1,0,1,1,1,1,1,0,1030,938,0.5468126,0.5891658,59,52292,44811.664,JFK
早晨班機,TPE,晚間抵達,1,0,1,1,1,0,2,1,655,945,0.5468126,0.5891658,16,72956,72710.99,JFK
晚間班機,TPE,下午抵達,1,1,5,1,2,0,2,1,175,1460,0.5468126,0.5891658,72,43668,43696.586,JFK
下午班機,TSA,下午抵達,1,1,2,1,1,1,2,1,1000,990,0.5468126,0.5891658,64,35317,40252.492,JFK
晚間班機,TPE,下午抵達,0,0,2,1,1,0,1,1,701,994,0.5468126,0.5891658,76,24351,37588.68,JFK
下午班機,TPE,下午抵達,1,0,2,1,1,2,2,0,1015,1020,0.5468126,0.5891658,34,69385,74702.195,JFK
晚間班機,TPE,下午抵達,0,0,2,1,1,1,1,0,851,994,0.5468126,0.5891658,59,28307,38714.133,JFK
下午班機,TPE,下午抵達,1,1,2,1,1,2,2,1,1110,1015,0.5468126,0.5891658,59,42277,43245.895,JFK
上午班機,TPE,下午抵達,0,0,1,1,1,0,1,1,167,1002,0.5468126,0.5891658,24,27139,35093.49,JFK
晚間班機,TPE,晚間抵達,1,0,1,0,1,2,1,0,0,885,0.5468126,0.5891658,41,38736,39652.082,JFK
上午班機,TPE,凌晨抵達,1,1,3,1,1,0,2,1,855,1060,0.5468126,0.5891658,37,22887,23615.057,JFK
晚間班機,TSA,晚間抵達,0,0,3,1,1,0,2,1,1290,945,0.5468126,0.5891658,64,54743,60274.297,JFK
下午班機,TPE,上午抵達,1,1,1,1,1,0,2,1,1010,990,0.5468126,0.5891658,56,24001,30132.121,JFK
晚間班機,TPE,早晨抵達,0,0,1,1,0,0,1,1,340,939,0.5468126,0.5891658,63,26763,29043.008,JFK
下午班機,TPE,凌晨抵達,1,1,3,1,1,0,2,1,565,1050,0.5468126,0.5891658,52,22387,23978.652,JFK
晚間班機,TPE,下午抵達,1,1,5,1,2,0,2,1,175,1460,0.5468126,0.5891658,55,44353,46221.83,JFK
下午班機,TSA,上午抵達,1,1,3,1,1,0,2,1,940,945,0.5468126,0.5891658,60,31502,36963.44,JFK
晚間班機,TPE,下午抵達,0,0,2,1,0,2,1,1,829,965,0.5468126,0.5891658,52,42919,39884.12,JFK
晚間班機,TPE,下午抵達,0,0,1,1,1,0,1,1,861,999,0.5468126,0.5891658,63,28792,38684.645,JFK
晚間班機,TPE,下午抵達,0,0,1,1,1,0,1,1,836,953,0.5468126,0.5891658,74,26764,29358.281,JFK
上午班機,TPE,晚間抵達,1,1,3,1,1,0,2,1,210,1070,0.5468126,0.5891658,28,22448,26372.268,JFK
晚間班機,TPE,晚間抵達,0,0,1,1,1,0,1,1,1016,953,0.5468126,0.5891658,63,34336,34588.664,JFK
晚間班機,TPE,晚間抵達,0,0,1,1,1,0,1,1,1016,953,0.5468126,0.5891658,55,30712,36375.473,JFK
晚間班機,TPE,晚間抵達,1,1,2,1,2,0,2,0,1235,990,0.5468126,0.5891658,73,22407,25223.2,JFK
上午班機,TPE,凌晨抵達,1,1,3,1,1,0,2,0,860,1060,0.5468126,0.5891658,22,25589,25529.225,JFK
下午班機,TSA,晚間抵達,1,1,1,1,1,0,2,0,135,930,0.5468126,0.5891658,51,46674,51703.695,JFK
凌晨班機,TPE,下午抵達,1,1,2,1,1,0,1,1,315,1390,0.5468126,0.5891658,9,57079,53912.277,JFK
下午班機,TPE,晚間抵達,1,1,2,1,2,0,2,1,220,985,0.5468126,0.5891658,33,42163,35658.25,JFK
下午班機,TPE,下午抵達,1,1,3,1,1,0,2,1,865,1065,0.5468126,0.5891658,62,22859,24316.193,JFK
上午班機,TPE,晚間抵達,1,1,1,1,1,2,1,0,1245,1430,0.5468126,0.5891658,15,54002,68555.28,JFK
上午班機,TPE,晚間抵達,1,1,3,1,1,0,2,0,305,960,0.5468126,0.5891658,26,30731,36876.89,JFK
上午班機,TPE,晚間抵達,1,1,2,1,1,0,1,1,455,999,0.5468126,0.5891658,35,20775,23274.68,JFK
晚間班機,TPE,下午抵達,1,1,3,1,1,2,2,0,705,1065,0.5468126,0.5891658,41,27183,35079.066,JFK
早晨班機,TPE,晚間抵達,1,0,2,1,2,0,2,1,490,985,0.5468126,0.5891658,16,53500,56573.5,JFK
下午班機,TPE,晚間抵達,0,0,5,1,1,0,2,1,255,1075,0.5468126,0.5891658,52,42530,48204.387,JFK
下午班機,TPE,凌晨抵達,1,1,3,1,1,0,2,1,565,1050,0.5468126,0.5891658,57,22348,24058.115,JFK
下午班機,TPE,凌晨抵達,1,1,3,1,1,0,2,1,565,1050,0.5468126,0.5891658,33,23307,28353.137,JFK
下午班機,TPE,晚間抵達,1,1,3,1,1,0,2,1,65,1060,0.5468126,0.5891658,59,25582,27751.045,JFK
晚間班機,TPE,下午抵達,1,1,3,1,1,0,2,1,605,1070,0.5468126,0.5891658,73,22843,23112.033,JFK
晚間班機,TPE,下午抵達,0,0,5,1,1,0,1,1,1019,960,0.5468126,0.5891658,55,27025,34800.027,JFK
凌晨班機,TPE,上午抵達,0,0,3,1,1,1,2,1,280,960,0.5468126,0.5891658,6,42140,50898.547,JFK
上午班機,TPE,晚間抵達,1,1,5,1,1,2,2,1,455,1070,0.5468126,0.5891658,12,64164,56375.297,JFK
下午班機,TPE,上午抵達,1,1,1,1,1,2,2,0,1010,990,0.5468126,0.5891658,39,42384,51573.438,JFK
晚間班機,TPE,下午抵達,0,0,2,1,1,2,1,0,743,962,0.5468126,0.5891658,43,37791,39308.996,JFK
早晨班機,TPE,凌晨抵達,1,1,3,1,1,0,2,0,1010,1055,0.5468126,0.5891658,18,25027,25246.158,JFK
晚間班機,TPE,下午抵達,0,0,5,1,0,0,1,1,1021,958,0.5468126,0.5891658,57,38161,32407.41,JFK
早晨班機,TPE,晚間抵達,0,0,3,1,1,2,2,1,435,1055,0.5468126,0.5891658,7,94154,96986.46,JFK
下午班機,TSA,上午抵達,1,1,3,1,1,0,2,1,940,945,0.5468126,0.5891658,62,34823,36963.44,JFK
上午班機,TSA,上午抵達,0,0,3,1,1,0,2,1,1335,945,0.5468126,0.5891658,40,43807,57495.004,JFK
晚間班機,TPE,凌晨抵達,1,1,3,1,1,0,2,0,175,1055,0.5468126,0.5891658,73,23927,25723.523,JFK
晚間班機,TPE,下午抵達,1,1,3,1,1,1,2,0,605,1070,0.5468126,0.5891658,59,22859,25103.781,JFK
上午班機,TSA,上午抵達,0,0,3,1,1,1,2,0,1335,945,0.5468126,0.5891658,32,71636,63167.15,JFK
早晨班機,TPE,晚間抵達,1,0,1,1,1,0,2,0,655,945,0.5468126,0.5891658,18,72941,71411.93,JFK
晚間班機,TPE,下午抵達,0,0,2,1,0,0,1,1,641,994,0.5468126,0.5891658,76,24243,35998.234,JFK
晚間班機,TPE,凌晨抵達,1,1,3,1,1,2,2,1,345,1050,0.5468126,0.5891658,43,55034,48464.227,JFK
上午班機,TPE,下午抵達,0,0,1,1,1,0,1,1,167,1002,0.5468126,0.5891658,22,28636,34673.742,JFK
下午班機,TPE,晚間抵達,1,0,1,1,1,0,2,1,215,940,0.5468126,0.5891658,58,72959,61421.926,JFK
晚間班機,TPE,下午抵達,1,1,3,1,1,0,2,1,670,1065,0.5468126,0.5891658,73,22843,23236.111,JFK
晚間班機,TPE,下午抵達,0,0,1,1,0,0,1,1,711,999,0.5468126,0.5891658,65,28453,38467.875,JFK
晚間班機,TPE,早晨抵達,0,0,2,1,0,0,1,1,275,949,0.5468126,0.5891658,76,23961,28380.73,JFK
下午班機,TPE,上午抵達,1,1,1,1,1,2,2,1,800,990,0.5468126,0.5891658,34,47755,47739.746,JFK
晚間班機,TPE,下午抵達,1,1,5,1,2,0,2,0,175,1460,0.5468126,0.5891658,54,40019,45640.637,JFK
晚間班機,TSA,晚間抵達,0,0,3,1,1,0,2,1,1290,945,0.5468126,0.5891658,65,65249,60274.297,JFK
晚間班機,TPE,下午抵達,1,1,3,1,1,2,2,0,715,1065,0.5468126,0.5891658,43,38266,37454.133,JFK
晚間班機,TPE,下午抵達,0,0,1,1,1,0,1,1,1107,1002,0.5468126,0.5891658,34,26839,35701.637,JFK
晚間班機,TPE,下午抵達,0,0,1,1,1,2,1,0,929,1001,0.5468126,0.5891658,41,34666,47287.023,JFK
上午班機,TPE,下午抵達,1,1,2,1,1,0,1,1,65,999,0.5468126,0.5891658,35,21485,23251.252,JFK
下午班機,TPE,晚間抵達,1,1,3,1,1,0,2,1,120,1060,0.5468126,0.5891658,53,28000,27461.986,JFK
下午班機,TPE,晚間抵達,1,1,3,1,1,0,2,0,65,1060,0.5468126,0.5891658,49,27928,31118.729,JFK
上午班機,TPE,下午抵達,1,1,2,1,1,0,1,0,65,999,0.5468126,0.5891658,32,38202,26001.227,JFK
下午班機,TPE,上午抵達,1,0,2,1,2,0,2,1,885,990,0.5468126,0.5891658,57,39585,44347.57,JFK
晚間班機,TPE,晚間抵達,0,0,1,1,0,0,1,1,1211,938,0.5468126,0.5891658,51,27606,33549.75,JFK
晚間班機,TSA,晚間抵達,0,0,3,1,1,0,2,1,1290,945,0.5468126,0.5891658,76,43788,52337.727,JFK
下午班機,TSA,上午抵達,1,1,1,1,1,0,2,1,1085,955,0.5468126,0.5891658,59,27584,42217.418,JFK
晚間班機,TSA,晚間抵達,0,0,1,1,1,0,2,1,1480,930,0.5468126,0.5891658,76,173352,162495.25,JFK
上午班機,TPE,晚間抵達,1,1,3,1,1,0,2,1,305,960,0.5468126,0.5891658,30,31203,33906.605,JFK
凌晨班機,TPE,上午抵達,0,0,3,1,1,2,2,0,280,960,0.5468126,0.5891658,5,64504,81778.89,JFK
早晨班機,TPE,晚間抵達,1,0,2,1,2,1,2,1,490,985,0.5468126,0.5891658,15,59932,56700.16,JFK
晚間班機,TPE,凌晨抵達,1,1,3,1,1,0,2,1,285,1050,0.5468126,0.5891658,71,22372,24429.979,JFK
晚間班機,TPE,凌晨抵達,1,1,3,1,1,0,2,1,400,1050,0.5468126,0.5891658,72,23728,24475.85,JFK
上午班機,TSA,晚間抵達,1,1,3,1,1,0,2,0,385,945,0.5468126,0.5891658,37,49223,41539.86,JFK
上午班機,TSA,上午抵達,1,1,3,1,1,0,2,1,1305,945,0.5468126,0.5891658,22,64906,40251.61,JFK
晚間班機,TPE,下午抵達,0,0,1,1,0,0,1,0,788,1011,0.5468126,0.5891658,52,24369,29184.057,JFK
晚間班機,TPE,晚間抵達,1,1,2,1,2,0,2,0,1235,990,0.5468126,0.5891658,54,40591,42828.516,JFK
下午班機,TSA,上午抵達,1,0,1,1,1,0,2,1,915,945,0.5468126,0.5891658,33,72560,70376.35,JFK
凌晨班機,TPE,下午抵達,0,0,5,1,1,0,1,0,851,974,0.5468126,0.5891658,10,34007,39690.902,JFK
上午班機,TSA,晚間抵達,0,0,3,1,1,0,2,1,415,945,0.5468126,0.5891658,30,72036,55847.074,JFK
凌晨班機,TPE,下午抵達,0,0,5,1,1,0,1,1,851,974,0.5468126,0.5891658,4,40306,31774.877,JFK
上午班機,TPE,晚間抵達,1,1,2,1,1,0,1,1,455,1002,0.5468126,0.5891658,28,21113,24096.371,JFK
晚間班機,TPE,晚間抵達,1,0,1,0,1,0,1,0,0,885,0.5468126,0.5891658,78,34274,30863.07,JFK
晚間班機,TPE,下午抵達,1,1,3,1,1,0,2,1,670,1065,0.5468126,0.5891658,52,22860,23476.145,JFK
下午班機,TPE,晚間抵達,1,0,2,0,1,2,1,0,0,885,0.5468126,0.5891658,39,31226,40190.887,JFK
早晨班機,TSA,上午抵達,1,0,1,1,1,0,2,1,1470,945,0.5468126,0.5891658,15,44807,30948.133,JFK
晚間班機,TPE,下午抵達,0,0,1,1,0,2,1,1,864,965,0.5468126,0.5891658,46,36261,43633.12,JFK
晚間班機,TPE,下午抵達,0,0,1,1,0,0,1,1,861,999,0.5468126,0.5891658,65,30067,39538.043,JFK
晚間班機,TPE,下午抵達,0,0,1,1,1,2,1,1,929,1001,0.5468126,0.5891658,38,33759,44177.496,JFK
下午班機,TPE,上午抵達,1,1,1,1,1,0,2,1,1010,990,0.5468126,0.5891658,57,24275,30132.121,JFK
晚間班機,TPE,下午抵達,1,1,2,1,1,0,2,1,905,1000,0.5468126,0.5891658,78,33396,30559.486,JFK
晚間班機,TPE,上午抵達,1,1,2,1,2,0,2,0,665,990,0.5468126,0.5891658,52,70388,31613.164,JFK
晚間班機,TPE,晚間抵達,1,1,1,1,1,0,1,1,550,1430,0.5468126,0.5891658,64,46195,47846.766,JFK
晚間班機,TPE,凌晨抵達,1,1,3,1,1,0,2,1,335,1050,0.5468126,0.5891658,67,23814,25645.088,JFK
晚間班機,TPE,晚間抵達,0,0,1,1,1,0,1,1,1016,953,0.5468126,0.5891658,72,29939,33327.41,JFK
下午班機,TSA,晚間抵達,1,0,1,1,1,0,2,0,155,930,0.5468126,0.5891658,63,109927,61908.984,JFK
晚間班機,TPE,晚間抵達,0,0,1,1,1,0,1,1,1016,953,0.5468126,0.5891658,73,29436,33275.04,JFK
早晨班機,TPE,晚間抵達,1,0,1,1,1,0,2,0,655,945,0.5468126,0.5891658,13,72908,70843.35,JFK
晚間班機,TPE,凌晨抵達,1,1,3,1,1,0,2,1,235,1055,0.5468126,0.5891658,72,23728,24189.025,JFK
下午班機,TPE,晚間抵達,1,1,3,1,1,0,2,1,120,1060,0.5468126,0.5891658,60,23168,27400.533,JFK
下午班機,TSA,晚間抵達,0,0,1,1,1,0,2,1,210,930,0.5468126,0.5891658,59,84192,98405.336,JFK
上午班機,TPE,凌晨抵達,1,1,3,1,1,0,2,1,860,1060,0.5468126,0.5891658,31,22354,24278.074,JFK
下午班機,TSA,上午抵達,1,1,3,1,1,0,2,0,940,945,0.5468126,0.5891658,49,40158,42693.816,JFK
晚間班機,TPE,凌晨抵達,1,1,3,1,1,0,2,1,235,1055,0.5468126,0.5891658,55,23934,25479.555,JFK
晚間班機,TSA,晚間抵達,0,0,1,1,1,0,2,1,1480,930,0.5468126,0.5891658,53,173220,170192.3,JFK
晚間班機,TPE,下午抵達,1,1,3,1,1,0,2,1,715,1065,0.5468126,0.5891658,50,22856,23194.398,JFK
下午班機,TSA,下午抵達,1,0,2,1,1,0,2,0,1275,1000,0.5468126,0.5891658,62,39425,45276.945,JFK
下午班機,TSA,上午抵達,0,0,2,1,2,0,2,1,960,990,0.5468126,0.5891658,56,126039,120961.24,JFK
下午班機,TPE,凌晨抵達,1,1,3,1,1,0,2,1,505,1050,0.5468126,0.5891658,58,22372,24964.111,JFK
晚間班機,TPE,晚間抵達,1,1,3,1,1,0,2,1,1125,1060,0.5468126,0.5891658,63,29040,29111.92,JFK
下午班機,TPE,晚間抵達,1,0,1,1,1,0,2,1,215,940,0.5468126,0.5891658,57,72932,63176.246,JFK
晚間班機,TPE,凌晨抵達,1,1,3,1,1,0,2,0,300,1050,0.5468126,0.5891658,73,29187,26136.352,JFK
下午班機,TPE,上午抵達,1,1,1,1,1,0,2,0,1010,990,0.5468126,0.5891658,49,36480,33043.867,JFK
晚間班機,TPE,上午抵達,0,0,1,1,1,0,2,1,655,1000,0.5468126,0.5891658,74,72062,51857.773,JFK
晚間班機,TPE,下午抵達,1,1,5,1,2,2,2,1,175,1460,0.5468126,0.5891658,46,52401,57221.66,JFK
晚間班機,TSA,上午抵達,0,0,3,1,1,0,2,1,770,945,0.5468126,0.5891658,72,42104,52640.23,JFK
晚間班機,TPE,上午抵達,0,0,1,1,1,0,2,0,655,1000,0.5468126,0.5891658,78,72069,47723.63,JFK
早晨班機,TPE,晚間抵達,0,0,3,1,1,2,2,1,435,1055,0.5468126,0.5891658,11,94157,101730.69,JFK
下午班機,TPE,晚間抵達,1,1,3,1,1,0,2,1,120,1060,0.5468126,0.5891658,56,28788,27552.992,JFK
凌晨班機,TPE,下午抵達,1,0,2,1,1,0,1,1,150,1407,0.5468126,0.5891658,9,57198,70485.7,JFK
晚間班機,TPE,晚間抵達,0,0,2,1,1,0,1,1,1225,959,0.5468126,0.5891658,54,24668,32660.846,JFK
晚間班機,TPE,晚間抵達,1,1,3,1,1,0,2,0,1025,1065,0.5468126,0.5891658,57,29213,30014.816,JFK
晚間班機,TPE,下午抵達,1,1,3,1,1,0,2,0,605,1070,0.5468126,0.5891658,53,22861,24913.285,JFK
凌晨班機,TPE,下午抵達,0,0,5,1,0,0,1,1,851,974,0.5468126,0.5891658,2,24870,28366.037,JFK
早晨班機,TPE,晚間抵達,1,1,3,1,1,0,2,1,360,1065,0.5468126,0.5891658,8,25027,27937.941,JFK
晚間班機,TPE,凌晨抵達,1,1,3,1,1,0,2,1,345,1050,0.5468126,0.5891658,63,26457,24070.348,JFK
晚間班機,TPE,晚間抵達,1,1,1,1,1,0,1,1,550,1430,0.5468126,0.5891658,63,44871,45041.75,JFK
下午班機,TPE,下午抵達,1,1,3,1,1,0,2,1,865,1065,0.5468126,0.5891658,58,22847,24316.193,JFK
上午班機,TSA,晚間抵達,0,0,3,1,1,0,2,1,415,945,0.5468126,0.5891658,26,68124,54245.758,JFK
下午班機,TSA,晚間抵達,1,0,1,1,1,0,2,1,1595,930,0.5468126,0.5891658,60,40866,46851.28,JFK
晚間班機,TPE,下午抵達,0,0,1,1,1,2,1,1,709,1001,0.5468126,0.5891658,61,30295,46779.98,JFK
晚間班機,TPE,下午抵達,1,1,3,1,1,1,2,1,670,1065,0.5468126,0.5891658,63,22855,23283.072,JFK
上午班機,TSA,上午抵達,0,0,3,1,1,0,2,1,1335,945,0.5468126,0.5891658,35,66618,57495.004,JFK
上午班機,TSA,上午抵達,0,0,3,1,1,0,2,0,1335,945,0.5468126,0.5891658,29,62889,61961.496,JFK
凌晨班機,TPE,下午抵達,0,0,3,1,1,0,2,0,645,980,0.5468126,0.5891658,10,39538,46875.33,JFK
下午班機,TPE,上午抵達,1,1,1,1,1,0,2,1,800,990,0.5468126,0.5891658,57,29962,31612.621,JFK
凌晨班機,TPE,下午抵達,1,1,2,1,1,1,1,0,315,1390,0.5468126,0.5891658,7,58042,60118.605,JFK
晚間班機,TPE,下午抵達,1,1,3,1,1,0,2,0,605,1070,0.5468126,0.5891658,71,22839,23017.227,JFK
上午班機,TPE,凌晨抵達,1,1,3,1,1,0,2,1,930,1045,0.5468126,0.5891658,28,22356,24099.705,JFK
下午班機,TSA,上午抵達,1,1,1,1,1,0,2,1,1085,955,0.5468126,0.5891658,57,40748,42452.316,JFK
晚間班機,TSA,晚間抵達,0,0,1,1,1,0,2,1,1480,930,0.5468126,0.5891658,51,170131,174157.55,JFK
晚間班機,TPE,下午抵達,1,1,3,1,1,0,2,1,770,1065,0.5468126,0.5891658,53,22859,23019.377,JFK
晚間班機,TPE,凌晨抵達,1,1,3,1,1,2,2,0,300,1050,0.5468126,0.5891658,43,49192,45018.86,JFK
晚間班機,TPE,下午抵達,1,1,5,1,2,0,2,1,175,1460,0.5468126,0.5891658,64,42534,46127.59,JFK
上午班機,TPE,凌晨抵達,1,1,3,1,1,0,2,1,930,1045,0.5468126,0.5891658,35,22334,23802.48,JFK
晚間班機,TPE,晚間抵達,1,1,3,1,1,0,2,0,1190,1060,0.5468126,0.5891658,73,32104,31377.943,JFK
凌晨班機,TPE,晚間抵達,1,1,2,1,1,0,1,1,530,1385,0.5468126,0.5891658,9,57086,55325.336,JFK
下午班機,TPE,下午抵達,1,1,3,1,1,2,2,1,935,1065,0.5468126,0.5891658,34,43360,38544.52,JFK
下午班機,TSA,下午抵達,0,0,2,1,1,0,2,0,1140,1005,0.5468126,0.5891658,53,51380,57264.57,JFK
晚間班機,TPE,晚間抵達,1,1,3,1,1,0,2,1,1025,1065,0.5468126,0.5891658,51,25618,28377.482,JFK
晚間班機,TPE,凌晨抵達,1,1,3,1,1,0,2,1,340,1050,0.5468126,0.5891658,76,22337,23215.666,JFK
上午班機,TPE,晚間抵達,1,1,5,1,1,1,2,1,1895,1070,0.5468126,0.5891658,35,29059,30686.91,JFK
晚間班機,TPE,下午抵達,0,0,2,1,1,1,1,1,831,963,0.5468126,0.5891658,63,30306,33541.434,JFK
晚間班機,TSA,上午抵達,1,1,2,1,1,0,2,0,2095,975,0.5468126,0.5891658,73,28826,30213.701,JFK
下午班機,TPE,上午抵達,1,0,1,1,1,1,2,0,905,1000,0.5468126,0.5891658,63,40067,40610.938,JFK
下午班機,TPE,下午抵達,1,1,2,1,1,1,2,0,1110,1015,0.5468126,0.5891658,63,36722,35285.45,JFK
晚間班機,TPE,下午抵達,0,0,1,1,1,0,1,1,861,999,0.5468126,0.5891658,57,36981,40544.26,JFK
晚間班機,TPE,凌晨抵達,1,1,3,1,1,2,2,0,335,1050,0.5468126,0.5891658,41,30738,38530.59,JFK
晚間班機,TPE,下午抵達,0,0,2,1,1,0,1,1,851,994,0.5468126,0.5891658,57,37143,40473.523,JFK
晚間班機,TSA,上午抵達,0,0,1,1,1,0,2,1,800,945,0.5468126,0.5891658,78,82212,73613.5,JFK
上午班機,TSA,上午抵達,1,1,3,1,1,0,2,0,1305,945,0.5468126,0.5891658,32,47201,42579.19,JFK
下午班機,TSA,晚間抵達,1,1,1,1,1,0,2,1,325,940,0.5468126,0.5891658,49,67690,46622.402,JFK
下午班機,TPE,上午抵達,1,0,1,1,1,0,2,1,905,1000,0.5468126,0.5891658,59,36053,37911.69,JFK
晚間班機,TPE,晚間抵達,1,1,3,1,1,0,2,1,1025,1065,0.5468126,0.5891658,64,25972,29964.621,JFK
下午班機,TSA,晚間抵達,1,0,1,1,1,0,2,1,1595,930,0.5468126,0.5891658,52,45425,48564.258,JFK
下午班機,TPE,晚間抵達,1,0,1,1,1,0,2,1,215,940,0.5468126,0.5891658,65,73208,67874.414,JFK
晚間班機,TPE,下午抵達,1,1,3,1,1,0,2,1,770,1065,0.5468126,0.5891658,74,22842,23073.184,JFK
下午班機,TSA,晚間抵達,1,1,1,1,1,0,2,0,1575,930,0.5468126,0.5891658,53,37574,44032.168,JFK
上午班機,TPE,凌晨抵達,1,1,3,1,1,0,2,0,930,1045,0.5468126,0.5891658,32,30515,25940.492,JFK
早晨班機,TSA,上午抵達,1,0,1,1,1,0,2,1,1470,945,0.5468126,0.5891658,14,29038,32725.95,JFK
早晨班機,TPE,晚間抵達,1,0,1,1,1,0,2,1,600,945,0.5468126,0.5891658,17,72888,70807.28,JFK
晚間班機,TPE,下午抵達,0,0,1,1,1,0,1,1,919,1011,0.5468126,0.5891658,53,26958,32854.883,JFK
晚間班機,TPE,凌晨抵達,1,1,3,1,1,0,2,0,345,1050,0.5468126,0.5891658,57,26302,27113.082,JFK
上午班機,TPE,早晨抵達,1,1,2,1,1,2,1,1,1000,1000,0.5468126,0.5891658,9,36157,33165.797,JFK
晚間班機,TPE,凌晨抵達,1,1,3,1,1,0,2,1,335,1050,0.5468126,0.5891658,65,24872,26519.865,JFK
上午班機,TPE,晚間抵達,1,1,3,1,1,0,2,1,305,960,0.5468126,0.5891658,37,34893,32313.436,JFK
下午班機,TPE,晚間抵達,1,1,3,1,1,0,2,1,65,1060,0.5468126,0.5891658,51,30457,27682.316,JFK
晚間班機,TPE,下午抵達,0,0,2,1,1,0,1,0,743,962,0.5468126,0.5891658,57,24244,31414.502,JFK
晚間班機,TPE,下午抵達,0,0,2,1,1,0,1,0,701,994,0.5468126,0.5891658,73,22949,37754.125,JFK
晚間班機,TPE,凌晨抵達,1,1,3,1,1,2,2,1,345,1050,0.5468126,0.5891658,36,63741,51521.33,JFK
晚間班機,TPE,下午抵達,1,1,3,1,1,0,2,0,705,1065,0.5468126,0.5891658,64,23454,26064.736,JFK
下午班機,TSA,上午抵達,1,0,1,1,1,1,2,1,915,945,0.5468126,0.5891658,64,72656,62406.098,JFK
晚間班機,TPE,晚間抵達,0,0,1,1,1,0,1,1,1230,949,0.5468126,0.5891658,55,29168,32246.969,JFK
上午班機,TPE,晚間抵達,1,1,3,1,1,0,2,1,280,1055,0.5468126,0.5891658,29,35843,30079.664,JFK
下午班機,TPE,下午抵達,1,1,2,1,1,0,2,0,1110,1015,0.5468126,0.5891658,62,37385,35455.297,JFK
上午班機,TSA,晚間抵達,0,0,3,1,1,0,2,1,415,945,0.5468126,0.5891658,37,48177,53232.816,JFK
下午班機,TSA,晚間抵達,1,1,3,1,1,0,2,1,1460,945,0.5468126,0.5891658,65,37294,38567.094,JFK
下午班機,TSA,晚間抵達,1,1,3,1,1,1,2,0,1460,945,0.5468126,0.5891658,63,57372,41495.395,JFK
下午班機,TPE,上午抵達,1,0,1,1,1,0,2,0,905,980,0.5468126,0.5891658,51,34866,40001.906,JFK
上午班機,TPE,凌晨抵達,1,1,3,1,1,1,2,0,915,1060,0.5468126,0.5891658,33,22416,25081.287,JFK
下午班機,TPE,上午抵達,1,1,1,1,1,0,2,1,800,990,0.5468126,0.5891658,52,34054,33326.14,JFK
凌晨班機,TPE,上午抵達,0,0,3,1,1,0,2,0,280,960,0.5468126,0.5891658,8,47071,50634.293,JFK
下午班機,TPE,上午抵達,1,1,1,1,1,2,2,1,800,990,0.5468126,0.5891658,24,46471,49297.918,JFK
晚間班機,TPE,下午抵達,0,0,1,1,1,0,1,1,776,953,0.5468126,0.5891658,77,26288,31049.24,JFK
下午班機,TPE,凌晨抵達,1,1,3,1,1,0,2,1,715,1050,0.5468126,0.5891658,58,23728,24253.383,JFK
晚間班機,TPE,晚間抵達,1,0,1,0,1,0,1,1,0,885,0.5468126,0.5891658,73,31034,28062.596,JFK
下午班機,TSA,晚間抵達,1,0,1,1,1,0,2,1,1595,930,0.5468126,0.5891658,58,44284,46851.28,JFK
晚間班機,TSA,上午抵達,0,0,1,1,1,0,2,0,800,945,0.5468126,0.5891658,71,82546,72048.125,JFK
下午班機,TPE,下午抵達,1,1,2,1,1,0,2,1,1110,1015,0.5468126,0.5891658,53,52689,32101.156,JFK
上午班機,TPE,晚間抵達,1,1,2,1,1,0,1,0,455,1002,0.5468126,0.5891658,29,22066,25994.11,JFK
下午班機,TSA,晚間抵達,1,0,1,1,1,0,2,0,155,930,0.5468126,0.5891658,49,51937,62070.027,JFK
晚間班機,TPE,晚間抵達,1,1,3,1,1,0,2,0,1025,1065,0.5468126,0.5891658,54,36300,29640.488,JFK
上午班機,TSA,上午抵達,1,1,3,1,1,0,2,1,1305,945,0.5468126,0.5891658,33,31577,38172.55,JFK
晚間班機,TPE,凌晨抵達,1,1,3,1,1,0,2,0,235,1055,0.5468126,0.5891658,52,23671,27293.184,JFK
晚間班機,TPE,下午抵達,1,1,5,1,2,2,2,1,175,1460,0.5468126,0.5891658,61,55894,52474.42,JFK
晚間班機,TPE,凌晨抵達,1,1,3,1,1,0,2,0,240,1050,0.5468126,0.5891658,71,25544,24969.875,JFK
晚間班機,TPE,晚間抵達,1,1,1,1,1,0,1,0,790,1435,0.5468126,0.5891658,57,43915,46582.36,JFK
晚間班機,TSA,晚間抵達,0,0,3,1,1,0,2,1,1290,945,0.5468126,0.5891658,74,42018,51560.453,JFK
早晨班機,TPE,晚間抵達,1,1,3,1,1,0,2,0,360,1065,0.5468126,0.5891658,18,26021,30519.555,JFK
晚間班機,TPE,下午抵達,0,0,1,1,1,0,1,1,801,999,0.5468126,0.5891658,76,27518,39497.754,JFK
凌晨班機,TPE,下午抵達,0,0,3,1,1,0,2,0,645,980,0.5468126,0.5891658,6,43702,49438.125,JFK
晚間班機,TPE,下午抵達,0,0,2,1,1,0,1,1,829,965,0.5468126,0.5891658,55,41364,35274.145,JFK
下午班機,TPE,晚間抵達,1,1,3,1,1,0,2,1,65,1060,0.5468126,0.5891658,64,29369,29071.162,JFK
早晨班機,TPE,晚間抵達,1,0,1,1,1,0,2,0,655,945,0.5468126,0.5891658,19,72990,70838.625,JFK
上午班機,TPE,凌晨抵達,1,1,3,1,1,0,2,1,930,1045,0.5468126,0.5891658,37,22337,23802.48,JFK
晚間班機,TPE,晚間抵達,1,1,3,1,1,0,2,0,1125,1060,0.5468126,0.5891658,73,29141,29301.973,JFK
晚間班機,TPE,晚間抵達,0,0,1,1,0,1,1,0,1211,938,0.5468126,0.5891658,58,31448,37003.93,JFK
晚間班機,TPE,晚間抵達,0,0,1,1,1,0,1,1,1230,949,0.5468126,0.5891658,54,22929,29906.35,JFK
下午班機,TPE,晚間抵達,1,1,3,1,1,0,2,1,120,1060,0.5468126,0.5891658,61,27358,27400.533,JFK
晚間班機,TPE,下午抵達,0,0,1,1,0,0,1,0,836,953,0.5468126,0.5891658,66,37604,35453.098,JFK
晚間班機,TPE,晚間抵達,1,1,1,1,1,0,1,1,790,1435,0.5468126,0.5891658,54,48613,45443.93,JFK
晚間班機,TPE,下午抵達,1,0,1,1,1,0,1,1,1020,940,0.5468126,0.5891658,76,68265,40241.59,JFK
下午班機,TPE,凌晨抵達,1,1,3,1,1,0,2,1,495,1050,0.5468126,0.5891658,55,25028,26465.139,JFK
凌晨班機,TPE,下午抵達,0,0,5,1,0,2,1,1,867,987,0.5468126,0.5891658,8,26407,39204.13,JFK
晚間班機,TPE,下午抵達,0,0,1,1,1,2,1,1,887,1002,0.5468126,0.5891658,46,34303,50138.582,JFK
上午班機,TPE,晚間抵達,1,1,3,1,1,0,2,1,280,1055,0.5468126,0.5891658,37,25582,29727.824,JFK
下午班機,TPE,晚間抵達,0,0,5,1,1,0,2,1,1695,1075,0.5468126,0.5891658,56,37545,40702.25,JFK
晚間班機,TPE,下午抵達,0,0,1,1,0,2,1,1,709,1001,0.5468126,0.5891658,46,34283,46567.566,JFK
早晨班機,TSA,上午抵達,1,0,1,1,1,1,2,0,1470,945,0.5468126,0.5891658,18,36266,36391.367,JFK
晚間班機,TPE,上午抵達,1,1,2,1,2,0,2,0,665,990,0.5468126,0.5891658,54,37074,30544.102,JFK
上午班機,TPE,下午抵達,0,0,1,1,0,0,1,1,141,999,0.5468126,0.5891658,37,24394,31272.365,JFK
凌晨班機,TPE,上午抵達,0,0,3,1,1,0,2,0,280,960,0.5468126,0.5891658,5,54534,53384.32,JFK
晚間班機,TSA,上午抵達,0,0,3,1,1,0,2,1,770,945,0.5468126,0.5891658,77,61988,55531.285,JFK
晚間班機,TPE,晚間抵達,1,0,1,0,1,0,1,1,0,885,0.5468126,0.5891658,53,26955,28501.814,JFK
晚間班機,TPE,下午抵達,1,1,3,1,1,0,2,0,705,1065,0.5468126,0.5891658,73,22870,23795.377,JFK
晚間班機,TPE,凌晨抵達,1,1,3,1,1,0,2,1,235,1055,0.5468126,0.5891658,76,22335,23388.186,JFK
晚間班機,TPE,凌晨抵達,1,1,3,1,1,1,2,0,300,1050,0.5468126,0.5891658,58,29502,28493.824,JFK
下午班機,TSA,上午抵達,1,1,1,1,1,2,2,0,895,945,0.5468126,0.5891658,39,66645,52993.38,JFK
上午班機,TPE,晚間抵達,1,1,2,1,1,0,1,1,455,1002,0.5468126,0.5891658,24,21873,23904.375,JFK
下午班機,TPE,下午抵達,1,1,3,1,1,0,2,1,865,1065,0.5468126,0.5891658,51,25091,24370.73,JFK
晚間班機,TPE,下午抵達,0,0,1,1,1,0,1,1,836,953,0.5468126,0.5891658,76,25531,29947.906,JFK
晚間班機,TPE,凌晨抵達,1,1,3,1,1,0,2,0,235,1055,0.5468126,0.5891658,53,22939,27293.184,JFK
晚間班機,TPE,晚間抵達,1,1,5,1,1,0,2,1,1200,1075,0.5468126,0.5891658,53,24766,32461.666,JFK
晚間班機,TPE,上午抵達,1,1,2,1,2,0,2,0,665,990,0.5468126,0.5891658,78,25042,27884.357,JFK
晚間班機,TPE,下午抵達,1,1,3,1,1,2,2,1,705,1065,0.5468126,0.5891658,61,26757,34293.113,JFK
下午班機,TPE,晚間抵達,1,1,5,1,1,0,2,1,120,1105,0.5468126,0.5891658,57,30706,37760.14,JFK
晚間班機,TPE,晚間抵達,1,1,2,1,2,2,2,1,1235,990,0.5468126,0.5891658,61,26585,37995.414,JFK
晚間班機,TPE,早晨抵達,0,0,1,1,1,0,1,1,340,939,0.5468126,0.5891658,67,28614,34383.957,JFK
下午班機,TPE,晚間抵達,1,1,2,1,2,0,2,0,220,985,0.5468126,0.5891658,65,33111,33466.664,JFK
晚間班機,TPE,下午抵達,1,1,1,1,1,0,1,0,120,1445,0.5468126,0.5891658,73,49092,42983.93,JFK
下午班機,TPE,凌晨抵達,1,1,3,1,1,2,2,1,715,1050,0.5468126,0.5891658,59,29079,34710.47,JFK
上午班機,TSA,下午抵達,1,0,3,1,1,0,2,0,230,965,0.5468126,0.5891658,35,70449,65957.11,JFK
下午班機,TPE,晚間抵達,1,1,3,1,1,0,2,1,120,1060,0.5468126,0.5891658,58,28407,27400.533,JFK
下午班機,TPE,上午抵達,1,1,2,1,2,0,2,1,1090,985,0.5468126,0.5891658,52,23469,31109.47,JFK
上午班機,TSA,晚間抵達,0,0,1,1,1,0,2,1,605,930,0.5468126,0.5891658,29,86007,84369.47,JFK
上午班機,TPE,早晨抵達,1,1,2,1,1,0,1,1,1010,1000,0.5468126,0.5891658,29,23724,25082.578,JFK
下午班機,TSA,上午抵達,1,0,1,1,1,0,2,1,915,945,0.5468126,0.5891658,58,73023,67822.516,JFK
上午班機,TPE,凌晨抵達,1,1,3,1,1,0,2,1,860,1060,0.5468126,0.5891658,26,22355,23719.768,JFK
凌晨班機,TPE,下午抵達,0,0,5,1,1,0,1,1,791,974,0.5468126,0.5891658,12,24116,31902.195,JFK
晚間班機,TPE,早晨抵達,0,0,2,1,1,0,1,1,335,949,0.5468126,0.5891658,63,32411,29475.299,JFK
下午班機,TSA,上午抵達,1,0,1,1,1,0,2,1,915,945,0.5468126,0.5891658,57,72924,68199.88,JFK
下午班機,TPE,下午抵達,1,1,3,1,1,0,2,1,865,1065,0.5468126,0.5891658,52,22860,24370.73,JFK
下午班機,TPE,晚間抵達,1,1,3,1,1,0,2,0,65,1060,0.5468126,0.5891658,62,31353,31095.62,JFK
上午班機,TPE,凌晨抵達,1,1,3,1,1,0,2,1,860,1060,0.5468126,0.5891658,33,22354,24016.828,JFK
晚間班機,TSA,上午抵達,1,1,2,1,1,0,2,0,655,975,0.5468126,0.5891658,53,29623,34777.367,JFK
下午班機,TSA,上午抵達,1,0,1,1,1,0,2,0,915,945,0.5468126,0.5891658,62,73029,73571.25,JFK
早晨班機,TPE,凌晨抵達,1,1,3,1,1,0,2,1,1010,1055,0.5468126,0.5891658,14,26254,24365.129,JFK
下午班機,TPE,上午抵達,1,1,1,1,1,0,2,0,1010,990,0.5468126,0.5891658,58,32817,32356.393,JFK
下午班機,TPE,晚間抵達,1,1,3,1,1,0,2,1,120,1060,0.5468126,0.5891658,55,30012,28216.963,JFK
晚間班機,TPE,下午抵達,1,1,3,1,1,0,2,1,605,1070,0.5468126,0.5891658,55,22858,24049.1,JFK
晚間班機,TPE,下午抵達,1,1,3,1,1,0,2,1,605,1070,0.5468126,0.5891658,76,22843,22553.809,JFK
下午班機,TPE,晚間抵達,1,0,1,1,1,0,2,0,215,940,0.5468126,0.5891658,53,72878,71217.15,JFK
下午班機,TPE,晚間抵達,0,0,3,1,1,2,2,1,130,1050,0.5468126,0.5891658,12,96123,118303.93,JFK
晚間班機,TPE,晚間抵達,1,1,3,1,1,1,2,0,1025,1065,0.5468126,0.5891658,59,27944,29867.13,JFK
上午班機,TPE,晚間抵達,1,1,5,1,1,0,2,1,1895,1070,0.5468126,0.5891658,35,29042,30686.91,JFK
上午班機,TSA,上午抵達,1,1,3,1,1,0,2,1,1305,945,0.5468126,0.5891658,24,36345,38207.332,JFK
晚間班機,TPE,下午抵達,1,1,3,1,1,0,2,1,715,1065,0.5468126,0.5891658,55,26757,24038.941,JFK
晚間班機,TPE,凌晨抵達,1,1,3,1,1,0,2,0,335,1050,0.5468126,0.5891658,73,27952,25648.17,JFK
晚間班機,TPE,下午抵達,1,1,3,1,1,0,2,1,705,1065,0.5468126,0.5891658,53,22860,23501.729,JFK
晚間班機,TPE,上午抵達,1,1,2,1,2,2,2,0,665,990,0.5468126,0.5891658,43,50143,40090.203,JFK
晚間班機,TPE,上午抵達,0,0,1,1,1,0,2,1,655,1000,0.5468126,0.5891658,76,72128,51896.164,JFK
下午班機,TSA,晚間抵達,1,1,1,1,1,0,2,1,1575,930,0.5468126,0.5891658,55,43206,37939.363,JFK
晚間班機,TPE,下午抵達,0,0,1,1,1,0,1,1,919,1011,0.5468126,0.5891658,55,25546,32854.258,JFK
上午班機,TPE,凌晨抵達,1,1,3,1,1,0,2,0,870,1045,0.5468126,0.5891658,37,23958,24624.059,JFK
下午班機,TSA,晚間抵達,1,1,3,1,1,0,2,0,1460,945,0.5468126,0.5891658,49,39045,45555.406,JFK
上午班機,TPE,晚間抵達,1,1,2,1,1,0,1,1,453,1001,0.5468126,0.5891658,14,20788,25382.83,JFK
上午班機,TPE,下午抵達,0,0,1,1,1,0,1,1,157,1012,0.5468126,0.5891658,24,22383,32839.0,JFK
晚間班機,TPE,下午抵達,0,0,1,1,1,2,1,0,709,1001,0.5468126,0.5891658,41,33519,47350.97,JFK
晚間班機,TPE,下午抵達,0,0,2,1,1,0,1,1,867,1007,0.5468126,0.5891658,54,25545,31834.875,JFK
晚間班機,TPE,下午抵達,0,0,1,1,1,0,1,0,776,953,0.5468126,0.5891658,73,25795,29995.129,JFK
下午班機,TPE,上午抵達,1,1,1,1,1,0,2,0,800,990,0.5468126,0.5891658,48,36328,34018.902,JFK
上午班機,TPE,下午抵達,0,0,1,1,1,0,1,1,146,1014,0.5468126,0.5891658,37,72120,46518.742,JFK
上午班機,TPE,下午抵達,1,1,2,1,1,0,1,1,65,999,0.5468126,0.5891658,30,28815,25078.152,JFK
上午班機,TPE,晚間抵達,1,1,5,1,1,0,2,0,455,1070,0.5468126,0.5891658,35,47641,33038.855,JFK
下午班機,TSA,下午抵達,1,0,3,1,1,0,2,0,1305,965,0.5468126,0.5891658,49,69341,48328.395,JFK
上午班機,TPE,晚間抵達,1,1,3,1,1,0,2,1,210,1070,0.5468126,0.5891658,29,35843,29501.031,JFK
下午班機,TPE,凌晨抵達,1,1,3,1,1,2,2,1,495,1050,0.5468126,0.5891658,12,66873,53553.668,JFK
晚間班機,TPE,晚間抵達,1,1,1,1,1,0,1,1,550,1430,0.5468126,0.5891658,62,44658,45059.54,JFK
晚間班機,TPE,凌晨抵達,1,1,3,1,1,2,2,1,300,1050,0.5468126,0.5891658,43,63089,52344.266,JFK
下午班機,TPE,晚間抵達,1,1,2,1,2,2,2,1,220,985,0.5468126,0.5891658,59,47656,39738.21,JFK
晚間班機,TPE,下午抵達,0,0,2,1,1,2,1,1,689,1006,0.5468126,0.5891658,43,39501,46234.88,JFK
晚間班機,TPE,晚間抵達,1,1,1,1,1,0,1,1,790,1435,0.5468126,0.5891658,67,49812,49914.582,JFK
晚間班機,TPE,早晨抵達,0,0,1,1,1,0,1,1,370,949,0.5468126,0.5891658,74,25424,29891.693,JFK
上午班機,TPE,凌晨抵達,1,1,3,1,1,0,2,1,800,1060,0.5468126,0.5891658,39,22345,24249.52,JFK
上午班機,TPE,早晨抵達,1,1,2,1,1,0,1,0,1010,1000,0.5468126,0.5891658,35,21605,24873.613,JFK
早晨班機,TPE,晚間抵達,1,0,1,1,1,0,2,1,600,945,0.5468126,0.5891658,14,72889,70686.24,JFK
上午班機,TPE,下午抵達,0,0,1,1,1,2,1,1,162,1027,0.5468126,0.5891658,9,70136,51279.51,JFK
晚間班機,TPE,下午抵達,0,0,2,1,0,0,1,0,791,994,0.5468126,0.5891658,73,29371,38423.805,JFK
晚間班機,TPE,下午抵達,0,0,2,1,0,0,1,1,831,963,0.5468126,0.5891658,64,31716,37181.906,JFK
晚間班機,TPE,晚間抵達,1,1,1,1,1,0,1,1,790,1435,0.5468126,0.5891658,63,43844,46279.832,JFK
晚間班機,TSA,上午抵達,1,1,2,1,1,2,2,1,2095,975,0.5468126,0.5891658,38,47350,51998.566,JFK
晚間班機,TPE,下午抵達,1,0,2,1,1,1,1,0,340,1470,0.5468126,0.5891658,58,58382,75215.26,JFK
晚間班機,TPE,凌晨抵達,1,1,3,1,1,2,2,1,300,1050,0.5468126,0.5891658,46,63072,53814.934,JFK
晚間班機,TPE,晚間抵達,1,1,1,1,1,1,1,0,790,1435,0.5468126,0.5891658,58,44037,46353.156,JFK
上午班機,TSA,下午抵達,1,0,3,1,1,0,2,1,230,965,0.5468126,0.5891658,37,70055,58579.72,JFK
凌晨班機,TPE,上午抵達,0,0,3,1,1,0,2,1,280,960,0.5468126,0.5891658,9,46199,46339.633,JFK
上午班機,TSA,上午抵達,1,1,3,1,1,0,2,1,1305,945,0.5468126,0.5891658,35,41076,37493.516,JFK
晚間班機,TPE,下午抵達,0,0,1,1,0,0,1,1,711,999,0.5468126,0.5891658,62,23263,33930.9,JFK
早晨班機,TPE,凌晨抵達,1,1,3,1,1,0,2,0,950,1055,0.5468126,0.5891658,19,23927,25257.26,JFK
下午班機,TPE,晚間抵達,1,1,3,1,1,2,2,1,120,1060,0.5468126,0.5891658,34,71704,46492.44,JFK
凌晨班機,TPE,下午抵達,1,0,2,1,1,0,1,0,150,1407,0.5468126,0.5891658,8,63005,80302.28,JFK
晚間班機,TPE,下午抵達,0,0,2,1,1,0,1,1,867,1007,0.5468126,0.5891658,52,23303,31834.875,JFK
下午班機,TPE,晚間抵達,0,0,5,1,1,2,2,1,140,1075,0.5468126,0.5891658,34,63420,71629.72,JFK
晚間班機,TPE,下午抵達,0,0,2,1,1,0,1,1,851,994,0.5468126,0.5891658,67,32210,41767.324,JFK
下午班機,TPE,晚間抵達,0,0,3,1,1,2,2,1,130,1050,0.5468126,0.5891658,34,94484,122172.88,JFK
晚間班機,TPE,晚間抵達,0,0,2,1,1,1,1,1,1206,948,0.5468126,0.5891658,63,29029,33720.15,JFK
晚間班機,TSA,上午抵達,1,1,2,1,1,0,2,1,2095,975,0.5468126,0.5891658,54,31595,32399.932,JFK
上午班機,TPE,晚間抵達,0,0,3,1,1,0,2,1,375,955,0.5468126,0.5891658,33,43093,44033.387,JFK
下午班機,TPE,晚間抵達,1,1,5,1,1,0,2,1,120,1105,0.5468126,0.5891658,61,33660,37551.203,JFK
上午班機,TPE,晚間抵達,1,1,5,1,1,1,2,0,455,1070,0.5468126,0.5891658,33,38449,33837.957,JFK
凌晨班機,TPE,下午抵達,0,0,5,1,0,0,1,0,778,986,0.5468126,0.5891658,5,26857,34613.81,JFK
晚間班機,TPE,凌晨抵達,1,1,3,1,1,2,2,1,400,1050,0.5468126,0.5891658,52,86678,37543.72,JFK
下午班機,TSA,上午抵達,0,0,2,1,2,0,2,1,885,990,0.5468126,0.5891658,58,126438,118052.375,JFK
晚間班機,TPE,晚間抵達,1,1,2,1,2,0,2,1,1235,990,0.5468126,0.5891658,70,23474,25025.709,JFK
凌晨班機,TPE,晚間抵達,1,1,2,1,1,0,1,0,530,1385,0.5468126,0.5891658,8,57203,64403.387,JFK
晚間班機,TPE,下午抵達,1,1,3,1,1,0,2,1,715,1065,0.5468126,0.5891658,72,22842,23424.08,JFK
晚間班機,TPE,凌晨抵達,1,1,3,1,1,0,2,1,400,1050,0.5468126,0.5891658,67,23856,26044.732,JFK
上午班機,TSA,上午抵達,1,1,3,1,1,0,2,1,1305,945,0.5468126,0.5891658,28,28851,38002.664,JFK
上午班機,TPE,下午抵達,0,0,1,1,1,0,1,0,146,1014,0.5468126,0.5891658,37,72124,48827.348,JFK
下午班機,TPE,下午抵達,1,0,2,1,1,2,2,1,1015,1020,0.5468126,0.5891658,37,62196,59329.29,JFK
下午班機,TSA,晚間抵達,1,1,1,1,1,0,2,1,1575,930,0.5468126,0.5891658,58,33954,35805.805,JFK
晚間班機,TPE,下午抵達,0,0,2,1,1,2,1,1,867,1007,0.5468126,0.5891658,46,39823,46860.535,JFK
晚間班機,TPE,下午抵達,1,1,3,1,1,0,2,1,605,1070,0.5468126,0.5891658,54,22860,23350.787,JFK
早晨班機,TSA,上午抵達,1,0,1,1,1,0,2,1,1470,945,0.5468126,0.5891658,17,28664,31767.816,JFK
晚間班機,TPE,凌晨抵達,1,1,3,1,1,0,2,1,300,1050,0.5468126,0.5891658,65,24872,27024.637,JFK
晚間班機,TSA,晚間抵達,0,0,1,1,1,1,2,1,1480,930,0.5468126,0.5891658,63,182240,170940.4,JFK
上午班機,TSA,上午抵達,0,0,3,1,1,0,2,1,1335,945,0.5468126,0.5891658,30,43894,59172.992,JFK
晚間班機,TPE,凌晨抵達,1,1,3,1,1,0,2,1,235,1055,0.5468126,0.5891658,67,24624,25479.336,JFK
凌晨班機,TPE,上午抵達,0,0,3,1,1,0,2,0,280,960,0.5468126,0.5891658,12,52984,48341.023,JFK
晚間班機,TPE,晚間抵達,0,0,2,1,1,0,1,1,1184,990,0.5468126,0.5891658,63,24192,36194.18,JFK
上午班機,TPE,晚間抵達,1,1,3,1,1,0,2,1,305,960,0.5468126,0.5891658,35,36497,32042.795,JFK
晚間班機,TPE,下午抵達,1,1,5,1,2,0,2,0,175,1460,0.5468126,0.5891658,57,41457,46500.51,JFK
下午班機,TSA,上午抵達,0,0,2,1,2,0,2,1,960,990,0.5468126,0.5891658,60,126433,120291.945,JFK
上午班機,TPE,晚間抵達,1,1,2,1,1,0,1,1,453,1001,0.5468126,0.5891658,24,20767,24057.105,JFK
早晨班機,TPE,晚間抵達,0,0,3,1,1,0,2,1,435,1055,0.5468126,0.5891658,16,94200,78597.664,JFK
上午班機,TPE,凌晨抵達,1,1,3,1,1,0,2,1,930,1045,0.5468126,0.5891658,31,22354,24470.762,JFK
凌晨班機,TPE,下午抵達,0,0,5,1,0,0,1,1,641,974,0.5468126,0.5891658,12,24914,27923.584,JFK
下午班機,TPE,上午抵達,1,1,1,1,1,0,2,0,800,990,0.5468126,0.5891658,49,41655,34018.902,JFK
晚間班機,TPE,晚間抵達,0,0,2,1,1,0,1,1,1225,959,0.5468126,0.5891658,52,24754,32660.846,JFK
上午班機,TPE,下午抵達,1,1,2,1,1,0,1,0,70,1010,0.5468126,0.5891658,33,20747,24573.97,JFK
凌晨班機,TPE,下午抵達,0,0,5,1,1,2,1,1,867,987,0.5468126,0.5891658,2,35353,41004.67,JFK
下午班機,TSA,下午抵達,1,1,2,1,1,0,2,1,1000,990,0.5468126,0.5891658,65,33572,40252.492,JFK
晚間班機,TPE,下午抵達,0,0,1,1,1,0,1,1,877,1012,0.5468126,0.5891658,53,24283,31483.096,JFK
晚間班機,TSA,晚間抵達,0,0,3,1,1,0,2,1,1290,945,0.5468126,0.5891658,70,52920,51976.355,JFK
上午班機,TSA,晚間抵達,0,0,3,1,1,0,2,0,415,945,0.5468126,0.5891658,29,60860,66438.99,JFK
上午班機,TPE,晚間抵達,1,1,3,1,1,0,2,0,210,1070,0.5468126,0.5891658,26,25575,29985.404,JFK
下午班機,TSA,晚間抵達,1,1,3,1,1,0,2,0,1460,945,0.5468126,0.5891658,51,45205,45555.406,JFK
晚間班機,TPE,下午抵達,0,0,1,1,0,0,1,0,834,955,0.5468126,0.5891658,53,28006,29573.428,JFK
晚間班機,TPE,晚間抵達,1,1,5,1,1,0,2,1,1200,1075,0.5468126,0.5891658,62,29747,32790.742,JFK
下午班機,TPE,上午抵達,1,0,1,1,1,0,2,0,905,1000,0.5468126,0.5891658,62,36989,40806.418,JFK
晚間班機,TPE,凌晨抵達,1,1,3,1,1,2,2,1,335,1050,0.5468126,0.5891658,43,55034,48589.414,JFK
晚間班機,TSA,上午抵達,0,0,1,1,1,0,2,0,800,945,0.5468126,0.5891658,73,81670,74238.78,JFK
晚間班機,TPE,晚間抵達,1,0,1,0,1,0,1,1,0,885,0.5468126,0.5891658,60,26842,28526.67,JFK
晚間班機,TPE,下午抵達,0,0,1,1,1,0,1,1,711,999,0.5468126,0.5891658,76,23961,37490.477,JFK
下午班機,TSA,上午抵達,1,1,1,1,1,0,2,1,1085,955,0.5468126,0.5891658,61,41760,42217.418,JFK
晚間班機,TPE,下午抵達,0,0,1,1,0,1,1,0,836,953,0.5468126,0.5891658,59,25706,29872.799,JFK
晚間班機,TPE,下午抵達,1,1,3,1,1,0,2,1,705,1065,0.5468126,0.5891658,54,22855,23501.729,JFK
上午班機,TSA,晚間抵達,1,1,3,1,1,1,2,0,385,945,0.5468126,0.5891658,32,31127,44596.58,JFK
凌晨班機,TPE,下午抵達,0,0,5,1,0,0,1,0,701,974,0.5468126,0.5891658,7,43788,35748.86,JFK
早晨班機,TPE,晚間抵達,0,0,5,1,1,0,2,1,615,1075,0.5468126,0.5891658,17,44971,44799.06,JFK
上午班機,TSA,上午抵達,0,0,3,1,1,0,2,1,1335,945,0.5468126,0.5891658,37,51702,57495.004,JFK
晚間班機,TPE,下午抵達,0,0,1,1,1,0,1,1,861,999,0.5468126,0.5891658,70,25406,37716.266,JFK
下午班機,TPE,上午抵達,1,1,2,1,2,0,2,1,1090,985,0.5468126,0.5891658,61,25230,29488.57,JFK
晚間班機,TPE,晚間抵達,0,0,1,1,0,0,1,1,1016,953,0.5468126,0.5891658,65,31603,35244.855,JFK
下午班機,TSA,上午抵達,1,1,1,1,1,0,2,1,895,945,0.5468126,0.5891658,64,28413,45374.25,JFK
下午班機,TPE,晚間抵達,0,0,5,1,1,0,2,1,155,1100,0.5468126,0.5891658,55,86975,82436.1,JFK
凌晨班機,TPE,下午抵達,1,1,2,1,1,0,1,0,315,1390,0.5468126,0.5891658,6,61241,61772.69,JFK
下午班機,TSA,晚間抵達,1,0,1,1,1,0,2,1,155,930,0.5468126,0.5891658,52,45385,56062.664,JFK
凌晨班機,TPE,下午抵達,1,0,2,1,1,0,1,1,150,1407,0.5468126,0.5891658,12,57904,78374.836,JFK
上午班機,TPE,早晨抵達,1,1,2,1,1,0,1,1,1011,1009,0.5468126,0.5891658,37,20731,22017.232,JFK
晚間班機,TPE,下午抵達,0,0,1,1,1,0,1,1,931,999,0.5468126,0.5891658,60,24798,37428.78,JFK
上午班機,TPE,下午抵達,1,1,2,1,1,2,1,1,65,999,0.5468126,0.5891658,9,37831,36697.438,JFK
晚間班機,TPE,晚間抵達,1,1,1,1,1,1,1,0,790,1435,0.5468126,0.5891658,59,44930,46353.156,JFK
下午班機,TPE,晚間抵達,1,0,1,1,1,0,2,0,215,940,0.5468126,0.5891658,51,73337,70019.73,JFK
下午班機,TPE,上午抵達,1,1,1,1,1,2,2,1,1010,990,0.5468126,0.5891658,50,38201,43516.72,JFK
上午班機,TPE,凌晨抵達,1,1,3,1,1,0,2,1,915,1060,0.5468126,0.5891658,29,22351,25066.627,JFK
下午班機,TPE,凌晨抵達,1,1,3,1,1,0,2,1,770,1050,0.5468126,0.5891658,52,22543,23826.783,JFK
下午班機,TSA,上午抵達,1,1,1,1,1,0,2,1,895,945,0.5468126,0.5891658,56,45107,39615.91,JFK
晚間班機,TPE,晚間抵達,1,0,1,0,1,0,1,0,0,885,0.5468126,0.5891658,53,30080,32809.887,JFK
下午班機,TPE,上午抵達,1,1,1,1,1,2,2,1,800,990,0.5468126,0.5891658,12,54281,52776.605,JFK
晚間班機,TSA,晚間抵達,0,0,1,1,1,0,2,1,1480,930,0.5468126,0.5891658,54,169548,170192.3,JFK
晚間班機,TPE,下午抵達,0,0,1,1,0,2,1,1,834,955,0.5468126,0.5891658,52,29504,35327.203,JFK
下午班機,TPE,上午抵達,1,1,2,1,2,0,2,1,1090,985,0.5468126,0.5891658,58,26836,29488.57,JFK
晚間班機,TPE,下午抵達,0,0,1,1,1,0,1,1,836,953,0.5468126,0.5891658,70,31748,29383.268,JFK
下午班機,TSA,上午抵達,1,1,3,1,1,0,2,1,940,945,0.5468126,0.5891658,58,37609,36963.44,JFK
晚間班機,TPE,凌晨抵達,1,1,3,1,1,0,2,0,300,1050,0.5468126,0.5891658,66,28902,29670.809,JFK
早晨班機,TPE,晚間抵達,1,0,2,1,2,0,2,1,490,985,0.5468126,0.5891658,17,42578,56573.5,JFK
晚間班機,TSA,上午抵達,0,0,1,1,1,0,2,0,800,945,0.5468126,0.5891658,53,72920,72258.0,JFK
下午班機,TSA,上午抵達,1,0,1,1,1,0,2,1,950,1000,0.5468126,0.5891658,52,48438,51625.65,JFK
上午班機,TSA,上午抵達,1,1,3,1,1,0,2,0,1305,945,0.5468126,0.5891658,33,47848,41614.844,JFK
晚間班機,TPE,下午抵達,1,1,2,1,1,0,2,1,905,1000,0.5468126,0.5891658,54,48224,31698.422,JFK
下午班機,TPE,晚間抵達,1,1,3,1,1,0,2,1,65,1060,0.5468126,0.5891658,47,26324,29242.678,JFK
早晨班機,TPE,晚間抵達,1,1,3,1,1,0,2,1,360,1065,0.5468126,0.5891658,15,27231,28089.293,JFK
早晨班機,TPE,晚間抵達,1,0,1,1,1,1,2,0,655,945,0.5468126,0.5891658,18,73045,71097.914,JFK
凌晨班機,TPE,下午抵達,0,0,3,1,1,0,2,1,645,980,0.5468126,0.5891658,4,40868,41581.953,JFK
下午班機,TSA,上午抵達,1,1,1,1,1,0,2,0,1085,955,0.5468126,0.5891658,62,53630,47738.426,JFK
上午班機,TPE,晚間抵達,1,1,5,1,1,2,2,1,1895,1070,0.5468126,0.5891658,9,54748,47795.05,JFK
晚間班機,TPE,下午抵達,1,1,3,1,1,0,2,1,770,1065,0.5468126,0.5891658,67,23076,24103.658,JFK
晚間班機,TPE,早晨抵達,0,0,2,1,1,0,1,0,275,949,0.5468126,0.5891658,73,25799,29929.52,JFK
晚間班機,TPE,晚間抵達,0,0,2,1,1,0,1,1,1184,990,0.5468126,0.5891658,54,24659,35757.93,JFK
凌晨班機,TPE,下午抵達,0,0,5,1,0,2,1,1,689,986,0.5468126,0.5891658,7,36916,41801.594,JFK
晚間班機,TPE,下午抵達,1,1,3,1,1,0,2,1,705,1065,0.5468126,0.5891658,34,23510,25523.139,JFK
晚間班機,TPE,下午抵達,0,0,2,1,1,1,1,0,701,994,0.5468126,0.5891658,58,28300,38519.53,JFK
晚間班機,TPE,上午抵達,1,1,2,1,2,0,2,1,665,990,0.5468126,0.5891658,63,29639,28111.83,JFK
上午班機,TPE,下午抵達,1,1,3,1,1,0,2,0,1230,1075,0.5468126,0.5891658,33,22793,25651.424,JFK
下午班機,TPE,晚間抵達,1,1,3,1,1,2,2,1,65,1060,0.5468126,0.5891658,24,65856,51340.14,JFK
下午班機,TPE,凌晨抵達,1,1,3,1,1,0,2,1,495,1050,0.5468126,0.5891658,33,23010,30505.15,JFK
下午班機,TPE,凌晨抵達,1,1,3,1,1,2,2,0,495,1050,0.5468126,0.5891658,39,35525,45181.145,JFK
晚間班機,TSA,晚間抵達,0,0,3,1,1,0,2,1,1290,945,0.5468126,0.5891658,53,42925,50954.207,JFK
上午班機,TSA,下午抵達,1,0,3,1,1,0,2,1,230,965,0.5468126,0.5891658,31,78772,60669.81,JFK
下午班機,TPE,晚間抵達,1,1,3,1,1,0,2,1,120,1060,0.5468126,0.5891658,33,25242,29468.525,JFK
晚間班機,TPE,下午抵達,0,0,1,1,1,0,1,0,776,953,0.5468126,0.5891658,71,27413,29365.506,JFK
下午班機,TPE,晚間抵達,1,1,2,1,2,0,2,0,220,985,0.5468126,0.5891658,54,49997,32085.607,JFK
下午班機,TPE,晚間抵達,0,0,2,1,2,0,2,0,205,985,0.5468126,0.5891658,63,42083,45228.266,JFK
凌晨班機,TPE,下午抵達,0,0,5,1,0,0,1,1,701,974,0.5468126,0.5891658,6,28764,30377.902,JFK
晚間班機,TPE,下午抵達,1,0,1,1,1,0,1,1,1020,940,0.5468126,0.5891658,72,61040,42433.82,JFK
凌晨班機,TPE,下午抵達,1,0,2,1,1,2,1,1,150,1413,0.5468126,0.5891658,5,56983,67132.02,JFK
晚間班機,TPE,凌晨抵達,1,1,3,1,1,0,2,1,400,1050,0.5468126,0.5891658,64,22348,26371.562,JFK
晚間班機,TPE,晚間抵達,1,1,1,1,1,0,1,1,550,1430,0.5468126,0.5891658,72,43669,43709.63,JFK
上午班機,TPE,晚間抵達,1,1,3,1,1,2,2,1,305,960,0.5468126,0.5891658,26,42502,45168.69,JFK
晚間班機,TPE,晚間抵達,1,1,1,1,1,2,1,1,550,1430,0.5468126,0.5891658,61,48307,55083.418,JFK
上午班機,TPE,晚間抵達,1,1,3,1,1,0,2,1,305,960,0.5468126,0.5891658,33,40715,33918.637,JFK
下午班機,TSA,上午抵達,1,1,3,1,1,1,2,0,940,945,0.5468126,0.5891658,50,30825,43469.348,JFK
上午班機,TSA,晚間抵達,0,0,1,1,1,0,2,1,605,930,0.5468126,0.5891658,37,72990,78433.91,JFK
晚間班機,TPE,凌晨抵達,0,0,3,1,1,2,2,0,180,1035,0.5468126,0.5891658,43,94214,83299.57,JFK
下午班機,TPE,凌晨抵達,1,1,3,1,1,0,2,1,655,1050,0.5468126,0.5891658,60,22337,25943.486,JFK
上午班機,TPE,凌晨抵達,1,1,3,1,1,0,2,1,860,1060,0.5468126,0.5891658,29,25502,24104.348,JFK
晚間班機,TPE,下午抵達,0,0,1,1,0,0,1,1,836,953,0.5468126,0.5891658,72,32385,26916.04,JFK
下午班機,TPE,上午抵達,1,1,1,1,1,0,2,1,1010,990,0.5468126,0.5891658,51,37508,31765.395,JFK
上午班機,TPE,晚間抵達,1,1,3,1,1,0,2,1,305,960,0.5468126,0.5891658,40,31033,32313.436,JFK
晚間班機,TPE,凌晨抵達,1,1,3,1,1,0,2,0,345,1050,0.5468126,0.5891658,66,28902,29338.156,JFK
下午班機,TPE,上午抵達,1,0,2,1,2,1,2,0,885,990,0.5468126,0.5891658,63,63051,50518.87,JFK
下午班機,TPE,凌晨抵達,1,1,3,1,1,0,2,1,565,1050,0.5468126,0.5891658,58,23728,23924.994,JFK
晚間班機,TPE,下午抵達,1,1,3,1,1,0,2,1,670,1065,0.5468126,0.5891658,76,22841,23034.553,JFK
晚間班機,TPE,下午抵達,0,0,1,1,1,0,1,1,834,955,0.5468126,0.5891658,54,24822,30791.744,JFK
下午班機,TSA,上午抵達,1,1,3,1,1,0,2,1,940,945,0.5468126,0.5891658,57,34659,37169.105,JFK
下午班機,TPE,上午抵達,1,1,2,1,2,0,2,0,1090,985,0.5468126,0.5891658,62,26570,31819.607,JFK
上午班機,TPE,凌晨抵達,1,1,3,1,1,2,2,0,930,1045,0.5468126,0.5891658,11,49036,41372.066,JFK
下午班機,TPE,上午抵達,1,1,2,1,2,0,2,0,1090,985,0.5468126,0.5891658,58,31928,31819.607,JFK
晚間班機,TPE,下午抵達,0,0,1,1,0,0,1,1,931,999,0.5468126,0.5891658,57,32700,36352.24,JFK
下午班機,TPE,凌晨抵達,1,1,3,1,1,0,2,1,495,1050,0.5468126,0.5891658,64,25507,27315.812,JFK
晚間班機,TPE,下午抵達,1,0,1,1,1,0,1,1,1020,940,0.5468126,0.5891658,73,54244,42367.14,JFK
晚間班機,TPE,凌晨抵達,1,1,3,1,1,0,2,1,340,1050,0.5468126,0.5891658,77,22345,25088.965,JFK
下午班機,TPE,下午抵達,1,1,3,1,1,1,2,1,935,1065,0.5468126,0.5891658,64,22855,24278.793,JFK
下午班機,TSA,晚間抵達,1,0,1,1,1,0,2,1,1595,930,0.5468126,0.5891658,57,42135,47644.094,JFK
下午班機,TSA,上午抵達,1,1,1,1,1,0,2,1,1085,955,0.5468126,0.5891658,58,28788,42217.418,JFK
上午班機,TPE,凌晨抵達,1,1,3,1,1,0,2,0,930,1045,0.5468126,0.5891658,29,22352,25445.363,JFK
上午班機,TPE,上午抵達,1,1,2,1,1,0,2,0,1210,980,0.5468126,0.5891658,32,34049,30620.984,JFK
下午班機,TPE,下午抵達,1,1,3,1,1,0,2,1,935,1065,0.5468126,0.5891658,65,22838,24966.635,JFK
上午班機,TPE,凌晨抵達,1,1,3,1,1,0,2,0,915,1060,0.5468126,0.5891658,29,22336,25283.867,JFK
下午班機,TPE,上午抵達,1,1,1,1,1,2,2,1,1010,990,0.5468126,0.5891658,22,53117,47575.938,JFK
上午班機,TPE,上午抵達,1,1,2,1,1,0,2,1,1210,980,0.5468126,0.5891658,40,28481,26341.123,JFK
早晨班機,TPE,凌晨抵達,1,1,3,1,1,0,2,1,950,1055,0.5468126,0.5891658,17,22887,23816.197,JFK
下午班機,TPE,晚間抵達,1,1,3,1,1,0,2,1,65,1060,0.5468126,0.5891658,62,29440,27530.77,JFK
晚間班機,TPE,下午抵達,0,0,1,1,1,0,1,1,931,999,0.5468126,0.5891658,76,24199,37010.53,JFK
早晨班機,TPE,晚間抵達,0,0,3,1,1,0,2,1,435,1055,0.5468126,0.5891658,17,98569,78597.664,JFK
下午班機,TPE,凌晨抵達,1,1,3,1,1,0,2,1,495,1050,0.5468126,0.5891658,56,22356,25842.389,JFK
晚間班機,TPE,晚間抵達,1,0,1,0,1,0,1,0,0,885,0.5468126,0.5891658,52,30048,33958.254,JFK
晚間班機,TPE,下午抵達,0,0,2,1,1,0,1,1,701,994,0.5468126,0.5891658,51,27256,37179.457,JFK
晚間班機,TPE,下午抵達,1,0,2,1,1,0,1,1,340,1440,0.5468126,0.5891658,70,60569,75779.31,JFK
下午班機,TSA,晚間抵達,1,1,1,1,1,0,2,1,325,940,0.5468126,0.5891658,55,49172,46660.21,JFK
晚間班機,TPE,下午抵達,0,0,5,1,1,2,1,1,959,960,0.5468126,0.5891658,36,38713,42632.703,JFK
凌晨班機,TPE,下午抵達,1,1,2,1,1,0,1,0,315,1390,0.5468126,0.5891658,8,57295,62735.254,JFK
上午班機,TPE,晚間抵達,0,0,3,1,1,0,2,1,375,955,0.5468126,0.5891658,31,41946,44512.36,JFK
下午班機,TPE,上午抵達,1,1,1,1,1,0,2,1,800,990,0.5468126,0.5891658,58,22733,31437.701,JFK
晚間班機,TPE,凌晨抵達,0,0,3,1,1,2,2,1,390,1035,0.5468126,0.5891658,46,94706,83514.18,JFK
上午班機,TPE,晚間抵達,0,0,3,1,1,0,2,1,375,955,0.5468126,0.5891658,30,41959,44512.36,JFK
上午班機,TPE,晚間抵達,0,0,1,1,1,1,1,1,474,995,0.5468126,0.5891658,35,24830,35163.438,JFK
晚間班機,TPE,下午抵達,1,1,3,1,1,0,2,0,770,1065,0.5468126,0.5891658,54,23540,23944.922,JFK
晚間班機,TPE,下午抵達,1,0,1,1,1,0,1,0,1030,938,0.5468126,0.5891658,64,59136,52427.1,JFK
晚間班機,TSA,上午抵達,1,1,2,1,1,0,2,1,2095,975,0.5468126,0.5891658,50,32164,31214.41,JFK
上午班機,TPE,下午抵達,0,0,1,1,1,0,1,1,157,1012,0.5468126,0.5891658,33,22200,33186.902,JFK
晚間班機,TPE,凌晨抵達,1,1,3,1,1,0,2,1,300,1050,0.5468126,0.5891658,52,22356,26213.037,JFK
下午班機,TPE,下午抵達,1,1,2,1,1,0,2,0,1110,1015,0.5468126,0.5891658,58,53427,35455.297,JFK
晚間班機,TPE,下午抵達,1,0,1,1,1,1,1,0,1030,938,0.5468126,0.5891658,58,52502,44811.664,JFK
上午班機,TPE,晚間抵達,1,1,3,1,1,0,2,0,305,960,0.5468126,0.5891658,32,43157,37700.586,JFK
晚間班機,TPE,凌晨抵達,1,1,3,1,1,0,2,1,235,1055,0.5468126,0.5891658,74,22337,24226.01,JFK
下午班機,TPE,下午抵達,1,1,3,1,1,0,2,1,865,1065,0.5468126,0.5891658,57,22853,24451.492,JFK
晚間班機,TPE,凌晨抵達,1,1,3,1,1,0,2,1,335,1050,0.5468126,0.5891658,53,24723,24332.64,JFK
晚間班機,TPE,凌晨抵達,1,1,3,1,1,1,2,1,345,1050,0.5468126,0.5891658,63,25889,24385.494,JFK
下午班機,TSA,上午抵達,1,1,3,1,1,0,2,0,940,945,0.5468126,0.5891658,58,35245,41790.953,JFK
下午班機,TSA,上午抵達,1,0,1,1,1,0,2,1,915,945,0.5468126,0.5891658,55,74857,69843.33,JFK
晚間班機,TPE,凌晨抵達,0,0,3,1,1,2,2,1,390,1035,0.5468126,0.5891658,52,94672,66547.69,JFK
下午班機,TPE,上午抵達,1,0,1,1,1,0,2,1,905,1000,0.5468126,0.5891658,51,41437,39337.273,JFK
上午班機,TPE,晚間抵達,1,1,3,1,1,0,2,1,280,1055,0.5468126,0.5891658,40,27358,29727.824,JFK
下午班機,TPE,上午抵達,1,0,2,1,2,0,2,1,885,990,0.5468126,0.5891658,51,45844,46751.348,JFK
下午班機,TSA,下午抵達,0,0,2,1,1,2,2,0,1140,1005,0.5468126,0.5891658,34,67899,76036.305,JFK
晚間班機,TPE,晚間抵達,1,1,1,1,1,0,1,1,550,1430,0.5468126,0.5891658,55,45509,46196.93,JFK
上午班機,TPE,晚間抵達,1,1,2,1,1,0,1,1,455,999,0.5468126,0.5891658,37,21594,23471.266,JFK
上午班機,TSA,上午抵達,0,0,1,1,1,1,2,1,1365,945,0.5468126,0.5891658,35,79949,74873.234,JFK
下午班機,TSA,上午抵達,1,1,1,1,1,0,2,1,1085,955,0.5468126,0.5891658,51,57100,43440.09,JFK
晚間班機,TPE,下午抵達,0,0,1,1,0,0,1,1,834,955,0.5468126,0.5891658,50,25758,27068.049,JFK
下午班機,TSA,晚間抵達,1,1,3,1,1,0,2,1,1460,945,0.5468126,0.5891658,62,38816,34672.55,JFK
晚間班機,TPE,下午抵達,1,1,5,1,2,0,2,1,175,1460,0.5468126,0.5891658,51,38855,42682.66,JFK
下午班機,TSA,晚間抵達,1,0,1,1,1,0,2,1,1595,930,0.5468126,0.5891658,33,46082,58515.562,JFK
上午班機,TSA,上午抵達,0,0,1,1,1,0,2,1,1365,945,0.5468126,0.5891658,33,72913,76229.22,JFK
晚間班機,TPE,下午抵達,1,1,3,1,1,2,2,1,670,1065,0.5468126,0.5891658,52,45979,34252.156,JFK
下午班機,TSA,下午抵達,1,0,3,1,1,0,2,1,1305,965,0.5468126,0.5891658,58,43726,46687.5,JFK
晚間班機,TSA,晚間抵達,0,0,1,1,1,1,2,0,1480,930,0.5468126,0.5891658,58,194898,166162.12,JFK
晚間班機,TPE,下午抵達,0,0,1,1,0,0,1,1,861,999,0.5468126,0.5891658,60,24031,35009.48,JFK
晚間班機,TPE,下午抵達,0,0,1,1,1,0,1,0,861,999,0.5468126,0.5891658,78,28532,38610.08,JFK
上午班機,TPE,下午抵達,0,0,1,1,1,0,1,1,141,999,0.5468126,0.5891658,40,25794,33301.008,JFK
下午班機,TPE,上午抵達,1,1,2,1,2,0,2,1,1090,985,0.5468126,0.5891658,51,34817,31109.47,JFK
下午班機,TPE,晚間抵達,1,1,3,1,1,0,2,1,65,1060,0.5468126,0.5891658,58,28407,27751.045,JFK
晚間班機,TPE,下午抵達,1,1,3,1,1,2,2,1,705,1065,0.5468126,0.5891658,43,40924,43839.42,JFK
上午班機,TSA,晚間抵達,1,1,3,1,1,0,2,1,385,945,0.5468126,0.5891658,35,39599,35111.53,JFK
上午班機,TSA,下午抵達,1,0,3,1,1,0,2,1,230,965,0.5468126,0.5891658,35,74721,58089.094,JFK
凌晨班機,TPE,下午抵達,0,0,5,1,0,0,1,0,701,974,0.5468126,0.5891658,10,32344,34654.934,JFK
上午班機,TPE,凌晨抵達,1,1,3,1,1,0,2,1,860,1060,0.5468126,0.5891658,35,22334,23615.057,JFK
早晨班機,TPE,晚間抵達,1,1,3,1,1,0,2,1,360,1065,0.5468126,0.5891658,17,24049,28089.293,JFK
晚間班機,TSA,上午抵達,0,0,3,1,1,0,2,0,770,945,0.5468126,0.5891658,78,58863,60409.074,JFK
下午班機,TSA,下午抵達,1,0,3,1,1,0,2,1,1305,965,0.5468126,0.5891658,64,46966,51074.473,JFK
下午班機,TSA,上午抵達,1,1,1,1,1,0,2,1,895,945,0.5468126,0.5891658,59,27464,39396.707,JFK
上午班機,TSA,晚間抵達,0,0,1,1,1,0,2,1,605,930,0.5468126,0.5891658,35,85989,78433.91,JFK
晚間班機,TPE,凌晨抵達,1,1,3,1,1,0,2,0,400,1050,0.5468126,0.5891658,54,32746,27386.268,JFK
晚間班機,TPE,下午抵達,1,1,3,1,1,0,2,1,770,1065,0.5468126,0.5891658,51,22853,22874.871,JFK
晚間班機,TPE,凌晨抵達,1,1,3,1,1,0,2,1,400,1050,0.5468126,0.5891658,54,22385,24808.39,JFK
晚間班機,TPE,下午抵達,0,0,2,1,0,0,1,1,791,994,0.5468126,0.5891658,77,25857,39487.586,JFK
上午班機,TPE,下午抵達,1,1,2,1,1,0,1,1,65,999,0.5468126,0.5891658,33,21667,24292.875,JFK
下午班機,TSA,下午抵達,1,0,3,1,1,0,2,1,1305,965,0.5468126,0.5891658,55,56610,44955.707,JFK
下午班機,TPE,下午抵達,1,1,3,1,1,0,2,1,935,1065,0.5468126,0.5891658,51,24816,23786.87,JFK
上午班機,TPE,凌晨抵達,1,1,3,1,1,0,2,0,930,1045,0.5468126,0.5891658,30,28902,25975.572,JFK
上午班機,TSA,晚間抵達,0,0,1,1,1,1,2,1,605,930,0.5468126,0.5891658,35,79949,78433.91,JFK
晚間班機,TPE,下午抵達,0,0,1,1,0,2,1,1,834,955,0.5468126,0.5891658,61,30541,36235.246,JFK
晚間班機,TPE,上午抵達,1,1,2,1,2,0,2,1,665,990,0.5468126,0.5891658,54,81579,28857.578,JFK
晚間班機,TPE,下午抵達,1,1,3,1,1,0,2,1,605,1070,0.5468126,0.5891658,51,22860,23204.2,JFK
上午班機,TSA,晚間抵達,1,1,3,1,1,0,2,1,385,945,0.5468126,0.5891658,30,43101,37571.3,JFK
下午班機,TSA,晚間抵達,1,1,1,1,1,0,2,1,325,940,0.5468126,0.5891658,57,45766,45562.27,JFK
晚間班機,TPE,下午抵達,1,1,3,1,1,0,2,1,605,1070,0.5468126,0.5891658,72,22842,23076.748,JFK
上午班機,TPE,上午抵達,1,1,2,1,1,0,2,1,1210,980,0.5468126,0.5891658,37,29646,26341.123,JFK
晚間班機,TSA,晚間抵達,0,0,3,1,1,0,2,1,1290,945,0.5468126,0.5891658,73,44336,51560.453,JFK
下午班機,TPE,下午抵達,1,1,3,1,1,2,2,1,935,1065,0.5468126,0.5891658,50,26757,32102.502,JFK
下午班機,TSA,下午抵達,1,1,2,1,1,0,2,0,1000,990,0.5468126,0.5891658,53,46944,44627.72,JFK
晚間班機,TPE,晚間抵達,1,1,1,1,1,2,1,1,790,1435,0.5468126,0.5891658,61,46919,54630.203,JFK
下午班機,TPE,晚間抵達,1,1,2,1,2,0,2,0,220,985,0.5468126,0.5891658,49,47821,31546.123,JFK
晚間班機,TPE,上午抵達,1,1,2,1,2,0,2,1,665,990,0.5468126,0.5891658,53,24590,28857.578,JFK
下午班機,TPE,晚間抵達,0,0,5,1,1,0,2,1,1695,1075,0.5468126,0.5891658,55,40798,41683.082,JFK
晚間班機,TPE,下午抵達,1,1,3,1,1,2,2,1,715,1065,0.5468126,0.5891658,46,42502,45829.11,JFK
上午班機,TPE,晚間抵達,1,1,5,1,1,0,2,1,1895,1070,0.5468126,0.5891658,37,31838,30686.91,JFK
下午班機,TSA,上午抵達,1,1,1,1,1,0,2,1,1085,955,0.5468126,0.5891658,52,27076,42530.61,JFK
下午班機,TSA,晚間抵達,1,1,3,1,1,0,2,1,1460,945,0.5468126,0.5891658,51,43466,41190.062,JFK
晚間班機,TPE,下午抵達,1,1,2,1,1,0,2,0,905,1000,0.5468126,0.5891658,78,38171,31941.53,JFK
下午班機,TSA,上午抵達,1,0,1,1,1,0,2,1,915,945,0.5468126,0.5891658,56,72993,68199.88,JFK
上午班機,TPE,晚間抵達,1,1,3,1,1,0,2,1,305,960,0.5468126,0.5891658,31,33265,33906.605,JFK
早晨班機,TPE,晚間抵達,0,0,5,1,1,0,2,0,615,1075,0.5468126,0.5891658,18,50407,50853.957,JFK
晚間班機,TPE,晚間抵達,0,0,2,1,0,1,1,0,1206,948,0.5468126,0.5891658,58,29993,37427.426,JFK
上午班機,TSA,上午抵達,0,0,3,1,1,0,2,1,1335,945,0.5468126,0.5891658,29,61008,58749.574,JFK
晚間班機,TPE,晚間抵達,1,1,3,1,1,0,2,0,1090,1060,0.5468126,0.5891658,66,36920,33645.234,JFK
上午班機,TSA,上午抵達,0,0,3,1,1,0,2,1,1335,945,0.5468126,0.5891658,33,41881,58536.27,JFK
晚間班機,TPE,晚間抵達,1,1,3,1,1,0,2,1,1090,1060,0.5468126,0.5891658,34,35875,30991.553,JFK
下午班機,TPE,晚間抵達,1,1,2,1,2,0,2,1,220,985,0.5468126,0.5891658,57,28028,28424.965,JFK
晚間班機,TPE,晚間抵達,0,0,2,1,1,0,1,0,951,963,0.5468126,0.5891658,71,25770,30591.066,JFK
上午班機,TSA,上午抵達,0,0,3,1,1,0,2,0,1335,945,0.5468126,0.5891658,30,74988,63252.57,JFK
晚間班機,TPE,下午抵達,1,1,3,1,1,0,2,1,715,1065,0.5468126,0.5891658,63,22913,23148.963,JFK
晚間班機,TPE,凌晨抵達,1,1,3,1,1,0,2,0,235,1055,0.5468126,0.5891658,73,27952,25482.398,JFK
凌晨班機,TPE,下午抵達,0,0,3,1,1,0,2,1,645,980,0.5468126,0.5891658,9,39719,39525.074,JFK
下午班機,TSA,下午抵達,1,0,3,1,1,0,2,0,1305,965,0.5468126,0.5891658,54,58236,48196.523,JFK
下午班機,TSA,晚間抵達,1,0,1,1,1,0,2,1,1595,930,0.5468126,0.5891658,56,64240,48474.86,JFK
上午班機,TPE,早晨抵達,1,1,2,1,1,0,1,1,995,1000,0.5468126,0.5891658,26,21329,24227.674,JFK
上午班機,TPE,晚間抵達,1,1,5,1,1,0,2,1,1895,1070,0.5468126,0.5891658,29,33926,30986.586,JFK
下午班機,TSA,晚間抵達,1,0,1,1,1,0,2,0,1595,930,0.5468126,0.5891658,58,61190,51387.508,JFK
晚間班機,TPE,凌晨抵達,1,1,3,1,1,0,2,1,345,1050,0.5468126,0.5891658,55,26254,24995.75,JFK
下午班機,TPE,晚間抵達,1,0,2,0,1,1,1,0,0,885,0.5468126,0.5891658,50,25938,25410.516,JFK
上午班機,TPE,晚間抵達,1,1,5,1,1,0,2,1,1895,1070,0.5468126,0.5891658,26,27995,30492.207,JFK
下午班機,TSA,上午抵達,1,0,1,1,1,0,2,0,915,945,0.5468126,0.5891658,51,75643,71402.734,JFK
晚間班機,TPE,下午抵達,1,1,3,1,1,0,2,1,605,1070,0.5468126,0.5891658,74,22842,23112.033,JFK
上午班機,TSA,晚間抵達,1,1,3,1,1,0,2,1,385,945,0.5468126,0.5891658,33,29029,37167.016,JFK
下午班機,TSA,晚間抵達,1,1,1,1,1,1,2,0,325,940,0.5468126,0.5891658,50,48547,50625.75,JFK
下午班機,TPE,晚間抵達,0,0,5,1,1,0,2,1,255,1075,0.5468126,0.5891658,58,46125,48465.43,JFK
晚間班機,TPE,下午抵達,0,0,2,1,1,0,1,1,851,994,0.5468126,0.5891658,70,25840,38137.69,JFK
下午班機,TPE,晚間抵達,1,0,2,0,1,1,1,0,0,885,0.5468126,0.5891658,63,25430,26913.986,JFK
凌晨班機,TPE,下午抵達,0,0,5,1,1,0,1,1,701,974,0.5468126,0.5891658,7,29496,31239.992,JFK
晚間班機,TPE,凌晨抵達,1,1,3,1,1,2,2,1,335,1050,0.5468126,0.5891658,52,26254,36585.65,JFK
晚間班機,TPE,晚間抵達,1,1,1,1,1,0,1,1,790,1435,0.5468126,0.5891658,74,43667,47335.527,JFK
晚間班機,TPE,凌晨抵達,1,1,3,1,1,0,2,1,235,1055,0.5468126,0.5891658,57,27322,24879.996,JFK
上午班機,TPE,晚間抵達,1,1,2,1,1,0,1,1,455,1002,0.5468126,0.5891658,37,20825,22240.836,JFK
晚間班機,TPE,下午抵達,0,0,2,1,1,0,1,1,867,1007,0.5468126,0.5891658,53,25432,31834.875,JFK
下午班機,TPE,上午抵達,1,1,3,1,1,0,2,0,1055,960,0.5468126,0.5891658,53,49534,29612.828,JFK
晚間班機,TPE,凌晨抵達,1,1,3,1,1,2,2,0,235,1055,0.5468126,0.5891658,41,31579,41576.6,JFK
晚間班機,TPE,下午抵達,0,0,2,1,1,0,1,0,771,963,0.5468126,0.5891658,71,27141,31189.086,JFK
下午班機,TPE,下午抵達,1,1,3,1,1,0,2,1,865,1065,0.5468126,0.5891658,49,26757,24370.73,JFK
晚間班機,TPE,下午抵達,1,1,3,1,1,0,2,1,715,1065,0.5468126,0.5891658,78,22838,23850.906,JFK
上午班機,TSA,晚間抵達,0,0,3,1,1,0,2,1,415,945,0.5468126,0.5891658,22,72001,63632.84,JFK
上午班機,TPE,上午抵達,1,1,2,1,1,0,2,0,1210,980,0.5468126,0.5891658,26,32997,35947.527,JFK
晚間班機,TPE,下午抵達,1,1,3,1,1,2,2,1,715,1065,0.5468126,0.5891658,52,46365,34054.867,JFK
晚間班機,TPE,下午抵達,0,0,2,1,1,0,1,1,701,994,0.5468126,0.5891658,54,23550,37836.273,JFK
下午班機,TPE,晚間抵達,1,1,3,1,1,0,2,1,120,1060,0.5468126,0.5891658,57,23644,27552.992,JFK
凌晨班機,TPE,下午抵達,0,0,3,1,1,0,2,1,645,980,0.5468126,0.5891658,7,41660,38966.723,JFK
下午班機,TPE,凌晨抵達,1,1,3,1,1,0,2,1,715,1050,0.5468126,0.5891658,57,22355,24388.33,JFK
上午班機,TPE,晚間抵達,1,1,3,1,1,0,2,0,210,1070,0.5468126,0.5891658,33,23011,33451.09,JFK
晚間班機,TPE,上午抵達,1,1,2,1,2,1,2,1,665,990,0.5468126,0.5891658,63,29351,28111.83,JFK
晚間班機,TPE,下午抵達,1,1,3,1,1,0,2,1,670,1065,0.5468126,0.5891658,54,23036,23476.145,JFK
凌晨班機,TPE,上午抵達,0,0,3,1,1,0,2,1,280,960,0.5468126,0.5891658,7,41826,44894.867,JFK
凌晨班機,TPE,晚間抵達,1,1,2,1,1,2,1,1,530,1385,0.5468126,0.5891658,8,56965,55286.777,JFK
下午班機,TSA,晚間抵達,1,0,1,1,1,0,2,1,155,930,0.5468126,0.5891658,57,48731,55959.465,JFK
晚間班機,TPE,晚間抵達,0,0,2,1,1,0,1,1,1011,963,0.5468126,0.5891658,73,26567,32914.19,JFK
下午班機,TPE,下午抵達,1,0,2,1,1,0,2,0,1015,1020,0.5468126,0.5891658,65,41899,51132.42,JFK
晚間班機,TPE,下午抵達,0,0,2,1,1,2,1,1,867,1007,0.5468126,0.5891658,43,39501,43022.645,JFK
晚間班機,TPE,晚間抵達,1,1,3,1,1,2,2,1,1090,1060,0.5468126,0.5891658,52,26757,40523.926,JFK
晚間班機,TPE,晚間抵達,1,1,5,1,1,0,2,1,1200,1075,0.5468126,0.5891658,71,31555,32411.15,JFK
早晨班機,TPE,晚間抵達,0,0,3,1,1,2,2,1,435,1055,0.5468126,0.5891658,16,94238,96570.484,JFK
晚間班機,TPE,凌晨抵達,1,1,3,1,1,2,2,0,400,1050,0.5468126,0.5891658,41,33873,39564.598,JFK
上午班機,TPE,凌晨抵達,1,1,3,1,1,0,2,1,870,1045,0.5468126,0.5891658,37,22337,23969.734,JFK
早晨班機,TPE,晚間抵達,0,0,3,1,1,1,2,0,435,1055,0.5468126,0.5891658,18,94223,81433.88,JFK
晚間班機,TPE,凌晨抵達,1,1,3,1,1,0,2,1,275,1050,0.5468126,0.5891658,71,22372,24218.133,JFK
上午班機,TSA,晚間抵達,1,1,3,1,1,2,2,1,385,945,0.5468126,0.5891658,26,37043,40352.504,JFK
下午班機,TSA,晚間抵達,1,0,1,1,1,0,2,0,1595,930,0.5468126,0.5891658,51,45942,51315.617,JFK
下午班機,TPE,凌晨抵達,1,1,3,1,1,0,2,1,495,1050,0.5468126,0.5891658,57,25543,25842.389,JFK
晚間班機,TPE,晚間抵達,1,1,5,1,1,0,2,1,1200,1075,0.5468126,0.5891658,54,26745,32461.666,JFK
晚間班機,TPE,下午抵達,0,0,2,1,0,1,1,1,851,994,0.5468126,0.5891658,63,29034,38758.5,JFK
下午班機,TSA,晚間抵達,1,1,1,1,1,0,2,1,1765,940,0.5468126,0.5891658,61,40327,38699.996,JFK
下午班機,TPE,下午抵達,1,1,2,1,1,0,2,0,1110,1015,0.5468126,0.5891658,53,47083,35539.355,JFK
下午班機,TPE,下午抵達,1,0,2,1,1,0,2,1,1015,1020,0.5468126,0.5891658,52,40677,42951.15,JFK
下午班機,TSA,晚間抵達,1,1,3,1,1,2,2,1,1460,945,0.5468126,0.5891658,50,31389,48518.06,JFK
下午班機,TPE,晚間抵達,1,1,2,1,2,0,2,0,220,985,0.5468126,0.5891658,58,29634,30350.45,JFK
上午班機,TPE,下午抵達,0,0,1,1,1,0,1,0,141,999,0.5468126,0.5891658,37,25278,34882.47,JFK
下午班機,TPE,凌晨抵達,1,1,3,1,1,1,2,0,495,1050,0.5468126,0.5891658,63,22416,27410.752,JFK
下午班機,TPE,凌晨抵達,1,1,3,1,1,0,2,1,495,1050,0.5468126,0.5891658,58,28157,25699.395,JFK
晚間班機,TPE,凌晨抵達,1,1,3,1,1,0,2,1,345,1050,0.5468126,0.5891658,54,26206,24269.95,JFK
上午班機,TSA,上午抵達,1,1,3,1,1,1,2,0,1305,945,0.5468126,0.5891658,33,32148,41614.844,JFK
早晨班機,TPE,晚間抵達,1,1,3,1,1,2,2,1,360,1065,0.5468126,0.5891658,17,26254,38806.25,JFK
上午班機,TSA,上午抵達,1,1,3,1,1,0,2,1,1305,945,0.5468126,0.5891658,29,40226,38311.652,JFK
晚間班機,TPE,凌晨抵達,1,1,3,1,1,0,2,1,235,1055,0.5468126,0.5891658,54,26736,24739.707,JFK
晚間班機,TSA,晚間抵達,0,0,3,1,1,0,2,1,1290,945,0.5468126,0.5891658,55,42924,55042.35,JFK
晚間班機,TPE,下午抵達,0,0,2,1,0,0,1,1,701,994,0.5468126,0.5891658,63,24245,37363.12,JFK
晚間班機,TPE,早晨抵達,0,0,2,1,1,0,1,1,335,949,0.5468126,0.5891658,76,29317,28651.738,JFK
晚間班機,TPE,下午抵達,0,0,1,1,0,2,1,0,954,965,0.5468126,0.5891658,43,38383,39376.684,JFK
早晨班機,TPE,凌晨抵達,1,1,3,1,1,0,2,0,950,1055,0.5468126,0.5891658,17,22948,25008.268,JFK
下午班機,TSA,上午抵達,1,0,1,1,1,0,2,1,875,1000,0.5468126,0.5891658,55,48141,64285.016,JFK
下午班機,TPE,晚間抵達,1,0,2,0,1,0,1,1,0,885,0.5468126,0.5891658,56,24646,25109.982,JFK
凌晨班機,TPE,下午抵達,0,0,3,1,1,0,2,1,645,980,0.5468126,0.5891658,12,33623,40149.97,JFK
上午班機,TPE,晚間抵達,1,1,5,1,1,0,2,1,455,1070,0.5468126,0.5891658,37,33815,31844.592,JFK
晚間班機,TPE,下午抵達,1,1,3,1,1,0,2,1,670,1065,0.5468126,0.5891658,62,22851,23292.268,JFK
下午班機,TSA,上午抵達,1,1,1,1,1,0,2,1,895,945,0.5468126,0.5891658,57,32264,39615.91,JFK
晚間班機,TPE,下午抵達,0,0,1,1,1,0,1,0,1008,1011,0.5468126,0.5891658,57,27715,33861.04,JFK
晚間班機,TPE,晚間抵達,1,1,1,1,1,0,1,1,790,1435,0.5468126,0.5891658,55,44669,47090.0,JFK
下午班機,TPE,凌晨抵達,1,1,3,1,1,0,2,1,715,1050,0.5468126,0.5891658,55,29692,24976.043,JFK
早晨班機,TPE,凌晨抵達,1,1,3,1,1,0,2,1,1010,1055,0.5468126,0.5891658,17,23728,24115.316,JFK
晚間班機,TPE,下午抵達,0,0,1,1,1,0,1,1,711,999,0.5468126,0.5891658,72,22892,37005.73,JFK
晚間班機,TPE,下午抵達,0,0,1,1,0,0,1,0,931,999,0.5468126,0.5891658,73,27975,35203.805,JFK
凌晨班機,TPE,晚間抵達,1,1,2,1,1,0,1,1,530,1385,0.5468126,0.5891658,12,56987,57072.816,JFK
早晨班機,TPE,晚間抵達,0,0,5,1,1,0,2,0,615,1075,0.5468126,0.5891658,19,46165,56208.55,JFK
晚間班機,TPE,晚間抵達,1,1,1,1,1,0,1,1,790,1435,0.5468126,0.5891658,76,43667,44894.18,JFK
晚間班機,TPE,下午抵達,1,0,1,1,1,0,1,0,1030,938,0.5468126,0.5891658,57,53025,45075.184,JFK
晚間班機,TPE,下午抵達,0,0,1,1,0,0,1,1,836,953,0.5468126,0.5891658,60,25344,29076.486,JFK
凌晨班機,TPE,下午抵達,0,0,5,1,1,2,1,1,689,986,0.5468126,0.5891658,8,26192,44262.26,JFK
晚間班機,TPE,下午抵達,1,1,3,1,1,0,2,1,770,1065,0.5468126,0.5891658,65,22846,24740.58,JFK
晚間班機,TPE,下午抵達,1,1,2,1,1,1,2,1,905,1000,0.5468126,0.5891658,63,35107,30965.79,JFK
上午班機,TPE,下午抵達,1,1,2,1,1,1,1,0,65,999,0.5468126,0.5891658,33,21209,24772.1,JFK
上午班機,TSA,晚間抵達,1,1,3,1,1,0,2,1,385,945,0.5468126,0.5891658,37,31330,35408.09,JFK
晚間班機,TPE,晚間抵達,1,1,3,1,1,0,2,0,1125,1060,0.5468126,0.5891658,66,36778,33645.234,JFK
早晨班機,TSA,晚間抵達,1,0,1,1,1,0,2,0,710,930,0.5468126,0.5891658,17,74247,75073.8,JFK
凌晨班機,TPE,下午抵達,0,0,3,1,1,0,2,0,645,980,0.5468126,0.5891658,11,42829,46463.76,JFK
下午班機,TPE,上午抵達,1,1,1,1,1,0,2,1,800,990,0.5468126,0.5891658,56,31891,31612.621,JFK
上午班機,TPE,晚間抵達,1,1,3,1,1,0,2,1,210,1070,0.5468126,0.5891658,37,27448,29155.959,JFK
晚間班機,TSA,晚間抵達,0,0,3,1,1,0,2,1,1290,945,0.5468126,0.5891658,51,41622,54201.855,JFK
上午班機,TPE,晚間抵達,1,1,3,1,1,1,2,1,210,1070,0.5468126,0.5891658,35,33646,29290.295,JFK
晚間班機,TPE,晚間抵達,1,0,1,0,1,2,1,1,0,885,0.5468126,0.5891658,46,38948,41223.27,JFK
下午班機,TPE,上午抵達,1,1,2,1,2,0,2,0,1090,985,0.5468126,0.5891658,48,25341,32339.27,JFK
下午班機,TPE,凌晨抵達,1,1,3,1,1,0,2,0,770,1050,0.5468126,0.5891658,58,22352,25863.863,JFK
凌晨班機,TPE,下午抵達,0,0,5,1,1,0,1,0,867,987,0.5468126,0.5891658,8,26825,34758.8,JFK
下午班機,TSA,上午抵達,1,1,3,1,1,1,2,1,940,945,0.5468126,0.5891658,64,28006,42685.88,JFK
上午班機,TPE,晚間抵達,0,0,1,1,1,0,1,1,474,995,0.5468126,0.5891658,35,28181,35163.438,JFK
凌晨班機,TPE,下午抵達,0,0,5,1,1,0,1,1,851,974,0.5468126,0.5891658,6,28240,34242.195,JFK
下午班機,TPE,晚間抵達,1,0,2,0,1,0,1,1,0,885,0.5468126,0.5891658,60,24117,24574.557,JFK
晚間班機,TPE,晚間抵達,1,1,5,1,1,0,2,1,1200,1075,0.5468126,0.5891658,65,39396,33869.47,JFK
下午班機,TPE,上午抵達,1,1,1,1,1,0,2,0,800,990,0.5468126,0.5891658,53,41916,35135.18,JFK
上午班機,TSA,上午抵達,0,0,1,1,1,0,2,1,1365,945,0.5468126,0.5891658,29,85952,76507.0,JFK
下午班機,TPE,下午抵達,1,1,3,1,1,0,2,0,935,1065,0.5468126,0.5891658,58,22856,24246.467,JFK
晚間班機,TPE,凌晨抵達,1,1,3,1,1,0,2,1,335,1050,0.5468126,0.5891658,70,22334,24476.13,JFK
早晨班機,TSA,晚間抵達,1,0,1,1,1,0,2,0,710,930,0.5468126,0.5891658,18,72959,75073.8,JFK
早晨班機,TPE,晚間抵達,1,1,3,1,1,0,2,1,360,1065,0.5468126,0.5891658,14,26254,27874.893,JFK
上午班機,TSA,下午抵達,1,0,3,1,1,1,2,0,230,965,0.5468126,0.5891658,32,76929,69698.336,JFK
下午班機,TPE,上午抵達,1,0,2,1,2,0,2,1,885,990,0.5468126,0.5891658,58,39591,44102.188,JFK
晚間班機,TPE,下午抵達,1,0,1,1,1,0,1,1,1030,938,0.5468126,0.5891658,55,43066,45576.047,JFK
下午班機,TSA,晚間抵達,1,1,1,1,1,0,2,1,1575,930,0.5468126,0.5891658,49,42964,37908.62,JFK
晚間班機,TPE,下午抵達,1,1,3,1,1,0,2,1,770,1065,0.5468126,0.5891658,54,23914,23019.377,JFK
上午班機,TPE,下午抵達,1,1,2,1,1,2,1,1,65,999,0.5468126,0.5891658,12,33904,35691.594,JFK
下午班機,TPE,凌晨抵達,1,1,3,1,1,0,2,0,715,1050,0.5468126,0.5891658,62,25027,26176.54,JFK
晚間班機,TPE,下午抵達,1,1,3,1,1,0,2,1,715,1065,0.5468126,0.5891658,62,22851,23158.104,JFK
晚間班機,TPE,下午抵達,0,0,2,1,0,0,1,0,919,965,0.5468126,0.5891658,52,28756,39548.49,JFK
晚間班機,TPE,下午抵達,0,0,1,1,0,0,1,1,871,999,0.5468126,0.5891658,76,25335,34114.52,JFK
晚間班機,TPE,下午抵達,0,0,1,1,1,0,1,1,834,955,0.5468126,0.5891658,55,25288,33201.656,JFK
晚間班機,TPE,晚間抵達,1,1,1,1,1,0,1,0,790,1435,0.5468126,0.5891658,73,49092,45025.56,JFK
下午班機,TPE,上午抵達,1,1,1,1,1,0,2,1,1010,990,0.5468126,0.5891658,53,36048,31765.395,JFK
下午班機,TPE,上午抵達,1,0,1,1,1,2,2,1,905,1000,0.5468126,0.5891658,50,63233,53327.176,JFK
晚間班機,TPE,凌晨抵達,1,1,3,1,1,0,2,1,335,1050,0.5468126,0.5891658,34,22727,26271.752,JFK
晚間班機,TPE,凌晨抵達,1,1,3,1,1,0,2,1,345,1050,0.5468126,0.5891658,53,24723,24269.95,JFK
下午班機,TPE,凌晨抵達,1,1,3,1,1,0,2,0,715,1050,0.5468126,0.5891658,53,24640,26312.65,JFK
晚間班機,TPE,晚間抵達,1,0,1,0,1,0,1,0,0,885,0.5468126,0.5891658,66,39386,35268.06,JFK
晚間班機,TPE,下午抵達,1,1,5,1,2,0,2,0,175,1460,0.5468126,0.5891658,78,44033,42257.46,JFK
晚間班機,TPE,晚間抵達,0,0,2,1,1,0,1,0,1011,963,0.5468126,0.5891658,66,42233,38504.066,JFK
晚間班機,TPE,下午抵達,1,0,2,1,1,0,1,1,175,1445,0.5468126,0.5891658,76,57000,73847.94,JFK
晚間班機,TPE,下午抵達,1,0,2,1,1,0,1,0,175,1442,0.5468126,0.5891658,73,57201,74588.94,JFK
早晨班機,TSA,晚間抵達,1,0,1,1,1,0,2,1,710,930,0.5468126,0.5891658,17,73000,72130.83,JFK
凌晨班機,TPE,下午抵達,1,0,2,1,1,0,1,1,150,1407,0.5468126,0.5891658,7,57214,69729.38,JFK
晚間班機,TPE,下午抵達,0,0,2,1,0,2,1,1,689,1006,0.5468126,0.5891658,46,39865,44636.234,JFK
下午班機,TSA,晚間抵達,1,0,1,1,1,0,2,1,1595,930,0.5468126,0.5891658,64,41888,50835.29,JFK
早晨班機,TSA,上午抵達,1,0,1,1,1,0,2,1,1470,945,0.5468126,0.5891658,16,29970,30878.998,JFK
下午班機,TPE,晚間抵達,1,1,2,1,2,0,2,1,220,985,0.5468126,0.5891658,51,26985,29362.705,JFK
下午班機,TPE,凌晨抵達,1,1,3,1,1,0,2,0,495,1050,0.5468126,0.5891658,49,34587,27625.166,JFK
下午班機,TPE,晚間抵達,0,0,5,1,1,2,2,1,255,1075,0.5468126,0.5891658,34,55714,69855.12,JFK
凌晨班機,TPE,下午抵達,0,0,5,1,1,0,1,1,689,986,0.5468126,0.5891658,2,25260,32107.922,JFK
下午班機,TSA,下午抵達,1,0,3,1,1,0,2,1,1305,965,0.5468126,0.5891658,57,60803,43897.87,JFK
早晨班機,TPE,晚間抵達,1,1,3,1,1,0,2,0,360,1065,0.5468126,0.5891658,19,23101,30274.533,JFK
下午班機,TSA,上午抵達,1,1,1,1,1,0,2,1,1085,955,0.5468126,0.5891658,65,41014,45820.02,JFK
晚間班機,TPE,下午抵達,0,0,1,1,1,0,1,1,711,999,0.5468126,0.5891658,55,25024,40070.633,JFK
