出發日期,出發時間,出發時段,星期,出發機場代號,抵達時間,抵達時段,抵達機場代號,航空公司,航空公司（主航段）,航空聯盟組合,航空公司組合,航空聯盟,停靠站數量,停留時間,停留時間_分鐘,飛行時間,飛行時間_分鐘,實際飛行時間_分鐘,是否過夜,機型,機型（主航段）,機型分類,航班代碼,航班代碼（主航段）,艙等,艙等（主航段）,第一段飛行時間,假期,第二段飛行時間,飛行時間兩段分類,平均價格,最低價格,中位數價格,價格變異,隨機購買平均價格,最低價格剩餘天數,筆數,平均價格_log,最低價格_log,價格變異_log,中位數價格_log,最低價格剩餘天數_log,Region,經濟指標,機場指標,是否為平日,competing_flights,航空公司聯盟分類,y_test_log,y_pred_log,residual_log,預測價格,實際價格,相對誤差 (%)
2025/2/3,下午3:35,下午班機,星期一,TSA,"晚上7:15 (星期二, 2月 4)",晚間抵達,LHR,日本航空 英國航空,英國航空,1,0,3,1,17 小時 50 分鐘,1070,35 小時 40 分鐘,2140,1070,No,Boeing 787 Boeing 787,Boeing 787,1,JL 98 BA 6,BA 6,商務艙 商務艙,商務艙,2 小時 50 分鐘,0,15 小時,2,71080,66748,66821.0,218337226.0,67296.75,58,87,11.17,11.11,19.2,11.11,4.08,英國,-1.262158,1.0504261,1,103,3,11.17,11.802633,-0.632633285522461,133603.7,70969.11064366704,88.25613272204953
2025/1/24,晚上7:40,晚間班機,星期五,TPE,"清晨6:10 (星期六, 1月 25)",早晨抵達,ZRH,國泰航空 瑞士航空,瑞士航空,0,0,1,1,1 小時 45 分鐘,105,17 小時 30 分鐘,1050,945,No,Boeing 777 Boeing 777,Boeing 777,1,CX 451 LX 139,LX 139,經濟艙 商務艙,商務艙,2 小時 5 分鐘,2,13 小時 40 分鐘,2,83368,39099,71401.0,1747310132.0,46327.75,90,61,11.33,10.57,21.28,11.18,4.51,瑞士,2.7842724,-2.49911,1,72,0,11.33,11.947746,-0.6177462768554687,154468.62,83283.02284496387,85.47432564683947
2025/3/11,清晨7:15,早晨班機,星期二,TPE,"清晨7:30 (星期三, 3月 12)",早晨抵達,SYD,中華航空 澳洲航空,澳洲航空,0,0,3,1,10 小時 10 分鐘,610,21 小時 15 分鐘,1275,665,No,Boeing 737 Airbus A330,Airbus A330,1,CI 601 QF 128,QF 128,商務艙 商務艙,商務艙,2 小時,0,9 小時 5 分鐘,2,65413,65121,65181.0,4260206.98,65216.25,77,90,11.09,11.08,15.26,11.08,4.36,澳洲,-0.389354,-1.56618,1,30,0,11.09,11.704075,-0.6140748596191408,121064.03,65512.74612369082,84.79462152513958
2025/2/3,晚上11:55,晚間班機,星期一,TPE,"上午9:00 (星期三, 2月 5)",上午抵達,FRA,長榮航空 漢莎航空,長榮航空,1,0,1,1,19 小時 15 分鐘,1155,40 小時 5 分鐘,2405,1250,No,Boeing 777 Airbus A340,Boeing 777,1,BR 10 LH 493,BR 10,商務艙 經濟艙,商務艙,10 小時 40 分鐘,0,10 小時 10 分鐘,1,136236,135901,136122.0,91620.64,197546.75,43,37,11.82,11.82,11.43,11.82,3.78,德國,-0.7021,0.1276154,1,78,0,11.82,12.414861,-0.5948607254028317,246436.77,135944.22903674893,81.27784266471681
2025/2/17,晚上11:55,晚間班機,星期一,TPE,"上午9:00 (星期三, 2月 19)",上午抵達,FRA,長榮航空 漢莎航空,長榮航空,1,0,1,1,19 小時 15 分鐘,1155,40 小時 5 分鐘,2405,1250,No,Boeing 777 Airbus A340,Boeing 777,1,BR 10 LH 493,BR 10,商務艙 經濟艙,商務艙,10 小時 40 分鐘,0,10 小時 10 分鐘,1,136144,135901,136031.0,79190.84,227409.0,58,37,11.82,11.82,11.28,11.82,4.08,德國,-0.7021,0.1276154,1,78,0,11.82,12.414861,-0.5948607254028317,246436.77,135944.22903674893,81.27784266471681
2025/2/5,晚上11:55,晚間班機,星期三,TPE,"上午9:00 (星期五, 2月 7)",上午抵達,FRA,長榮航空 漢莎航空,長榮航空,1,0,1,1,19 小時 15 分鐘,1155,40 小時 5 分鐘,2405,1250,No,Boeing 777 Airbus A340,Boeing 777,1,BR 10 LH 493,BR 10,商務艙 經濟艙,商務艙,10 小時 40 分鐘,0,10 小時 10 分鐘,1,149326,135901,136057.0,1013927464.0,213358.0,44,40,11.91,11.82,20.74,11.82,3.81,德國,-0.7021,0.1276154,1,97,0,11.91,12.497594,-0.5875938796997069,267692.4,148746.67943014178,79.96529890653495
2025/2/15,上午8:20,早晨班機,星期六,TPE,"清晨5:25 (星期日, 2月 16)",凌晨抵達,LHR,中華航空 英國航空,英國航空,0,0,3,1,10 小時,600,29 小時 5 分鐘,1745,1145,No,Airbus A350 Boeing 777,Boeing 777,1,CI 753 BA 16,BA 16,商務艙 商務艙,商務艙,4 小時 45 分鐘,0,14 小時 20 分鐘,2,94848,84076,86265.0,130926522.2,96908.25,37,57,11.46,11.34,18.69,11.37,3.64,英國,-1.262158,1.0504261,0,42,2,11.46,12.024393,-0.5643930816650382,166773.7,94845.07026491783,75.83803002008824
2025/3/13,下午2:35,下午班機,星期四,TPE,"上午9:25 (星期五, 3月 14)",上午抵達,SYD,中國南方航空 中國南方航空,中國南方航空,1,1,5,1,4 小時 15 分鐘,255,15 小時 50 分鐘,950,695,No,Airbus A330 Airbus A330,Airbus A330,1,CZ 3098 CZ 325,CZ 325,商務艙 商務艙,商務艙,2 小時 15 分鐘,0,9 小時 20 分鐘,2,73790,66104,66116.0,113473265.0,71682.75,69,90,11.21,11.1,18.55,11.1,4.25,澳洲,-0.389354,-1.56618,1,98,0,11.21,11.754181,-0.5441809082031241,127284.62,73865.41499278042,72.31963998298899
2025/1/27,下午4:30,下午班機,星期一,TSA,"下午6:30 (星期二, 1月 28)",晚間抵達,ZRH,長榮航空 瑞士航空,瑞士航空,1,0,1,1,15 小時 50 分鐘,950,33 小時,1980,1030,No,Boeing 787-10 Boeing 777,Boeing 777,1,BR 190 LX 161,LX 161,商務艙 商務艙,商務艙,2 小時 50 分鐘,2,14 小時 20 分鐘,2,104033,103950,104023.0,3721.91,104027.5,12,89,11.55,11.55,8.22,11.55,2.56,瑞士,2.7842724,-2.49911,1,44,0,11.55,12.085725,-0.5357248306274407,177322.4,103777.0368200868,70.86863499235889
2025/2/16,清晨7:15,早晨班機,星期日,TPE,"清晨7:30 (星期一, 2月 17)",早晨抵達,SYD,中華航空 澳洲航空,澳洲航空,0,0,3,1,10 小時 10 分鐘,610,21 小時 15 分鐘,1275,665,No,Boeing 737 Airbus A330,Airbus A330,1,CI 601 QF 128,QF 128,商務艙 商務艙,商務艙,2 小時,0,9 小時 5 分鐘,2,65162,65121,65153.0,1085.0,65153.5,54,88,11.08,11.08,6.99,11.08,4.01,澳洲,-0.389354,-1.56618,0,31,0,11.08,11.607713,-0.5277127456665038,109942.5,64860.883408211565,69.50509185645932
2025/3/21,晚上11:10,晚間班機,星期五,TPE,"上午10:05 (星期六, 3月 22)",上午抵達,ZRH,中華航空 瑞士航空,中華航空,0,0,2,1,1 小時 30 分鐘,90,17 小時 55 分鐘,1075,985,No,Airbus A350 Airbus A321,Airbus A350,1,CI 61 LX 1069,CI 61,商務艙 商務艙,商務艙,15 小時 25 分鐘,0,1 小時,1,135018,111156,111176.0,3511602754.0,111172.25,90,35,11.81,11.62,21.98,11.62,4.51,瑞士,2.7842724,-2.49911,1,75,0,11.81,12.323129,-0.5131287002563472,224836.48,134591.56135699214,67.0509518636471
2025/3/3,清晨7:15,早晨班機,星期一,TPE,"清晨7:30 (星期二, 3月 4)",早晨抵達,SYD,中華航空 澳洲航空,澳洲航空,0,0,3,1,10 小時 10 分鐘,610,21 小時 15 分鐘,1275,665,No,Boeing 737 Airbus A330,Airbus A330,1,CI 601 QF 128,QF 128,商務艙 商務艙,商務艙,2 小時,0,9 小時 5 分鐘,2,67149,65121,65177.0,35329552.07,65178.75,69,79,11.11,11.08,17.38,11.08,4.25,澳洲,-0.389354,-1.56618,1,28,0,11.11,11.608902,-0.49890197753906307,110073.32,66836.191384222,64.69119205150427
2025/3/14,下午2:35,下午班機,星期五,TPE,"上午9:25 (星期六, 3月 15)",上午抵達,SYD,中國南方航空 中國南方航空,中國南方航空,1,1,5,1,4 小時 5 分鐘,245,15 小時 50 分鐘,950,705,No,Airbus A330 Airbus A330,Airbus A330,1,CZ 3098 CZ 325,CZ 325,商務艙 商務艙,商務艙,2 小時 25 分鐘,0,9 小時 20 分鐘,2,69218,57147,66113.0,126161031.1,66116.5,8,90,11.15,10.95,18.65,11.1,2.2,澳洲,-0.389354,-1.56618,1,89,0,11.15,11.647775,-0.4977746963500973,114436.42,69563.82809868279,64.5056418008814
2025/2/15,上午9:35,上午班機,星期六,TPE,"清晨5:25 (星期日, 2月 16)",凌晨抵達,LHR,長榮航空 英國航空,英國航空,0,0,3,1,8 小時 35 分鐘,515,27 小時 50 分鐘,1670,1155,No,Boeing 777 Boeing 777,Boeing 777,1,BR 215 BA 16,BA 16,商務艙 商務艙,商務艙,4 小時 55 分鐘,0,14 小時 20 分鐘,2,95859,84076,86232.0,136747992.7,85678.75,37,51,11.47,11.34,18.73,11.36,3.64,英國,-1.262158,1.0504261,0,37,1,11.47,11.967553,-0.4975531387329095,157558.67,95798.27906818989,64.46920905838886
2025/3/10,下午3:10,下午班機,星期一,TPE,"晚上8:35 (星期二, 3月 11)",晚間抵達,SYD,馬來西亞航空 馬來西亞航空,馬來西亞航空,1,1,3,1,13 小時 5 分鐘,785,26 小時 25 分鐘,1585,800,No,Airbus A330 Airbus A330,Airbus A330,1,MH 367 MH 141,MH 141,商務艙 商務艙,商務艙,4 小時 55 分鐘,0,8 小時 25 分鐘,2,44187,36771,47751.0,71638157.42,40367.75,23,90,10.7,10.51,18.09,10.77,3.18,澳洲,-0.389354,-1.56618,1,105,0,10.7,11.194001,-0.4940011978149421,72693.06,44355.85513029784,63.88605807837548
2025/2/2,下午4:25,下午班機,星期日,TPE,"晚上7:10 (星期一, 2月 3)",晚間抵達,LHR,立榮航空 深圳航空,深圳航空,0,0,1,1,19 小時 20 分鐘,1160,34 小時 45 分鐘,2085,925,No,Airbus A330 Airbus A330,Airbus A330,1,B7 187 ZH 887,ZH 887,商務艙 商務艙,商務艙,2 小時,0,13 小時 25 分鐘,2,71677,69273,69279.0,52583936.38,69440.0,24,55,11.18,11.15,17.78,11.15,3.22,英國,-1.262158,1.0504261,0,97,0,11.18,11.669952,-0.4899523925781253,117002.71,71682.3620634507,63.22384973019351
2025/3/5,下午5:35,下午班機,星期三,TPE,"下午5:55 (星期四, 3月 6)",下午抵達,SYD,新加坡航空 新加坡航空,新加坡航空,1,1,1,1,8 小時 45 分鐘,525,21 小時 20 分鐘,1280,755,No,Boeing 787 Airbus A350,Airbus A350,1,SQ 879 SQ 241,SQ 241,商務艙 商務艙,商務艙,4 小時 45 分鐘,0,7 小時 50 分鐘,2,46378,44305,44319.0,17289868.49,46896.0,61,55,10.74,10.7,16.67,10.7,4.13,澳洲,-0.389354,-1.56618,1,105,0,10.74,11.214628,-0.474628219604492,74208.07,46166.051918130746,60.74164289399921
2025/2/10,晚上11:55,晚間班機,星期一,TPE,"上午9:00 (星期三, 2月 12)",上午抵達,FRA,長榮航空 漢莎航空,長榮航空,1,0,1,1,19 小時 15 分鐘,1155,40 小時 5 分鐘,2405,1250,No,Boeing 777 Airbus A340,Boeing 777,1,BR 10 LH 493,BR 10,商務艙 經濟艙,商務艙,10 小時 40 分鐘,0,10 小時 10 分鐘,1,136298,135901,136089.5,217030.96,193708.5,51,44,11.82,11.82,12.29,11.82,3.95,德國,-0.7021,0.1276154,1,91,0,11.82,12.28902,-0.46901958465576143,217296.83,135944.22903674893,59.842627866358
2025/2/17,晚上11:10,晚間班機,星期一,TPE,"晚上10:15 (星期二, 2月 18)",晚間抵達,CDG,中華航空 漢莎航空,中華航空,0,0,2,1,13 小時 25 分鐘,805,30 小時 5 分鐘,1805,1000,No,Airbus A350 Airbus A321,Airbus A350,1,CI 61 LH 1050,CI 61,商務艙 商務艙,商務艙,15 小時 25 分鐘,0,1 小時 15 分鐘,1,112692,112626,112695.0,17.19,112686.25,91,61,11.63,11.63,2.9,11.63,4.52,法國,-0.977473,0.5969613,1,70,0,11.63,12.091589,-0.46158897399902266,178365.3,112420.32190882803,58.65930095775105
2025/2/6,下午3:10,下午班機,星期四,TSA,"下午6:10 (星期五, 2月 7)",晚間抵達,LHR,中國國際航空 英國航空,英國航空,0,0,3,1,18 小時 10 分鐘,1090,35 小時,2100,1010,No,Airbus A330 Boeing 787,Boeing 787,1,CA 198 BA 168,BA 168,商務艙 商務艙,商務艙,1 小時 35 分鐘,0,15 小時 15 分鐘,2,113577,112674,112801.0,26360491.07,112921.5,15,55,11.64,11.63,17.09,11.63,2.77,英國,-1.262158,1.0504261,1,126,1,11.64,12.100411,-0.4604114151000971,179945.88,113550.16492766769,58.47257915884744
2025/3/10,晚上11:10,晚間班機,星期一,TPE,"晚上10:15 (星期二, 3月 11)",晚間抵達,CDG,中華航空 漢莎航空,中華航空,0,0,2,1,13 小時 25 分鐘,805,30 小時 5 分鐘,1805,1000,No,Airbus A350 Airbus A321,Airbus A350,1,CI 61 LH 1050,CI 61,商務艙 商務艙,商務艙,15 小時 25 分鐘,0,1 小時 15 分鐘,1,112701,112683,112700.0,9.17,112711.5,79,40,11.63,11.63,2.32,11.63,4.38,法國,-0.977473,0.5969613,1,68,0,11.63,12.079448,-0.4494477462768547,176212.81,112420.32190882803,56.744625444950394
2025/3/5,清晨7:15,早晨班機,星期三,TPE,"清晨7:30 (星期四, 3月 6)",早晨抵達,SYD,中華航空 澳洲航空,澳洲航空,0,0,3,1,10 小時 10 分鐘,610,21 小時 15 分鐘,1275,665,No,Boeing 737 Airbus A330,Airbus A330,1,CI 601 QF 128,QF 128,商務艙 商務艙,商務艙,2 小時,0,9 小時 5 分鐘,2,78779,65121,65184.0,338175578.1,92813.5,71,75,11.27,11.08,19.64,11.08,4.28,澳洲,-0.389354,-1.56618,1,26,0,11.27,11.710784,-0.440783958435059,121878.99,78432.99716507368,55.39249626147511
2025/2/7,清晨7:15,早晨班機,星期五,TPE,"清晨7:30 (星期六, 2月 8)",早晨抵達,SYD,中華航空 澳洲航空,澳洲航空,0,0,3,1,10 小時 10 分鐘,610,21 小時 15 分鐘,1275,665,No,Boeing 737 Airbus A330,Airbus A330,1,CI 601 QF 128,QF 128,商務艙 商務艙,商務艙,2 小時,0,9 小時 5 分鐘,2,68832,65121,65148.0,199224593.8,81397.0,45,83,11.14,11.08,19.11,11.08,3.83,澳洲,-0.389354,-1.56618,1,36,0,11.14,11.573012,-0.4330123519897455,106192.88,68871.65644405661,54.18952918427168
2025/2/19,清晨7:15,早晨班機,星期三,TPE,"清晨7:30 (星期四, 2月 20)",早晨抵達,SYD,中華航空 澳洲航空,澳洲航空,0,0,3,1,10 小時 10 分鐘,610,21 小時 15 分鐘,1275,665,No,Boeing 737 Airbus A330,Airbus A330,1,CI 601 QF 128,QF 128,商務艙 商務艙,商務艙,2 小時,0,9 小時 5 分鐘,2,66669,65121,65172.0,27445342.65,65176.25,57,91,11.11,11.08,17.13,11.08,4.06,澳洲,-0.389354,-1.56618,1,34,0,11.11,11.537256,-0.42725624084472713,102462.92,66836.191384222,53.3045491565643
2025/2/11,清晨7:15,早晨班機,星期二,TPE,"清晨7:30 (星期三, 2月 12)",早晨抵達,SYD,中華航空 澳洲航空,澳洲航空,0,0,3,1,10 小時 10 分鐘,610,21 小時 15 分鐘,1275,665,No,Boeing 737 Airbus A330,Airbus A330,1,CI 601 QF 128,QF 128,商務艙 商務艙,商務艙,2 小時,0,9 小時 5 分鐘,2,66616,59850,65153.0,67900081.88,65143.0,70,90,11.11,11.0,18.03,11.08,4.26,澳洲,-0.389354,-1.56618,1,34,0,11.11,11.537256,-0.42725624084472713,102462.92,66836.191384222,53.3045491565643
2025/2/5,上午9:30,上午班機,星期三,TSA,"清晨6:50 (星期四, 2月 6)",早晨抵達,SYD,日本航空 日本航空,日本航空,1,1,3,1,5 小時 55 分鐘,355,18 小時 20 分鐘,1100,745,No,Boeing 787 Boeing 777,Boeing 777,1,JL 96 JL 51,JL 51,商務艙 商務艙,商務艙,2 小時 50 分鐘,0,9 小時 35 分鐘,2,66896,65662,65738.0,66820853.29,65729.75,57,90,11.11,11.09,18.02,11.09,4.06,澳洲,-0.389354,-1.56618,1,26,0,11.11,11.536113,-0.42611278533935604,102345.82,66836.191384222,53.12934234110287
2025/2/11,下午2:05,下午班機,星期二,TPE,"清晨6:40 (星期三, 2月 12)",早晨抵達,CDG,中華航空 中國南方航空,中國南方航空,0,0,5,1,8 小時 35 分鐘,515,23 小時 35 分鐘,1415,900,No,Airbus A330 Airbus A350,Airbus A350,1,CI 521 CZ 347,CZ 347,經濟艙 商務艙,商務艙,2 小時 10 分鐘,0,12 小時 50 分鐘,2,78385,66667,76582.0,12448.84,83088.25,19,90,11.27,11.11,9.43,11.25,3.0,法國,-0.977473,0.5969613,1,71,0,11.27,11.695669,-0.42566917419433636,120050.67,78432.99716507368,53.06143614827806
2025/2/4,上午9:35,上午班機,星期二,TPE,"清晨5:40 (星期三, 2月 5)",凌晨抵達,LHR,長榮航空 英國航空,英國航空,0,0,3,1,8 小時 45 分鐘,525,28 小時 5 分鐘,1685,1160,No,Boeing 777 Airbus A380,Airbus A380,2,BR 215 BA 12,BA 12,商務艙 商務艙,商務艙,4 小時 55 分鐘,0,14 小時 25 分鐘,2,84117,83709,83994.0,874102.85,84000.5,90,65,11.34,11.34,13.68,11.34,4.51,英國,-1.262158,1.0504261,1,41,1,11.34,11.764672,-0.4246722793579103,128627.03,84120.03113983033,52.90892015504244
2025/2/16,下午1:35,下午班機,星期日,TPE,"上午9:30 (星期二, 2月 18)",上午抵達,SYD,中華航空 菲律賓航空,菲律賓航空,0,0,5,1,30 小時 25 分鐘,1825,40 小時 55 分鐘,2455,630,No,Airbus A330 Airbus A330,Airbus A330,1,CI 703 PR 211,PR 211,商務艙 商務艙,商務艙,2 小時 20 分鐘,0,8 小時 10 分鐘,2,53190,45830,50290.0,54677756.92,47159.0,65,42,10.88,10.73,17.82,10.83,4.19,澳洲,-0.389354,-1.56618,0,98,0,10.88,11.300626,-0.420625801086425,80872.234,53103.599918108266,52.291435043413436
2025/2/14,下午2:05,下午班機,星期五,TPE,"清晨5:45 (星期六, 2月 15)",凌晨抵達,FRA,中華航空 中國南方航空,中國南方航空,0,0,5,1,8 小時 5 分鐘,485,22 小時 40 分鐘,1360,875,No,Airbus A330 Airbus A350,Airbus A350,1,CI 521 CZ 331,CZ 331,商務艙 商務艙,商務艙,2 小時 10 分鐘,0,12 小時 25 分鐘,2,87315,85175,85578.0,32859883.77,72709.0,22,67,11.38,11.35,17.31,11.36,3.14,德國,-0.7021,0.1276154,1,84,0,11.38,11.798267,-0.41826736450195234,133021.67,87553.03473573469,51.932679748343816
2025/3/3,下午3:10,下午班機,星期一,TPE,"晚上8:35 (星期二, 3月 4)",晚間抵達,SYD,馬來西亞航空 馬來西亞航空,馬來西亞航空,1,1,3,1,13 小時 5 分鐘,785,26 小時 25 分鐘,1585,800,No,Airbus A330 Airbus A330,Airbus A330,1,MH 367 MH 141,MH 141,商務艙 商務艙,商務艙,4 小時 55 分鐘,0,8 小時 25 分鐘,2,46447,36771,47761.0,97331204.78,46401.25,16,91,10.75,10.51,18.39,10.77,2.83,澳洲,-0.389354,-1.56618,1,104,0,10.75,11.16782,-0.4178199768066406,70814.56,46630.028453524326,51.86472075731232
2025/3/9,下午3:10,下午班機,星期日,TPE,"上午10:20 (星期一, 3月 10)",上午抵達,SYD,馬來西亞航空 馬來西亞航空,馬來西亞航空,1,1,3,1,2 小時 55 分鐘,175,16 小時 10 分鐘,970,795,No,Airbus A330 Airbus A330,Airbus A330,1,MH 367 MH 123,MH 123,商務艙 商務艙,商務艙,4 小時 55 分鐘,0,8 小時 20 分鐘,2,50371,36252,49955.0,138109610.8,43262.5,59,90,10.83,10.5,18.74,10.82,4.09,澳洲,-0.389354,-1.56618,0,97,0,10.83,11.246058,-0.4160584640502929,76577.49,50513.70678901826,51.597451573575746
2025/2/24,下午2:05,下午班機,星期一,TPE,"清晨6:40 (星期二, 2月 25)",早晨抵達,CDG,中華航空 中國南方航空,中國南方航空,0,0,5,1,8 小時 35 分鐘,515,23 小時 35 分鐘,1415,900,No,Airbus A330 Airbus A350,Airbus A350,1,CI 521 CZ 347,CZ 347,商務艙 商務艙,商務艙,2 小時 10 分鐘,0,12 小時 50 分鐘,2,79567,66667,76263.5,42525.97,74026.0,32,90,11.28,11.11,10.66,11.24,3.5,法國,-0.977473,0.5969613,1,71,0,11.28,11.695669,-0.4156691741943366,120050.67,79221.26189149474,51.53844941201163
2025/1/21,下午2:35,下午班機,星期二,TPE,"下午6:15 (星期三, 1月 22)",晚間抵達,LHR,中國南方航空 中國南方航空,中國南方航空,1,1,5,1,20 小時 5 分鐘,1205,35 小時 40 分鐘,2140,935,No,Airbus A330 Boeing 787,Boeing 787,1,CZ 3098 CZ 303,CZ 303,商務艙 商務艙,商務艙,2 小時 25 分鐘,2,13 小時 10 分鐘,2,103014,62727,138568.0,1613625748.0,146274.0,61,91,11.54,11.05,21.2,11.84,4.13,英國,-1.262158,1.0504261,1,63,5,11.54,11.952917,-0.4129170989990243,155269.42,102744.43805070806,51.121972946476156
2025/1/28,上午9:30,上午班機,星期二,TSA,"清晨6:50 (星期三, 1月 29)",早晨抵達,SYD,日本航空 日本航空,日本航空,1,1,3,1,5 小時 55 分鐘,355,18 小時 20 分鐘,1100,745,No,Boeing 787 Boeing 777,Boeing 777,1,JL 96 JL 51,JL 51,商務艙 商務艙,商務艙,2 小時 50 分鐘,2,9 小時 35 分鐘,2,82659,65666,95369.0,232304337.6,88580.0,41,90,11.32,11.09,19.26,11.47,3.74,澳洲,-0.389354,-1.56618,1,37,0,11.32,11.731244,-0.411244087219238,124398.336,82454.34292178466,50.86935572999833
2025/3/13,上午10:20,上午班機,星期四,TPE,晚上8:00,晚間抵達,LAX,菲律賓航空 菲律賓航空,菲律賓航空,1,1,5,1,9 小時 55 分鐘,595,24 小時 40 分鐘,1480,885,No,Airbus A330 Boeing 777,Boeing 777,1,PR 891 PR 102,PR 102,商務艙 商務艙,商務艙,2 小時 15 分鐘,0,12 小時 30 分鐘,2,57101,50073,50563.0,174909211.1,55532.25,90,88,10.95,10.82,18.98,10.83,4.51,美國,0.5468126,1.7011215,1,68,5,10.95,11.36007,-0.41007022857666087,85825.4,56954.04536622178,50.69236589891331
2025/1/20,上午8:25,早晨班機,星期一,TPE,晚上7:25,晚間抵達,ZRH,長榮航空 瑞士航空,瑞士航空,1,0,1,1,1 小時 35 分鐘,95,18 小時,1080,985,No,Boeing 777 Boeing 777,Boeing 777,1,BR 211 LX 181,LX 181,商務艙 商務艙,商務艙,4 小時 10 分鐘,2,12 小時 15 分鐘,2,110636,103347,103451.0,108157948.5,112206.25,1,78,11.61,11.55,18.5,11.55,0.69,瑞士,2.7842724,-2.49911,1,30,0,11.61,12.019403,-0.40940345764160213,165943.64,110194.25038775145,50.5919229370658
2025/3/5,下午2:10,下午班機,星期三,TPE,"下午5:55 (星期四, 3月 6)",下午抵達,SYD,新加坡航空 新加坡航空,新加坡航空,1,1,1,1,12 小時 10 分鐘,730,24 小時 45 分鐘,1485,755,No,Boeing 787 Airbus A350,Airbus A350,1,SQ 877 SQ 241,SQ 241,商務艙 商務艙,商務艙,4 小時 45 分鐘,0,7 小時 50 分鐘,2,46753,44308,44320.0,19496704.17,44318.75,74,55,10.75,10.7,16.79,10.7,4.32,澳洲,-0.389354,-1.56618,1,105,0,10.75,11.158381,-0.40838146209716797,70149.33,46630.028453524326,50.438098477501725
2025/1/26,下午5:10,下午班機,星期日,TPE,"下午5:00 (星期一, 1月 27)",下午抵達,CDG,韓亞航空 韓亞航空,韓亞航空,1,1,1,1,14 小時 5 分鐘,845,30 小時 50 分鐘,1850,1005,No,Airbus A330 Airbus A350,Airbus A350,1,OZ 714 OZ 501,OZ 501,商務艙 商務艙,商務艙,2 小時 20 分鐘,2,14 小時 25 分鐘,2,73399,66033,67322.5,12342.8,75255.25,81,74,11.2,11.1,9.42,11.12,4.41,法國,-0.977473,0.5969613,0,60,0,11.2,11.608132,-0.40813236236572337,109988.64,73130.44183341545,50.400623690397225
2025/2/5,上午9:30,上午班機,星期三,TSA,"下午3:40 (星期四, 2月 6)",下午抵達,LHR,日本航空 英國航空,英國航空,1,0,3,1,20 小時 15 分鐘,1215,38 小時 10 分鐘,2290,1075,No,Boeing 787 Boeing 787,Boeing 787,1,JL 96 BA 8,BA 8,商務艙 商務艙,商務艙,2 小時 50 分鐘,0,15 小時 5 分鐘,2,74523,66748,66825.0,326366405.0,81604.25,60,92,11.22,11.11,19.6,11.11,4.11,英國,-1.262158,1.0504261,1,34,3,11.22,11.626903,-0.40690258026122983,112072.65,74607.77475519927,50.215776847961656
2025/2/12,上午9:30,上午班機,星期三,TSA,"清晨6:50 (星期四, 2月 13)",早晨抵達,SYD,日本航空 日本航空,日本航空,1,1,3,1,5 小時 55 分鐘,355,18 小時 20 分鐘,1100,745,No,Boeing 787 Boeing 777,Boeing 777,1,JL 96 JL 51,JL 51,商務艙 商務艙,商務艙,2 小時 50 分鐘,0,9 小時 35 分鐘,2,69166,65662,65738.0,211810171.4,85127.25,64,90,11.14,11.09,19.17,11.09,4.17,澳洲,-0.389354,-1.56618,1,32,0,11.14,11.544684,-0.4046844100952143,103226.87,68871.65644405661,49.88294534682724
2025/1/21,上午10:20,上午班機,星期二,TPE,晚上7:00,晚間抵達,LAX,菲律賓航空 菲律賓航空,菲律賓航空,1,1,5,1,9 小時 55 分鐘,595,24 小時 40 分鐘,1480,885,No,Airbus A321 Boeing 777,Boeing 777,1,PR 891 PR 102,PR 102,商務艙 商務艙,商務艙,2 小時 15 分鐘,2,12 小時 30 分鐘,2,74578,50014,50070.0,852690230.8,95209.5,76,36,11.22,10.82,20.56,10.82,4.34,美國,0.5468126,1.7011215,1,53,5,11.22,11.61612,-0.39612033843994077,110870.74,74607.77475519927,48.6048103582846
2025/1/22,下午6:50,晚間班機,星期三,TPE,"晚上7:35 (星期四, 1月 23)",晚間抵達,LHR,THAI THAI,THAI,1,1,1,1,15 小時 35 分鐘,935,32 小時 45 分鐘,1965,1030,No,Boeing 787 Boeing 777,Boeing 777,1,TG 635 TG 916,TG 916,商務艙 商務艙,商務艙,3 小時 55 分鐘,2,13 小時 15 分鐘,2,77567,68383,74551.0,95303755.87,80355.25,77,81,11.26,11.13,18.37,11.22,4.36,英國,-1.262158,1.0504261,1,65,1,11.26,11.651968,-0.39196800231933615,114917.3,77652.57580373019,47.989034086207006
2025/2/3,下午3:10,下午班機,星期一,TPE,"下午3:25 (星期二, 2月 4)",下午抵達,LHR,馬來西亞航空 馬來西亞航空,馬來西亞航空,1,1,3,1,13 小時 20 分鐘,800,32 小時 15 分鐘,1935,1135,No,Airbus A330 Airbus A350,Airbus A350,1,MH 367 MH 4,MH 4,商務艙 商務艙,商務艙,4 小時 55 分鐘,0,14 小時,2,70391,58972,60266.0,233431318.8,71793.75,74,87,11.16,10.98,19.27,11.01,4.32,英國,-1.262158,1.0504261,1,103,3,11.16,11.551145,-0.39114459991455064,103895.89,70262.95619408888,47.86723510181686
2025/1/27,中午12:50,下午班機,星期一,TPE,"下午6:05 (星期二, 1月 28)",晚間抵達,CDG,上海吉祥航空 中國東方航空,中國東方航空,0,0,2,1,21 小時 40 分鐘,1300,36 小時 15 分鐘,2175,875,No,Airbus A320 Boeing 777,Boeing 777,1,HO 1310 MU 569,MU 569,商務艙 商務艙,商務艙,1 小時 55 分鐘,2,12 小時 40 分鐘,2,115400,111961,113708.0,6852.87,112982.5,18,51,11.66,11.63,8.83,11.64,2.94,法國,-0.977473,0.5969613,1,68,0,11.66,12.047634,-0.38763412475585923,170695.1,115844.03041946566,47.34906333275981
2025/2/10,晚上9:50,晚間班機,星期一,TPE,"晚上10:45 (星期二, 2月 11)",晚間抵達,JFK,菲律賓航空 菲律賓航空,菲律賓航空,1,1,5,1,20 小時,1200,37 小時 55 分鐘,2275,1075,No,Airbus A330 Airbus A350,Airbus A350,1,PR 895 PR 126,PR 126,商務艙 商務艙,商務艙,2 小時 20 分鐘,0,15 小時 35 分鐘,2,59348,53300,53613.0,84759989.01,53503.75,91,84,10.99,10.88,18.26,10.89,4.52,美國,0.5468126,0.5891658,1,53,5,10.99,11.377083,-0.38708282470703104,87298.0,59278.38405100574,47.267847120941994
2025/3/11,上午9:30,上午班機,星期二,TSA,"清晨6:50 (星期三, 3月 12)",早晨抵達,SYD,日本航空 日本航空,日本航空,1,1,3,1,5 小時 55 分鐘,355,18 小時 20 分鐘,1100,745,No,Boeing 787 Boeing 777,Boeing 777,1,JL 96 JL 51,JL 51,商務艙 商務艙,商務艙,2 小時 50 分鐘,0,9 小時 35 分鐘,2,66387,65662,65737.0,19430421.84,65718.25,91,90,11.1,11.09,16.78,11.09,4.52,澳洲,-0.389354,-1.56618,1,35,0,11.1,11.486744,-0.3867439270019535,97415.82,66171.16016837658,47.21794217393116
2025/2/2,晚上11:20,晚間班機,星期日,TPE,"晚上10:30 (星期一, 2月 3)",晚間抵達,CDG,中華航空 奧地利航空,中華航空,0,0,2,1,13 小時 25 分鐘,805,30 小時 10 分鐘,1810,1005,No,Airbus A350 Airbus A320,Airbus A350,1,CI 63 OS 419,CI 63,商務艙 商務艙,商務艙,14 小時 40 分鐘,0,2 小時 5 分鐘,1,267533,266029,267455.0,862.79,267406.0,1,76,12.5,12.49,6.76,12.5,0.69,法國,-0.977473,0.5969613,0,75,0,12.5,12.1149025,0.3850975036621094,182572.47,268337.2865208745,31.961573019857852
2025/2/22,晚上11:55,晚間班機,星期六,TPE,"上午9:00 (星期一, 2月 24)",上午抵達,FRA,長榮航空 漢莎航空,長榮航空,1,0,1,1,19 小時 15 分鐘,1155,40 小時 5 分鐘,2405,1250,No,Boeing 777 Airbus A340,Boeing 777,1,BR 10 LH 493,BR 10,商務艙 商務艙,商務艙,10 小時 40 分鐘,0,10 小時 10 分鐘,1,277446,183759,207604.5,9646413511.0,166400.75,91,80,12.53,12.12,22.99,12.24,4.52,德國,-0.7021,0.1276154,0,68,0,12.53,12.144892,0.3851082611083978,188130.61,276509.37352421886,31.962303130196762
2025/2/6,清晨7:00,早晨班機,星期四,TPE,"清晨7:15 (星期五, 2月 7)",早晨抵達,SYD,長榮航空 國泰航空,國泰航空,0,0,3,1,10 小時 10 分鐘,610,21 小時 15 分鐘,1275,665,No,Boeing 787-10 Airbus A350,Airbus A350,1,BR 891 CX 111,CX 111,商務艙 商務艙,商務艙,2 小時,0,9 小時 5 分鐘,2,154911,154812,154899.0,1582.0,154922.75,91,89,11.95,11.95,7.37,11.95,4.52,澳洲,-0.389354,-1.56618,1,35,0,11.95,11.564019,0.38598079681396413,105242.16,154817.14657623274,32.021640640316136
2025/2/18,清晨7:00,早晨班機,星期二,TPE,"清晨7:15 (星期三, 2月 19)",早晨抵達,SYD,長榮航空 國泰航空,國泰航空,0,0,3,1,10 小時 10 分鐘,610,21 小時 15 分鐘,1275,665,No,Boeing 787-10 Airbus A350,Airbus A350,1,BR 891 CX 111,CX 111,商務艙 商務艙,商務艙,2 小時,0,9 小時 5 分鐘,2,154949,154870,154954.0,2174.24,154944.0,62,60,11.95,11.95,7.68,11.95,4.14,澳洲,-0.389354,-1.56618,1,35,0,11.95,11.564019,0.38598079681396413,105242.16,154817.14657623274,32.021640640316136
2025/1/29,清晨7:00,早晨班機,星期三,TPE,"清晨7:15 (星期四, 1月 30)",早晨抵達,SYD,長榮航空 國泰航空,國泰航空,0,0,3,1,10 小時 10 分鐘,610,21 小時 15 分鐘,1275,665,No,Boeing 787-10 Boeing 777,Boeing 777,1,BR 891 CX 111,CX 111,商務艙 商務艙,商務艙,2 小時,0,9 小時 5 分鐘,2,154896,154801,154890.0,1958.97,154889.25,84,89,11.95,11.95,7.58,11.95,4.44,澳洲,-0.389354,-1.56618,1,35,0,11.95,11.564019,0.38598079681396413,105242.16,154817.14657623274,32.021640640316136
2025/2/22,清晨7:00,早晨班機,星期六,TPE,"清晨7:15 (星期日, 2月 23)",早晨抵達,SYD,長榮航空 國泰航空,國泰航空,0,0,3,1,10 小時 10 分鐘,610,21 小時 15 分鐘,1275,665,No,Boeing 787-10 Airbus A350,Airbus A350,1,BR 891 CX 111,CX 111,商務艙 商務艙,商務艙,2 小時,0,9 小時 5 分鐘,2,154933,154863,154938.0,2683.31,154926.25,74,88,11.95,11.95,7.9,11.95,4.32,澳洲,-0.389354,-1.56618,0,36,0,11.95,11.5636425,0.3863574981689446,105202.516,154817.14657623274,32.04724544306354
2025/2/13,晚上10:05,晚間班機,星期四,TPE,"晚上9:30 (星期五, 2月 14)",晚間抵達,ZRH,中華航空 瑞士航空,中華航空,0,0,2,1,12 小時 45 分鐘,765,30 小時 25 分鐘,1825,1060,No,Airbus A350 Embraer 195 E2,Airbus A350,1,CI 73 LX 735,CI 73,商務艙 商務艙,商務艙,16 小時 10 分鐘,0,1 小時 30 分鐘,1,244940,113536,299477.0,7252470457.0,253660.25,69,55,12.41,11.64,22.7,12.61,4.25,瑞士,2.7842724,-2.49911,1,77,0,12.41,12.02227,0.3877297973632814,166420.03,245241.814322488,32.14043383680034
2025/1/23,晚上8:15,晚間班機,星期四,TPE,"晚上8:10 (星期五, 1月 24)",晚間抵達,LHR,國泰航空 國泰航空,國泰航空,1,1,3,1,15 小時 10 分鐘,910,31 小時 55 分鐘,1915,1005,No,Airbus A350 Airbus A350,Airbus A350,1,CX 531 CX 253,CX 253,商務艙 商務艙,商務艙,2 小時 5 分鐘,2,14 小時 40 分鐘,2,185676,107846,202586.5,910135136.1,186599.25,1,82,12.13,11.59,20.63,12.22,0.69,英國,-1.262158,1.0504261,1,91,3,12.13,11.740884,0.3891161727905281,125603.305,185349.77599004042,32.234444839982345
2025/1/26,下午4:50,下午班機,星期日,TSA,下午5:50,下午抵達,LAX,全日空航空 全日空航空,全日空航空,1,1,1,1,4 小時 10 分鐘,250,17 小時,1020,770,No,Boeing 787 Boeing 787,Boeing 787,1,NH 854 NH 106,NH 106,經濟艙 商務艙,商務艙,2 小時 50 分鐘,2,10 小時,2,185238,111506,167680.0,1352747997.0,160197.5,77,51,12.13,11.62,21.03,12.03,4.36,美國,0.5468126,1.7011215,0,49,1,12.13,11.740277,0.3897227096557625,125527.14,185349.77599004042,32.27553691149588
2025/1/22,上午8:45,早晨班機,星期三,TPE,"上午10:00 (星期四, 1月 23)",上午抵達,SYD,中華航空 中國東方航空,中國東方航空,1,0,2,1,9 小時 30 分鐘,570,22 小時 15 分鐘,1335,765,No,Boeing 777 Airbus A350,Airbus A350,1,CI 501 MU 561,MU 561,商務艙 商務艙,商務艙,2 小時 5 分鐘,2,10 小時 40 分鐘,2,185782,157790,157805.0,1378094185.0,202953.0,43,36,12.13,11.97,21.04,11.97,3.78,澳洲,-0.389354,-1.56618,1,39,0,12.13,11.7402115,0.38978851318359453,125518.88,185349.77599004042,32.279992170454726
2025/1/29,上午8:05,早晨班機,星期三,TPE,晚上7:25,晚間抵達,ZRH,長榮航空 瑞士航空,瑞士航空,1,0,1,1,2 小時,120,18 小時 20 分鐘,1100,980,No,Boeing 777 Boeing 777,Boeing 777,1,BR 67 LX 181,LX 181,商務艙 商務艙,商務艙,4 小時 5 分鐘,0,12 小時 15 分鐘,2,196162,103333,209956.0,1174157962.0,213384.25,14,77,12.19,11.55,20.88,12.25,2.71,瑞士,2.7842724,-2.49911,1,28,0,12.19,11.799058,0.3909420394897456,133126.89,196811.16604022027,32.3580601124053
2025/1/24,晚上9:15,晚間班機,星期五,TPE,"清晨7:15 (星期日, 1月 26)",早晨抵達,SYD,國泰航空 國泰航空,國泰航空,1,1,3,1,19 小時 45 分鐘,1185,31 小時,1860,675,No,Boeing 777 Airbus A350,Airbus A350,1,CX 479 CX 111,CX 111,商務艙 商務艙,商務艙,2 小時 10 分鐘,2,9 小時 5 分鐘,2,150728,111831,155475.0,188558353.9,144588.5,47,46,11.92,11.62,19.05,11.95,3.87,澳洲,-0.389354,-1.56618,1,35,0,11.92,11.527377,0.3926228713989257,101455.66,150241.60841162986,32.47166525798019
2025/1/26,下午4:50,下午班機,星期日,TSA,"中午12:40 (星期一, 1月 27)",下午抵達,LAX,全日空航空 聯合航空,聯合航空,1,0,1,1,23 小時,1380,35 小時 50 分鐘,2150,770,No,Boeing 787 Boeing 787-10,Boeing 787-10,1,NH 854 UA 38,UA 38,經濟艙 商務艙,商務艙,2 小時 50 分鐘,2,10 小時,2,169937,87968,167677.0,3435004915.0,159066.75,43,56,12.04,11.38,21.96,12.03,3.78,美國,0.5468126,1.7011215,0,49,1,12.04,11.645967,0.39403347015380774,114229.69,169396.94046033398,32.566853220853744
2025/2/27,晚上7:30,晚間班機,星期四,TPE,"清晨6:20 (星期五, 2月 28)",早晨抵達,LHR,國泰航空 國泰航空,國泰航空,1,1,3,1,2 小時,120,18 小時 50 分鐘,1130,1010,No,Boeing 777 Boeing 777,Boeing 777,1,CX 565 CX 255,CX 255,商務艙 商務艙,商務艙,2 小時 5 分鐘,0,14 小時 45 分鐘,2,139625,107300,138007.0,1201986386.0,138724.25,63,35,11.85,11.58,20.91,11.84,4.16,英國,-1.262158,1.0504261,1,107,3,11.85,11.455847,0.3941532135009762,94451.98,140084.3471757332,32.574924703034974
2025/1/24,下午2:10,下午班機,星期五,TPE,"清晨7:05 (星期六, 1月 25)",早晨抵達,FRA,中華航空 越南航空,越南航空,1,0,2,1,7 小時,420,23 小時 55 分鐘,1435,1015,No,Airbus A350 Boeing 787,Boeing 787,1,CI 783 VN 31,VN 31,商務艙 商務艙,商務艙,3 小時 40 分鐘,2,13 小時 15 分鐘,2,134401,110738,140628.0,150240000.7,65078.0,66,53,11.81,11.61,18.83,11.85,4.2,德國,-0.7021,0.1276154,1,73,0,11.81,11.415464,0.3945355987548833,90713.766,134591.56135699214,32.60070340933945
2025/2/22,清晨7:15,早晨班機,星期六,TSA,上午11:15,上午抵達,LAX,長榮航空 新加坡航空,新加坡航空,1,0,1,1,7 小時 10 分鐘,430,20 小時,1200,770,No,Boeing 787-10 Boeing 777,Boeing 777,1,BR 192 SQ 12,SQ 12,商務艙 商務艙,商務艙,2 小時 50 分鐘,0,10 小時,2,188749,117294,117353.0,6450068651.0,117307.25,60,65,12.15,11.67,22.59,11.67,4.11,美國,0.5468126,1.7011215,0,45,1,12.15,11.755422,0.3945783615112308,127442.64,189094.08983869816,32.6035833622766
2025/2/7,上午11:30,上午班機,星期五,TSA,"上午9:05 (星期六, 2月 8)",上午抵達,LAX,上海航空 中國東方航空,中國東方航空,0,0,2,1,23 小時 35 分鐘,1415,37 小時 35 分鐘,2255,840,No,Boeing 737 Boeing 777,Boeing 777,1,FM 852 MU 583,MU 583,商務艙 商務艙,商務艙,2 小時 5 分鐘,0,11 小時 55 分鐘,2,230087,127836,203581.0,10761100560.0,354450.75,90,83,12.35,11.76,23.1,12.22,4.51,美國,0.5468126,1.7011215,1,56,0,12.35,11.953102,0.3968978881835934,155298.16,230960.0428807727,32.759730075834476
2025/3/8,下午4:30,下午班機,星期六,TSA,"晚上10:35 (星期日, 3月 9)",晚間抵達,JFK,長榮航空 全日空航空,全日空航空,1,0,1,1,26 小時 35 分鐘,1595,42 小時 5 分鐘,2525,930,No,Boeing 787-10 Boeing 777,Boeing 777,1,BR 190 NH 160,NH 160,商務艙 商務艙,商務艙,2 小時 50 分鐘,0,12 小時 40 分鐘,2,185762,103798,149701.0,2939204471.0,174760.5,76,167,12.13,11.55,21.8,11.92,4.34,美國,0.5468126,0.5891658,0,63,1,12.13,11.732683,0.39731681823730547,124577.484,185349.77599004042,32.78789590676708
2025/2/4,晚上11:05,晚間班機,星期二,TPE,"下午3:05 (星期三, 2月 5)",下午抵達,FRA,長榮航空 達羅米提航空,長榮航空,0,0,1,1,6 小時 30 分鐘,390,23 小時,1380,990,No,Boeing 787 Embraer 190,Boeing 787,1,BR 95 EN 8805,BR 95,商務艙 商務艙,商務艙,15 小時 10 分鐘,0,1 小時 20 分鐘,1,256544,250626,260515.0,21753774.2,258224.5,34,35,12.46,12.43,16.9,12.47,3.56,德國,-0.7021,0.1276154,1,81,0,12.46,12.062586,0.3974141693115243,173266.44,257815.63102004744,32.79444042455013
2025/2/27,晚上11:20,晚間班機,星期四,TPE,"晚上10:30 (星期五, 2月 28)",晚間抵達,CDG,中華航空 奧地利航空,中華航空,0,0,2,1,13 小時 25 分鐘,805,30 小時 10 分鐘,1810,1005,No,Airbus A350 Airbus A320,Airbus A350,1,CI 63 OS 419,CI 63,商務艙 商務艙,商務艙,14 小時 40 分鐘,0,2 小時 5 分鐘,1,266862,266025,266425.5,642.05,266856.25,19,70,12.49,12.49,6.47,12.49,3.0,法國,-0.977473,0.5969613,1,71,0,12.49,12.091562,0.39843772888183615,178360.53,265667.28590869467,32.86319365971937
2025/2/1,上午8:45,早晨班機,星期六,TPE,"清晨7:20 (星期日, 2月 2)",早晨抵達,SYD,中華航空 中國東方航空,中國東方航空,1,0,2,1,7 小時 5 分鐘,425,19 小時 35 分鐘,1175,750,No,Airbus A330 Airbus A350,Airbus A350,1,CI 501 MU 7063,MU 7063,商務艙 商務艙,商務艙,2 小時 5 分鐘,0,10 小時 25 分鐘,2,185104,184742,184765.0,173219.35,185168.5,9,36,12.13,12.13,12.06,12.13,2.3,澳洲,-0.389354,-1.56618,0,38,0,12.13,11.7313175,0.3986824798583992,124407.47,185349.77599004042,32.879622818273646
2025/1/29,下午3:00,下午班機,星期三,TPE,"上午10:00 (星期四, 1月 30)",上午抵達,SYD,中國東方航空 中國東方航空,中國東方航空,1,1,2,1,3 小時 20 分鐘,200,16 小時,960,760,No,Airbus A330 Airbus A350,Airbus A350,1,MU 5008 MU 561,MU 561,商務艙 商務艙,商務艙,2 小時,0,10 小時 40 分鐘,2,140717,95997,126059.0,818898426.0,159348.5,84,67,11.85,11.47,20.52,11.74,4.44,澳洲,-0.389354,-1.56618,1,107,0,11.85,11.450827,0.3991733551025387,93979.0,140084.3471757332,32.912561685350106
2025/1/30,晚上11:20,晚間班機,星期四,TPE,"下午2:30 (星期六, 2月 1)",下午抵達,CDG,中華航空 法國航空,中華航空,1,0,2,1,29 小時 25 分鐘,1765,46 小時 10 分鐘,2770,1005,No,Airbus A350 Airbus A321,Airbus A350,1,CI 63 AF 1139,CI 63,商務艙 商務艙,商務艙,14 小時 40 分鐘,0,2 小時 5 分鐘,1,182776,112670,201692.0,37170.78,202172.25,64,60,12.12,11.63,10.52,12.21,4.17,法國,-0.977473,0.5969613,1,77,0,12.12,11.7203,0.39970027923583906,123044.3,183505.51490438476,32.9479024436339
2025/2/24,下午3:35,下午班機,星期一,TSA,"清晨6:50 (星期三, 2月 26)",早晨抵達,SYD,日本航空 日本航空,日本航空,1,1,3,1,23 小時 50 分鐘,1430,36 小時 15 分鐘,2175,745,No,Boeing 787 Boeing 777,Boeing 777,1,JL 98 JL 51,JL 51,商務艙 商務艙,商務艙,2 小時 50 分鐘,0,9 小時 35 分鐘,2,140502,95417,142228.0,54001555.16,130545.25,6,41,11.85,11.47,17.8,11.87,1.95,澳洲,-0.389354,-1.56618,1,104,0,11.85,11.448225,0.40177497863769496,93734.82,140084.3471757332,33.086870730167
2025/2/17,晚上11:45,晚間班機,星期一,TPE,"下午3:55 (星期二, 2月 18)",下午抵達,SYD,中華航空 澳洲航空,中華航空,0,0,2,1,2 小時 25 分鐘,145,13 小時 10 分鐘,790,645,No,Airbus A350 Boeing 737,Airbus A350,1,CI 57 QF 450,CI 57,商務艙 商務艙,商務艙,9 小時 20 分鐘,0,1 小時 25 分鐘,1,125013,125003,125012.0,43.33,125011.25,45,56,11.74,11.74,3.79,11.74,3.83,澳洲,-0.389354,-1.56618,1,69,0,11.74,11.337254,0.4027464294433596,83889.32,125492.34002075167,33.15183994606532
2025/1/23,中午12:30,下午班機,星期四,TSA,"清晨5:50 (星期五, 1月 24)",凌晨抵達,CDG,中華航空 法國航空,法國航空,1,0,2,1,7 小時 50 分鐘,470,24 小時 20 分鐘,1460,990,No,Airbus A330 Boeing 777,Boeing 777,1,CI 201 AF 111,AF 111,商務艙 商務艙,商務艙,1 小時 45 分鐘,2,14 小時 45 分鐘,2,213145,119545,243843.0,49052.42,243412.75,12,49,12.27,11.69,10.8,12.4,2.56,法國,-0.977473,0.5969613,1,60,0,12.27,11.864701,0.40529872894287067,142158.98,213202.99094539962,33.32223729853475
2025/2/28,晚上11:40,晚間班機,星期五,TPE,"上午9:45 (星期六, 3月 1)",上午抵達,LAX,長榮航空 阿拉斯加航空,長榮航空,0,0,1,1,12 小時 50 分鐘,770,26 小時 5 分鐘,1565,795,No,Boeing 787-10 Boeing 737MAX 8 Passenger,Boeing 787-10 Boeing 737MAX 8 Passenger,0,BR 26 AS 1246,BR 26,商務艙 頭等艙,商務艙,10 小時 30 分鐘,0,2 小時 45 分鐘,1,154377,136790,137027.0,661301975.8,164684.75,36,36,11.95,11.83,20.31,11.83,3.61,美國,0.5468126,1.7011215,1,92,1,11.95,11.544603,0.405396652221679,103218.5,154817.14657623274,33.32876733445369
2025/1/29,下午1:25,下午班機,星期三,TPE,"上午10:00 (星期四, 1月 30)",上午抵達,JFK,日本航空 日本航空,日本航空,1,1,3,1,17 小時 35 分鐘,1055,33 小時 35 分鐘,2015,960,No,Boeing 767 Airbus A350,Airbus A350,1,JL 8664 JL 6,JL 6,商務艙 商務艙,商務艙,3 小時 5 分鐘,0,12 小時 55 分鐘,2,152769,106108,159121.0,329046775.0,159158.0,63,79,11.94,11.57,19.61,11.98,4.16,美國,0.5468126,0.5891658,1,49,3,11.94,11.533991,0.40600914001464794,102128.88,153276.69022931982,33.36959281955836
2025/1/24,晚上7:30,晚間班機,星期五,TPE,"清晨7:30 (星期六, 1月 25)",早晨抵達,ZRH,國泰航空 國泰航空,國泰航空,1,1,3,1,3 小時 5 分鐘,185,19 小時,1140,955,No,Boeing 777 Airbus A350,Airbus A350,1,CX 565 CX 383,CX 383,商務艙 商務艙,商務艙,2 小時 5 分鐘,2,13 小時 50 分鐘,2,302130,124703,325274.0,4148619974.0,275434.25,79,69,12.62,11.73,22.15,12.69,4.38,瑞士,2.7842724,-2.49911,1,72,0,12.62,12.213101,0.40689861297607344,201410.7,302549.44571363856,33.42883089740176
2025/2/9,下午5:15,下午班機,星期日,TSA,"上午9:05 (星期一, 2月 10)",上午抵達,LAX,中國東方航空 中國東方航空,中國東方航空,1,1,2,1,18 小時 20 分鐘,1100,31 小時 50 分鐘,1910,810,No,Airbus A330 Boeing 777,Boeing 777,1,MU 5098 MU 583,MU 583,商務艙 商務艙,商務艙,1 小時 35 分鐘,0,11 小時 55 分鐘,2,285972,127836,312593.0,3782275233.0,312605.5,90,81,12.56,11.76,22.05,12.65,4.51,美國,0.5468126,1.7011215,0,72,2,12.56,12.151702,0.4082980728149419,189416.19,284930.3376286781,33.52193063174354
2025/2/21,晚上8:15,晚間班機,星期五,TPE,"清晨7:15 (星期日, 2月 23)",早晨抵達,SYD,國泰航空 國泰航空,國泰航空,1,1,3,1,20 小時 50 分鐘,1250,32 小時,1920,670,No,Airbus A330 Airbus A350,Airbus A350,1,CX 531 CX 111,CX 111,商務艙 商務艙,商務艙,2 小時 5 分鐘,0,9 小時 5 分鐘,2,126683,69211,155547.0,1221125023.0,155561.25,75,63,11.75,11.14,20.92,11.95,4.33,澳洲,-0.389354,-1.56618,1,64,0,11.75,11.341692,0.4083080291748047,84262.48,126753.55900574342,33.52259516540918
2025/1/30,晚上11:55,晚間班機,星期四,TPE,"上午9:00 (星期六, 2月 1)",上午抵達,FRA,長榮航空 漢莎航空,長榮航空,1,0,1,1,19 小時 15 分鐘,1155,40 小時 5 分鐘,2405,1250,No,Boeing 777 Airbus A340,Boeing 777,1,BR 10 LH 493,BR 10,商務艙 商務艙,商務艙,10 小時 40 分鐘,0,10 小時 10 分鐘,1,326807,222296,327900.0,8559951886.0,137127.5,86,44,12.7,12.31,22.87,12.7,4.47,德國,-0.7021,0.1276154,1,89,0,12.7,12.287848,0.41215152740478445,217042.5,327747.9018738116,33.777608106987984
2025/2/19,清晨7:00,早晨班機,星期三,TPE,"清晨7:15 (星期四, 2月 20)",早晨抵達,SYD,長榮航空 國泰航空,國泰航空,0,0,3,1,10 小時 10 分鐘,610,21 小時 15 分鐘,1275,665,No,Boeing 787-10 Boeing 777,Boeing 777,1,BR 891 CX 111,CX 111,商務艙 商務艙,商務艙,2 小時,0,9 小時 5 分鐘,2,154942,154865,154952.0,2650.41,154976.5,74,69,11.95,11.95,7.88,11.95,4.32,澳洲,-0.389354,-1.56618,1,34,0,11.95,11.537256,0.4127437591552727,102462.92,154817.14657623274,33.81681283956055
2025/2/11,清晨7:00,早晨班機,星期二,TPE,"清晨7:15 (星期三, 2月 12)",早晨抵達,SYD,長榮航空 國泰航空,國泰航空,0,0,3,1,10 小時 10 分鐘,610,21 小時 15 分鐘,1275,665,No,Boeing 787-10 Airbus A350,Airbus A350,1,BR 891 CX 111,CX 111,商務艙 商務艙,商務艙,2 小時,0,9 小時 5 分鐘,2,154938,154870,154952.0,1538.92,154922.75,55,50,11.95,11.95,7.34,11.95,4.03,澳洲,-0.389354,-1.56618,1,34,0,11.95,11.537256,0.4127437591552727,102462.92,154817.14657623274,33.81681283956055
2025/1/29,晚上11:20,晚間班機,星期三,TPE,"晚上8:00 (星期四, 1月 30)",晚間抵達,FRA,中華航空 奧地利航空,中華航空,0,0,2,1,11 小時 30 分鐘,690,27 小時 40 分鐘,1660,970,No,Airbus A350 Airbus A320,Airbus A350,1,CI 63 OS 217,CI 63,商務艙 商務艙,商務艙,14 小時 40 分鐘,0,1 小時 30 分鐘,1,239284,114878,270534.0,4098829977.0,132891.25,89,39,12.39,11.65,22.13,12.51,4.5,德國,-0.7021,0.1276154,1,85,0,12.39,11.976751,0.41324867248535213,159014.61,240385.70103824444,33.850221253509005
2025/2/22,下午5:35,下午班機,星期六,TPE,"晚上8:55 (星期日, 2月 23)",晚間抵達,CDG,新加坡航空 新加坡航空,新加坡航空,1,1,1,1,15 小時 35 分鐘,935,34 小時 20 分鐘,2060,1125,No,Boeing 787 Airbus A350,Airbus A350,1,SQ 879 SQ 332,SQ 332,經濟艙 商務艙,商務艙,4 小時 45 分鐘,0,14 小時,2,170042,70768,149468.5,89903.43,100020.5,86,58,12.04,11.17,11.41,11.91,4.47,法國,-0.977473,0.5969613,0,69,0,12.04,11.625997,0.4140034103393546,111971.16,169396.94046033398,33.90013069556048
2025/3/17,上午9:45,上午班機,星期一,TPE,中午12:15,下午抵達,LAX,達美航空 達美航空,達美航空,1,1,2,1,3 小時 20 分鐘,200,17 小時 30 分鐘,1050,850,No,Airbus A330-900neo Boeing 737,Airbus A330-900neo,1,DL 68 DL 2769,DL 68,商務艙 頭等艙,商務艙,11 小時 20 分鐘,0,2 小時 50 分鐘,1,162922,141979,167987.0,108682823.2,161505.5,53,41,12.0,11.86,18.5,12.03,3.99,美國,0.5468126,1.7011215,1,67,2,12.0,11.583807,0.41619300842285156,107345.41,162754.79141900392,34.04470288457148
2025/3/21,下午5:15,下午班機,星期五,TSA,"清晨6:00 (星期六, 3月 22)",早晨抵達,CDG,中國東方航空 中國東方航空,中國東方航空,1,1,2,1,5 小時 25 分鐘,325,19 小時 45 分鐘,1185,860,No,Airbus A330 Boeing 777,Boeing 777,1,MU 5098 MU 553,MU 553,商務艙 商務艙,商務艙,1 小時 35 分鐘,0,12 小時 45 分鐘,2,172898,130744,158510.0,36602.88,167693.0,71,90,12.06,11.78,10.51,11.97,4.28,法國,-0.977473,0.5969613,1,71,0,12.06,11.643783,0.4162173843383794,113980.49,172818.98565406553,34.04631339773251
2025/1/24,晚上9:10,晚間班機,星期五,TPE,"中午12:10 (星期六, 1月 25)",下午抵達,JFK,中華航空 國泰航空,國泰航空,0,0,3,1,10 小時 30 分鐘,630,28 小時,1680,1050,No,Airbus A321neo Boeing 777,Boeing 777,1,CI 921 CX 830,CX 830,商務艙 商務艙,商務艙,1 小時 50 分鐘,2,15 小時 40 分鐘,2,306568,306493,306536.0,4287.47,306571.5,72,61,12.63,12.63,8.36,12.63,4.29,美國,0.5468126,0.5891658,1,36,2,12.63,12.210926,0.41907394409179766,200973.05,305590.1181942835,34.23444185219747
2025/2/5,下午2:35,下午班機,星期三,TPE,"清晨6:40 (星期四, 2月 6)",早晨抵達,CDG,中國南方航空 中國南方航空,中國南方航空,1,1,5,1,7 小時 50 分鐘,470,23 小時 5 分鐘,1385,915,No,Airbus A330 Airbus A350,Airbus A350,1,CZ 3098 CZ 347,CZ 347,經濟艙 商務艙,商務艙,2 小時 25 分鐘,0,12 小時 50 分鐘,2,164938,62734,162057.0,29014.45,163177.75,82,91,12.01,11.05,10.28,12.0,4.42,法國,-0.977473,0.5969613,1,67,0,12.01,11.5886545,0.4213454818725584,107867.02,164390.5042665138,34.383665334693895
2025/2/28,上午10:45,上午班機,星期五,TPE,下午2:33,下午抵達,LAX,達美航空 達美航空,達美航空,1,1,2,1,5 小時 40 分鐘,340,19 小時 48 分鐘,1188,848,No,Airbus A330-900neo Boeing 737,Airbus A330-900neo,1,DL 68 DL 2914,DL 68,商務艙 頭等艙,商務艙,11 小時 20 分鐘,0,2 小時 48 分鐘,1,167090,143211,169249.0,53242399.45,169247.25,87,36,12.03,11.87,17.79,12.04,4.48,美國,0.5468126,1.7011215,1,55,2,12.03,11.607814,0.4221861648559564,109953.61,167711.41274037142,34.4388031927108
2025/2/14,上午8:05,早晨班機,星期五,TPE,晚上7:25,晚間抵達,ZRH,長榮航空 瑞士航空,瑞士航空,1,0,1,1,2 小時,120,18 小時 20 分鐘,1100,980,No,Boeing 777 Boeing 777,Boeing 777,1,BR 67 LX 181,LX 181,商務艙 商務艙,商務艙,4 小時 5 分鐘,0,12 小時 15 分鐘,2,198432,103354,213635.0,1484867434.0,158053.25,41,91,12.2,11.55,21.12,12.27,3.74,瑞士,2.7842724,-2.49911,1,22,0,12.2,11.775731,0.42426891326904226,130057.39,198789.1511429544,34.57520700841849
2025/1/24,晚上11:55,晚間班機,星期五,TPE,"上午9:00 (星期日, 1月 26)",上午抵達,FRA,長榮航空 漢莎航空,長榮航空,1,0,1,1,19 小時 15 分鐘,1155,40 小時 5 分鐘,2405,1250,No,Boeing 777 Airbus A340,Boeing 777,1,BR 10 LH 493,BR 10,商務艙 商務艙,商務艙,10 小時 40 分鐘,2,10 小時 10 分鐘,1,353903,262548,349724.5,6692028883.0,221206.0,80,80,12.78,12.48,22.62,12.76,4.39,德國,-0.7021,0.1276154,1,64,0,12.78,12.355582,0.424417762756347,232252.92,355045.0635575014,34.58494548611421
2025/1/28,晚上7:25,晚間班機,星期二,TPE,"上午8:30 (星期三, 1月 29)",早晨抵達,LAX,大韓航空 大韓航空,大韓航空,1,1,2,1,15 小時 35 分鐘,935,29 小時 5 分鐘,1745,810,No,Boeing 777 Airbus A380,Airbus A380,2,KE 188 KE 17,KE 17,商務艙 商務艙,商務艙,2 小時 30 分鐘,2,11 小時,2,143360,107444,142040.0,75186665.19,141988.25,89,78,11.87,11.58,18.14,11.86,4.5,美國,0.5468126,1.7011215,1,99,2,11.87,11.444239,0.42576133728027266,93361.91,142914.2387054562,34.672775018298005
2025/2/4,上午11:00,上午班機,星期二,TPE,"上午10:25 (星期四, 2月 6)",上午抵達,SYD,廈門航空 廈門航空,廈門航空,1,1,2,1,33 小時 15 分鐘,1995,44 小時 25 分鐘,2665,670,No,Boeing 737 Boeing 787,Boeing 787,1,MF 888 MF 801,MF 801,商務艙 商務艙,商務艙,1 小時 45 分鐘,0,9 小時 25 分鐘,2,93631,66052,92707.0,271922365.7,86988.0,62,87,11.45,11.1,19.42,11.44,4.14,澳洲,-0.389354,-1.56618,1,32,0,11.45,11.019167,0.4308330535888665,61032.816,93901.34604770991,35.003257168177214
2025/1/21,晚上7:50,晚間班機,星期二,TPE,"清晨7:33 (星期三, 1月 22)",早晨抵達,LAX,長榮航空 聯合航空,長榮航空,1,0,1,1,15 小時 10 分鐘,910,27 小時 43 分鐘,1663,753,No,Boeing 777 Boeing 737MAX 8 Passenger,Boeing 777 Boeing 737MAX 8 Passenger,0,BR 18 UA 502,BR 18,商務艙 頭等艙,商務艙,11 小時,2,1 小時 33 分鐘,1,327738,264088,325262.0,149873092.5,328537.25,1,40,12.7,12.48,18.83,12.69,0.69,美國,0.5468126,1.7011215,1,99,1,12.7,12.265302,0.434698295593261,212203.66,327747.9018738116,35.25400009068496
2025/2/10,下午5:15,下午班機,星期一,TSA,"上午9:05 (星期二, 2月 11)",上午抵達,LAX,中國東方航空 中國東方航空,中國東方航空,1,1,2,1,18 小時 20 分鐘,1100,31 小時 50 分鐘,1910,810,No,Airbus A330 Boeing 777,Boeing 777,1,MU 5098 MU 583,MU 583,商務艙 商務艙,商務艙,1 小時 35 分鐘,0,11 小時 55 分鐘,2,277951,127019,312599.0,4867604239.0,312619.25,69,82,12.54,11.75,22.31,12.65,4.25,美國,0.5468126,1.7011215,1,74,2,12.54,12.104489,0.43551067352294837,180681.19,279288.3389284758,35.306576639323474
2025/2/1,晚上7:40,晚間班機,星期六,TPE,"清晨7:35 (星期日, 2月 2)",早晨抵達,CDG,國泰航空 國泰航空,國泰航空,1,1,3,1,2 小時 30 分鐘,150,18 小時 55 分鐘,1135,985,No,Boeing 777 Airbus A350,Airbus A350,1,CX 451 CX 261,CX 261,商務艙 商務艙,商務艙,2 小時 5 分鐘,0,14 小時 20 分鐘,2,178915,128030,202074.0,34535.33,202108.25,45,83,12.09,11.76,10.45,12.22,3.83,法國,-0.977473,0.5969613,0,61,0,12.09,11.653498,0.4365023040771483,115093.22,178082.1073204795,35.37070035740516
2025/1/29,下午2:35,下午班機,星期三,TPE,"下午6:15 (星期四, 1月 30)",晚間抵達,LHR,中國南方航空 中國南方航空,中國南方航空,1,1,5,1,20 小時 5 分鐘,1205,35 小時 40 分鐘,2140,935,No,Airbus A330 Boeing 787,Boeing 787,1,CZ 3098 CZ 303,CZ 303,商務艙 商務艙,商務艙,2 小時 25 分鐘,0,13 小時 10 分鐘,2,156695,62734,138584.0,1776966506.0,191898.0,75,90,11.96,11.05,21.3,11.84,4.33,英國,-1.262158,1.0504261,1,108,5,11.96,11.522133,0.4378671264648446,100924.99,156373.08476681827,35.45884680985978
2025/2/7,下午2:35,下午班機,星期五,TPE,"晚上8:20 (星期六, 2月 8)",晚間抵達,SYD,中國南方航空 中國南方航空,中國南方航空,1,1,5,1,15 小時,900,26 小時 45 分鐘,1605,705,No,Airbus A330 Airbus A350,Airbus A350,1,CZ 3098 CZ 301,CZ 301,商務艙 商務艙,商務艙,2 小時 25 分鐘,0,9 小時 20 分鐘,2,125892,90530,140729.0,853025903.9,156673.0,48,91,11.74,11.41,20.56,11.85,3.89,澳洲,-0.389354,-1.56618,1,102,0,11.74,11.301156,0.43884395599365256,80915.125,125492.34002075167,35.52186134498751
2025/2/1,晚上11:05,晚間班機,星期六,TPE,"晚上8:25 (星期日, 2月 2)",晚間抵達,FRA,長榮航空 達羅米提航空,長榮航空,0,0,1,1,11 小時 50 分鐘,710,28 小時 20 分鐘,1700,990,No,Boeing 787 Embraer 190,Boeing 787,1,BR 95 EN 8803,BR 95,商務艙 商務艙,商務艙,15 小時 10 分鐘,0,1 小時 20 分鐘,1,254404,250797,252299.0,16493958.67,205866.5,31,86,12.45,12.43,16.62,12.44,3.47,德國,-0.7021,0.1276154,0,63,0,12.45,12.008361,0.4416391372680657,164121.27,255250.32262933443,35.701838127221045
2025/1/29,晚上11:30,晚間班機,星期三,TPE,"清晨7:33 (星期四, 1月 30)",早晨抵達,LAX,長榮航空 聯合航空,長榮航空,1,0,1,1,11 小時 30 分鐘,690,24 小時 3 分鐘,1443,753,No,Boeing 777 Boeing 737MAX 9 Passenger,Boeing 777 Boeing 737MAX 9 Passenger,0,BR 28 UA 502,BR 28,商務艙 頭等艙,商務艙,11 小時,0,1 小時 33 分鐘,1,329235,264071,325272.0,131028949.6,339226.25,2,53,12.7,12.48,18.69,12.69,1.1,美國,0.5468126,1.7011215,1,99,1,12.7,12.25662,0.4433795928955071,210369.42,327747.9018738116,35.813648028784115
2025/2/8,下午5:15,下午班機,星期六,TSA,"上午9:05 (星期日, 2月 9)",上午抵達,LAX,中國東方航空 中國東方航空,中國東方航空,1,1,2,1,18 小時 20 分鐘,1100,31 小時 50 分鐘,1910,810,No,Airbus A330 Boeing 777,Boeing 777,1,MU 5098 MU 583,MU 583,商務艙 商務艙,商務艙,1 小時 35 分鐘,0,11 小時 55 分鐘,2,289442,127836,312593.0,3202185195.0,312591.25,89,82,12.58,11.76,21.89,12.65,4.5,美國,0.5468126,1.7011215,0,74,2,12.58,12.1365385,0.44346149444580085,186565.66,290686.3122630533,35.8189056796147
2025/3/6,下午6:25,晚間班機,星期四,TSA,"晚上9:35 (星期五, 3月 7)",晚間抵達,JFK,中華航空 全日空航空,全日空航空,0,0,1,1,24 小時 40 分鐘,1480,40 小時 10 分鐘,2410,930,No,Airbus A330 Boeing 777,Boeing 777,1,CI 222 NH 160,NH 160,經濟艙 商務艙,商務艙,2 小時 50 分鐘,0,12 小時 40 分鐘,2,237457,235108,235406.0,13974553.24,235286.5,33,35,12.38,12.37,16.45,12.37,3.53,美國,0.5468126,0.5891658,1,76,2,12.38,11.936507,0.4434927749633797,152742.27,237993.8233485912,35.820911872457565
2025/2/28,下午5:00,下午班機,星期五,TPE,"清晨5:45 (星期六, 3月 1)",凌晨抵達,JFK,國泰航空 國泰航空,國泰航空,1,1,3,1,8 小時 15 分鐘,495,25 小時 45 分鐘,1545,1050,No,Airbus A321neo Airbus A350,Airbus A350,1,CX 421 CX 844,CX 844,商務艙 商務艙,商務艙,2 小時 5 分鐘,0,15 小時 25 分鐘,2,193462,123254,152457.0,4789527473.0,190920.5,1,63,12.17,11.72,22.29,11.93,0.69,美國,0.5468126,0.5891658,1,51,3,12.17,11.722536,0.4474639129638671,123319.78,192914.04384457952,36.07527021238945
2025/1/24,晚上8:15,晚間班機,星期五,TPE,晚上8:55,晚間抵達,LAX,國泰航空 國泰航空,國泰航空,1,1,3,1,2 小時 5 分鐘,125,16 小時 40 分鐘,1000,875,No,Airbus A350 Boeing 777,Boeing 777,1,CX 531 CX 880,CX 880,商務艙 商務艙,商務艙,2 小時 5 分鐘,2,12 小時 30 分鐘,2,202306,83215,236914.0,3028937033.0,236950.0,85,69,12.22,11.33,21.83,12.38,4.45,美國,0.5468126,1.7011215,1,83,3,12.22,11.77047,0.4495303344726569,129374.9,202804.95837882365,36.20723108956838
2025/2/27,下午2:10,下午班機,星期四,TPE,"上午8:00 (星期五, 2月 28)",早晨抵達,ZRH,新加坡航空 新加坡航空,新加坡航空,1,1,1,1,6 小時 35 分鐘,395,24 小時 50 分鐘,1490,1095,No,Boeing 787 Boeing 777,Boeing 777,1,SQ 877 SQ 346,SQ 346,經濟艙 商務艙,商務艙,4 小時 45 分鐘,0,13 小時 30 分鐘,2,171077,99070,126375.0,3657793093.0,217731.5,66,56,12.05,11.5,22.02,11.75,4.2,瑞士,2.7842724,-2.49911,1,29,0,12.05,11.599725,0.45027523040771555,109067.77,171099.40801550748,36.25473360631691
2025/2/2,下午2:35,下午班機,星期日,TPE,"晚上8:20 (星期一, 2月 3)",晚間抵達,SYD,中國南方航空 中國南方航空,中國南方航空,1,1,5,1,15 小時,900,26 小時 45 分鐘,1605,705,No,Airbus A330 Airbus A350,Airbus A350,1,CZ 3098 CZ 301,CZ 301,商務艙 商務艙,商務艙,2 小時 25 分鐘,0,9 小時 20 分鐘,2,166548,90534,140763.0,1186403557.0,188534.0,22,88,12.02,11.41,20.89,11.85,3.14,澳洲,-0.389354,-1.56618,0,82,0,12.02,11.565138,0.4548621368408199,105359.95,166042.65630144285,36.54645410290003
2025/1/23,晚上7:40,晚間班機,星期四,TPE,晚上8:55,晚間抵達,LAX,國泰航空 國泰航空,國泰航空,1,1,3,1,2 小時 40 分鐘,160,17 小時 15 分鐘,1035,875,No,Boeing 777 Boeing 777,Boeing 777,1,CX 451 CX 880,CX 880,商務艙 商務艙,商務艙,2 小時 5 分鐘,2,12 小時 30 分鐘,2,172938,93220,115018.0,4048946054.0,206437.5,90,49,12.06,11.44,22.12,11.65,4.51,美國,0.5468126,1.7011215,1,99,3,12.06,11.602061,0.45793872833252003,109322.914,172818.98565406553,36.74137500069964
2025/2/3,清晨7:15,早晨班機,星期一,TSA,上午11:15,上午抵達,LAX,長榮航空 新加坡航空,新加坡航空,1,0,1,1,7 小時 10 分鐘,430,20 小時,1200,770,No,Boeing 787-10 Boeing 777,Boeing 777,1,BR 192 SQ 12,SQ 12,商務艙 商務艙,商務艙,2 小時 50 分鐘,0,10 小時,2,267969,105066,278180.0,2455492031.0,242402.25,86,81,12.5,11.56,21.62,12.54,4.47,美國,0.5468126,1.7011215,1,35,1,12.5,12.041582,0.4584178924560547,169665.16,268337.2865208745,36.77168072697142
2025/2/3,下午2:35,下午班機,星期一,TPE,"清晨6:40 (星期二, 2月 4)",早晨抵達,CDG,中國南方航空 中國南方航空,中國南方航空,1,1,5,1,8 小時,480,23 小時 5 分鐘,1385,905,No,Airbus A330 Airbus A350,Airbus A350,1,CZ 3098 CZ 347,CZ 347,商務艙 商務艙,商務艙,2 小時 15 分鐘,0,12 小時 50 分鐘,2,165090,62734,162056.0,34916.88,161820.0,80,91,12.01,11.05,10.46,12.0,4.39,法國,-0.977473,0.5969613,1,54,0,12.01,11.549015,0.46098495483398416,103674.875,164390.5042665138,36.93378126517587
2025/1/31,清晨7:15,早晨班機,星期五,TSA,上午11:15,上午抵達,LAX,長榮航空 新加坡航空,新加坡航空,1,0,1,1,7 小時 10 分鐘,430,20 小時,1200,770,No,Boeing 787-10 Boeing 777,Boeing 777,1,BR 192 SQ 12,SQ 12,經濟艙 商務艙,商務艙,2 小時 50 分鐘,0,10 小時,2,239485,105066,244134.0,273545618.6,243085.0,83,71,12.39,11.56,19.43,12.41,4.43,美國,0.5468126,1.7011215,1,37,1,12.39,11.927355,0.46264518737793026,151350.69,240385.70103824444,37.038398354683885
2025/2/28,上午11:10,上午班機,星期五,TPE,"凌晨12:17 (星期六, 3月 1)",凌晨抵達,LAX,聯合航空 聯合航空,聯合航空,1,1,1,1,16 小時 10 分鐘,970,29 小時 7 分鐘,1747,777,No,Boeing 777 Boeing 737,Boeing 777,1,UA 872 UA 2681,UA 872,商務艙 頭等艙,商務艙,11 小時 25 分鐘,0,1 小時 32 分鐘,1,142089,84346,137228.0,851674045.9,118272.25,72,61,11.86,11.34,20.56,11.83,4.29,美國,0.5468126,1.7011215,1,55,1,11.86,11.396696,0.46330390930175724,89027.1,141492.21827072586,37.07986018555528
2025/1/25,下午3:10,下午班機,星期六,TSA,"晚上7:00 (星期日, 1月 26)",晚間抵達,FRA,中國國際航空 漢莎航空,漢莎航空,1,0,1,1,19 小時 15 分鐘,1155,34 小時 50 分鐘,2090,935,No,Airbus A330 Boeing 747,Boeing 747,2,CA 198 LH 729,LH 729,商務艙 商務艙,商務艙,1 小時 35 分鐘,2,14 小時,2,320816,318175,320123.0,5116024.97,269884.0,4,84,12.68,12.67,15.45,12.68,1.61,德國,-0.7021,0.1276154,0,73,0,12.68,12.215915,0.4640852737426755,201978.14,321258.0585957829,37.12900416946885
2025/3/20,下午2:05,下午班機,星期四,TPE,"清晨6:40 (星期五, 3月 21)",早晨抵達,CDG,中華航空 中國南方航空,中國南方航空,0,0,5,1,8 小時 35 分鐘,515,23 小時 35 分鐘,1415,900,No,Airbus A330 Airbus A350,Airbus A350,1,CI 521 CZ 347,CZ 347,商務艙 商務艙,商務艙,2 小時 10 分鐘,0,12 小時 50 分鐘,2,191445,66667,76590.5,140723.88,76427.75,56,90,12.16,11.11,11.85,11.25,4.04,法國,-0.977473,0.5969613,1,69,0,12.16,11.692757,0.4672433471679689,119701.53,190994.5170362057,37.32724210752664
2025/1/30,下午5:35,下午班機,星期四,TPE,"上午11:50 (星期五, 1月 31)",上午抵達,SYD,新加坡航空 新加坡航空,新加坡航空,1,1,1,1,2 小時 35 分鐘,155,15 小時 15 分鐘,915,760,No,Boeing 787 Airbus A380,Airbus A380,2,SQ 879 SQ 231,SQ 231,商務艙 商務艙,商務艙,4 小時 45 分鐘,0,7 小時 55 分鐘,2,105804,84820,106619.0,13108779.18,106632.5,4,71,11.57,11.35,16.39,11.58,1.61,澳洲,-0.389354,-1.56618,1,105,0,11.57,11.101977,0.46802265167236357,66302.13,105873.47202785847,37.376066409672546
2025/2/1,晚上8:15,晚間班機,星期六,TPE,"清晨7:35 (星期日, 2月 2)",早晨抵達,CDG,國泰航空 國泰航空,國泰航空,1,1,3,1,1 小時 55 分鐘,115,18 小時 20 分鐘,1100,985,No,Airbus A330 Airbus A350,Airbus A350,1,CX 531 CX 261,CX 261,商務艙 商務艙,商務艙,2 小時 5 分鐘,0,14 小時 20 分鐘,2,179402,128030,202069.0,34357.79,183621.5,45,75,12.1,11.76,10.44,12.22,3.83,法國,-0.977473,0.5969613,0,61,0,12.1,11.628383,0.4716173171997067,112238.65,179871.86225375102,37.600774778680325
2025/1/24,下午4:30,下午班機,星期五,TPE,"下午1:35 (星期六, 1月 25)",下午抵達,SYD,中華航空 中國東方航空,中國東方航空,1,0,2,1,5 小時 40 分鐘,340,18 小時 5 分鐘,1085,745,No,Boeing 777 Airbus A350,Airbus A350,1,CI 503 MU 735,MU 735,商務艙 商務艙,商務艙,2 小時 5 分鐘,2,10 小時 20 分鐘,2,251687,159555,295529.0,2854492787.0,295550.75,73,36,12.44,11.98,21.77,12.6,4.3,澳洲,-0.389354,-1.56618,1,67,0,12.44,11.965963,0.47403663635253857,157308.38,252710.53948359413,37.75155744534652
2025/1/24,晚上11:10,晚間班機,星期五,TPE,"下午5:15 (星期六, 1月 25)",下午抵達,ZRH,中華航空 漢莎航空,中華航空,0,0,2,1,8 小時 45 分鐘,525,25 小時 5 分鐘,1505,980,No,Airbus A350 Airbus A320neo,Airbus A350,1,CI 61 LH 1196,CI 61,商務艙 商務艙,商務艙,15 小時 25 分鐘,2,55 分鐘,1,267416,212172,279147.0,656206410.2,279986.5,68,46,12.5,12.27,20.3,12.54,4.23,瑞士,2.7842724,-2.49911,1,72,0,12.5,12.025814,0.4741859436035156,167010.84,268337.2865208745,37.760850936752725
2025/3/21,下午3:50,下午班機,星期五,TPE,"清晨7:30 (星期六, 3月 22)",早晨抵達,SYD,國泰航空 澳洲航空,澳洲航空,1,0,3,1,1 小時 30 分鐘,90,12 小時 40 分鐘,760,670,No,Airbus A330 Airbus A330,Airbus A330,1,CX 443 QF 128,QF 128,商務艙 商務艙,商務艙,2 小時 5 分鐘,0,9 小時 5 分鐘,2,138646,110778,143287.0,133209108.1,135171.5,53,35,11.84,11.62,18.71,11.87,3.99,澳洲,-0.389354,-1.56618,1,90,0,11.84,11.363856,0.4761436843872069,86150.95,138690.4846321954,37.88257835173716
2025/3/15,下午6:40,晚間班機,星期六,TPE,"清晨6:00 (星期一, 3月 17)",早晨抵達,CDG,中國東方航空 中國東方航空,中國東方航空,1,1,2,1,27 小時 50 分鐘,1670,42 小時 20 分鐘,2540,870,No,Airbus A330 Boeing 777,Boeing 777,1,MU 5006 MU 553,MU 553,商務艙 商務艙,商務艙,1 小時 45 分鐘,0,12 小時 45 分鐘,2,145918,108570,144626.5,39893.57,173597.75,50,38,11.89,11.6,10.59,11.88,3.93,法國,-0.977473,0.5969613,0,58,0,11.89,11.413004,0.4769960784912115,90490.84,145801.2978362103,37.935501883079766
2025/2/28,下午4:50,下午班機,星期五,TSA,"上午9:50 (星期六, 3月 1)",上午抵達,LAX,全日空航空 全日空航空,全日空航空,1,1,1,1,20 小時 20 分鐘,1220,33 小時,1980,760,No,Boeing 787 Boeing 787,Boeing 787,1,NH 854 NH 6,NH 6,商務艙 商務艙,商務艙,2 小時 50 分鐘,0,9 小時 50 分鐘,2,166447,138105,168075.0,47516648.9,168133.25,70,90,12.02,11.84,17.68,12.03,4.26,美國,0.5468126,1.7011215,1,78,1,12.02,11.54271,0.47728969573974567,103023.28,166042.65630144285,37.95372614193431
2025/1/30,清晨7:45,早晨班機,星期四,TPE,"上午9:50 (星期五, 1月 31)",上午抵達,SYD,越南航空 越南航空,越南航空,1,1,2,1,10 小時 55 分鐘,655,23 小時 5 分鐘,1385,730,No,Airbus A321 Airbus A350,Airbus A350,1,VN 571 VN 773,VN 773,商務艙 商務艙,商務艙,3 小時 40 分鐘,0,8 小時 30 分鐘,2,116432,96652,120733.0,109446816.8,115780.25,91,47,11.67,11.48,18.51,11.7,4.52,澳洲,-0.389354,-1.56618,1,42,0,11.67,11.191456,0.4785441589355468,72508.266,117008.28228088471,38.03151006786
2025/2/14,上午11:30,上午班機,星期五,TSA,"上午9:05 (星期六, 2月 15)",上午抵達,LAX,上海航空 中國東方航空,中國東方航空,0,0,2,1,23 小時 35 分鐘,1415,37 小時 35 分鐘,2255,840,No,Boeing 737 Boeing 777,Boeing 777,1,FM 852 MU 583,MU 583,商務艙 商務艙,商務艙,2 小時 5 分鐘,0,11 小時 55 分鐘,2,231799,127864,312550.0,8527497345.0,220243.0,69,64,12.35,11.76,22.87,12.65,4.25,美國,0.5468126,1.7011215,1,60,0,12.35,11.870208,0.47979221343994105,142943.94,230960.0428807727,38.10880197411844
2025/2/28,下午4:50,下午班機,星期五,TSA,"下午2:05 (星期六, 3月 1)",下午抵達,LAX,全日空航空 全日空航空,全日空航空,1,1,1,1,24 小時 25 分鐘,1465,37 小時 15 分鐘,2235,770,No,Boeing 787 Boeing 787,Boeing 787,1,NH 854 NH 126,NH 126,商務艙 商務艙,商務艙,2 小時 50 分鐘,0,10 小時,2,166231,138272,168236.0,56031342.18,160674.25,70,90,12.02,11.84,17.84,12.03,4.26,美國,0.5468126,1.7011215,1,78,1,12.02,11.539216,0.48078395843505817,102663.92,166042.65630144285,38.170152079102884
2025/2/28,下午4:50,下午班機,星期五,TSA,"上午10:30 (星期六, 3月 1)",上午抵達,JFK,全日空航空 全日空航空,全日空航空,1,1,1,1,14 小時 55 分鐘,895,30 小時 40 分鐘,1840,945,No,Boeing 787 Boeing 777,Boeing 777,1,NH 854 NH 110,NH 110,商務艙 商務艙,商務艙,2 小時 50 分鐘,0,12 小時 55 分鐘,2,171534,146701,172057.5,14683606.27,172036.5,10,44,12.05,11.9,16.5,12.06,2.4,美國,0.5468126,0.5891658,1,51,1,12.05,11.568716,0.4812839508056648,105737.625,171099.40801550748,38.20105736986738
2025/2/21,晚上11:20,晚間班機,星期五,TPE,"上午9:15 (星期日, 2月 23)",上午抵達,CDG,中華航空 奧地利航空,中華航空,0,0,2,1,24 小時 10 分鐘,1450,40 小時 55 分鐘,2455,1005,No,Airbus A350 Airbus A320,Airbus A350,1,CI 2063 OS 411,CI 2063,商務艙 商務艙,商務艙,14 小時 40 分鐘,0,2 小時 5 分鐘,1,269846,269128,269521.0,588.0,269835.0,16,83,12.51,12.5,6.38,12.5,2.83,法國,-0.977473,0.5969613,1,75,0,12.51,12.02574,0.4842603302001951,166998.42,271034.1210853215,38.38472395790014
2025/2/2,下午2:35,下午班機,星期日,TPE,"清晨6:40 (星期一, 2月 3)",早晨抵達,CDG,中國南方航空 中國南方航空,中國南方航空,1,1,5,1,7 小時 50 分鐘,470,23 小時 5 分鐘,1385,915,No,Airbus A330 Airbus A350,Airbus A350,1,CZ 3098 CZ 347,CZ 347,商務艙 商務艙,商務艙,2 小時 25 分鐘,0,12 小時 50 分鐘,2,177904,62734,164049.0,30109.4,155426.25,79,91,12.09,11.05,10.31,12.01,4.38,法國,-0.977473,0.5969613,0,56,0,12.09,11.601865,0.4881351852416991,109301.44,178082.1073204795,38.62300983259406
2025/1/24,晚上9:50,晚間班機,星期五,TPE,"上午8:00 (星期六, 1月 25)",早晨抵達,LAX,菲律賓航空 菲律賓航空,菲律賓航空,1,1,5,1,11 小時 10 分鐘,670,26 小時 10 分鐘,1570,900,No,Boeing 777 Boeing 777,Boeing 777,1,PR 895 PR 112,PR 112,商務艙 商務艙,商務艙,2 小時 20 分鐘,2,12 小時 40 分鐘,2,155167,50034,172718.0,1075487196.0,172842.25,91,81,11.95,10.82,20.8,12.06,4.52,美國,0.5468126,1.7011215,1,83,5,11.95,11.455797,0.494202804565429,94447.29,154817.14657623274,38.994296722815726
2025/1/23,晚上8:15,晚間班機,星期四,TPE,晚上8:55,晚間抵達,LAX,國泰航空 國泰航空,國泰航空,1,1,3,1,2 小時 5 分鐘,125,16 小時 40 分鐘,1000,875,No,Airbus A350 Boeing 777,Boeing 777,1,CX 531 CX 880,CX 880,商務艙 商務艙,商務艙,2 小時 5 分鐘,2,12 小時 30 分鐘,2,186517,93220,236901.0,3942839889.0,206456.0,88,40,12.14,11.44,22.1,12.38,4.49,美國,0.5468126,1.7011215,1,99,3,12.14,11.643594,0.4964062118530279,113958.98,187212.5722077534,39.12856641057336
2025/2/10,下午5:15,下午班機,星期一,TSA,"下午1:25 (星期二, 2月 11)",下午抵達,JFK,中國東方航空 中國東方航空,中國東方航空,1,1,2,1,16 小時 40 分鐘,1000,33 小時 10 分鐘,1990,990,No,Airbus A330 Boeing 777,Boeing 777,1,MU 5098 MU 587,MU 587,商務艙 商務艙,商務艙,1 小時 35 分鐘,0,14 小時 55 分鐘,2,242121,135254,312550.5,6566573740.0,268317.25,63,86,12.4,11.81,22.61,12.65,4.16,美國,0.5468126,0.5891658,1,62,2,12.4,11.902518,0.497481727600098,147637.95,242801.61749832364,39.19399934556888
2025/2/27,下午4:50,下午班機,星期四,TSA,"晚上9:35 (星期五, 2月 28)",晚間抵達,JFK,全日空航空 全日空航空,全日空航空,1,1,1,1,26 小時 15 分鐘,1575,41 小時 45 分鐘,2505,930,No,Boeing 787 Boeing 777,Boeing 777,1,NH 854 NH 160,NH 160,商務艙 商務艙,商務艙,2 小時 50 分鐘,0,12 小時 40 分鐘,2,167968,109211,172262.0,192342711.9,172410.25,90,94,12.03,11.6,19.07,12.06,4.51,美國,0.5468126,0.5891658,1,55,1,12.03,11.531864,0.49813583374023374,101911.914,167711.41274037142,39.23376328582569
2025/3/8,晚上9:15,晚間班機,星期六,TPE,"晚上8:05 (星期日, 3月 9)",晚間抵達,JFK,國泰航空 國泰航空,國泰航空,1,1,3,1,17 小時 5 分鐘,1025,34 小時 50 分鐘,2090,1065,No,Boeing 777 Airbus A350,Airbus A350,1,CX 479 CX 840,CX 840,商務艙 商務艙,商務艙,2 小時 10 分鐘,0,15 小時 35 分鐘,2,225193,152798,153002.0,5968171990.0,191315.75,89,83,12.32,11.94,22.51,11.94,4.5,美國,0.5468126,0.5891658,0,73,3,12.32,11.820884,0.49911624908447294,136064.42,224134.14204181795,39.293308625147475
2025/2/21,晚上11:55,晚間班機,星期五,TPE,"上午11:10 (星期六, 2月 22)",上午抵達,LAX,長榮航空 加拿大航空,長榮航空,1,0,1,1,13 小時 35 分鐘,815,27 小時 15 分鐘,1635,820,No,Boeing 777 Boeing 737MAX 8 Passenger,Boeing 777 Boeing 737MAX 8 Passenger,0,BR 10 AC 552,BR 10,商務艙 經濟艙,商務艙,10 小時 40 分鐘,0,3 小時,1,222541,138000,247408.0,2062378334.0,247411.5,9,86,12.31,11.84,21.45,12.42,2.3,美國,0.5468126,1.7011215,1,82,1,12.31,11.803616,0.5063844299316411,133735.02,221903.97006601433,39.732932409809926
2025/1/30,晚上7:25,晚間班機,星期四,TPE,"下午5:20 (星期五, 1月 31)",下午抵達,FRA,大韓航空 大韓航空,大韓航空,1,1,2,1,12 小時 30 分鐘,750,28 小時 55 分鐘,1735,985,No,Boeing 787-10 Boeing 777,Boeing 777,1,KE 188 KE 945,KE 945,商務艙 商務艙,商務艙,2 小時 30 分鐘,0,13 小時 55 分鐘,2,140776,140672,140775.5,1417.36,100352.5,85,118,11.85,11.85,7.26,11.85,4.45,德國,-0.7021,0.1276154,1,89,0,11.85,11.341177,0.5088230133056637,84219.09,140084.3471757332,39.879725716715
2025/3/1,晚上11:20,晚間班機,星期六,TPE,"下午3:55 (星期日, 3月 2)",下午抵達,FRA,長榮航空 達羅米提航空,長榮航空,0,0,1,1,7 小時 15 分鐘,435,23 小時 35 分鐘,1415,980,No,Boeing 787 Embraer 190,Boeing 787,1,BR 95 EN 8811,BR 95,商務艙 商務艙,商務艙,14 小時 55 分鐘,0,1 小時 25 分鐘,1,259895,250592,260489.0,4983344.79,260347.75,59,35,12.47,12.43,15.42,12.47,4.09,德國,-0.7021,0.1276154,0,66,0,12.47,11.9536085,0.5163914871215827,155376.81,260406.72118870908,40.33302528032562
2025/1/29,上午8:20,早晨班機,星期三,TPE,晚上10:45,晚間抵達,ZRH,中華航空 瑞士航空,中華航空,0,0,2,1,3 小時 10 分鐘,190,21 小時 25 分鐘,1285,1095,No,Airbus A350 Airbus A320neo,Airbus A350,1,CI 81 LX 339,CI 81,商務艙 商務艙,商務艙,16 小時 35 分鐘,0,1 小時 40 分鐘,1,296240,294795,296831.0,577260.17,295732.5,1,51,12.6,12.59,13.27,12.6,0.69,瑞士,2.7842724,-2.49911,1,28,0,12.6,12.079506,0.5204940795898434,176223.08,296558.5652982028,40.57730959556003
2025/3/20,下午2:05,下午班機,星期四,TPE,晚上10:30,晚間抵達,JFK,中華航空 中國南方航空,中國南方航空,0,0,5,1,2 小時 35 分鐘,155,20 小時 25 分鐘,1225,1070,No,Airbus A330 Boeing 777,Boeing 777,1,CI 521 CZ 699,CZ 699,經濟艙 商務艙,商務艙,2 小時 10 分鐘,0,15 小時 40 分鐘,2,263199,255888,259990.0,469364190.2,310966.0,56,89,12.48,12.45,19.97,12.47,4.04,美國,0.5468126,0.5891658,1,31,2,12.48,11.957881,0.5221190261840825,156042.08,263023.85224649595,40.67379182829271
2025/1/29,清晨7:45,早晨班機,星期三,TPE,"上午9:50 (星期四, 1月 30)",上午抵達,SYD,越南航空 越南航空,越南航空,1,1,2,1,10 小時 55 分鐘,655,23 小時 5 分鐘,1385,730,No,Airbus A321 Airbus A350,Airbus A350,1,VN 571 VN 773,VN 773,商務艙 商務艙,商務艙,3 小時 40 分鐘,0,8 小時 30 分鐘,2,122848,100672,124737.0,39522619.39,124730.25,90,41,11.72,11.52,17.49,11.73,4.51,澳洲,-0.389354,-1.56618,1,35,0,11.72,11.188742,0.5312583160400397,72311.734,123007.42519850106,41.21352084371475
2025/3/20,晚上9:15,晚間班機,星期四,TPE,"晚上8:05 (星期五, 3月 21)",晚間抵達,JFK,國泰航空 國泰航空,國泰航空,1,1,3,1,17 小時 5 分鐘,1025,34 小時 50 分鐘,2090,1065,No,Boeing 777 Airbus A350,Airbus A350,1,CX 479 CX 840,CX 840,商務艙 商務艙,商務艙,2 小時 10 分鐘,0,15 小時 35 分鐘,2,247986,110594,306735.0,6105527941.0,268382.75,2,90,12.42,11.61,22.53,12.63,1.1,美國,0.5468126,0.5891658,1,39,3,12.42,11.880357,0.539643211364746,144402.06,247706.53553245345,41.70437926088508
2025/2/23,晚上8:15,晚間班機,星期日,TPE,"清晨6:00 (星期一, 2月 24)",早晨抵達,LAX,國泰航空 聯合航空,聯合航空,0,0,1,1,11 小時 5 分鐘,665,25 小時 45 分鐘,1545,880,No,Airbus A330 Boeing 787,Boeing 787,1,CX 531 UA 153,UA 153,商務艙 商務艙,商務艙,2 小時 5 分鐘,0,12 小時 35 分鐘,2,221203,107749,252070.0,3520126845.0,180635.75,74,89,12.31,11.59,21.98,12.44,4.32,美國,0.5468126,1.7011215,0,91,3,12.31,11.766308,0.5436921691894536,128837.58,221903.97006601433,41.93994001699382
2025/2/15,下午3:10,下午班機,星期六,TPE,"晚上8:35 (星期日, 2月 16)",晚間抵達,SYD,馬來西亞航空 馬來西亞航空,馬來西亞航空,1,1,3,1,13 小時 5 分鐘,785,26 小時 25 分鐘,1585,800,No,Airbus A330 Airbus A330,Airbus A330,1,MH 367 MH 141,MH 141,商務艙 商務艙,商務艙,4 小時 55 分鐘,0,8 小時 25 分鐘,2,114536,85072,120060.0,107090604.1,120074.75,38,63,11.65,11.35,18.49,11.7,3.66,澳洲,-0.389354,-1.56618,0,102,0,11.65,11.103477,0.546523475646973,66401.61,114691.36305762557,42.10408909201197
2025/1/29,晚上11:45,晚間班機,星期三,TPE,"中午12:29 (星期四, 1月 30)",下午抵達,LAX,中華航空 達美航空,中華航空,1,0,2,1,16 小時 5 分鐘,965,28 小時 44 分鐘,1724,759,No,Boeing 777 Airbus A320,Boeing 777,1,CI 4 DL 1774,CI 4,商務艙 經濟艙,商務艙,11 小時 5 分鐘,0,1 小時 34 分鐘,1,238313,238270,238308.0,1016.79,238301.75,53,64,12.38,12.38,6.93,12.38,3.99,美國,0.5468126,1.7011215,1,99,2,12.38,11.825001,0.5549992370605477,136625.75,237993.8233485912,42.592732837489095
2025/1/30,晚上11:05,晚間班機,星期四,TPE,"上午11:55 (星期五, 1月 31)",上午抵達,FRA,長榮航空 達羅米提航空,長榮航空,0,0,1,1,3 小時 20 分鐘,200,19 小時 50 分鐘,1190,990,No,Boeing 787 Embraer 190,Boeing 787,1,BR 95 EN 8801,BR 95,商務艙 商務艙,商務艙,15 小時 10 分鐘,0,1 小時 20 分鐘,1,255002,250626,251343.0,21171948.27,253558.25,29,47,12.45,12.43,16.87,12.43,3.4,德國,-0.7021,0.1276154,1,89,0,12.45,11.894823,0.555176925659179,146506.2,255250.32262933443,42.602931265340196
2025/1/24,晚上9:15,晚間班機,星期五,TPE,"下午5:20 (星期六, 1月 25)",下午抵達,LHR,國泰航空 國泰航空,國泰航空,1,1,3,1,11 小時 10 分鐘,670,28 小時 5 分鐘,1685,1015,No,Boeing 777 Airbus A350,Airbus A350,1,CX 479 CX 239,CX 239,商務艙 商務艙,商務艙,2 小時 10 分鐘,2,14 小時 45 分鐘,2,201415,138506,202598.0,77573003.03,186625.0,2,53,12.21,11.84,18.17,12.22,1.1,英國,-1.262158,1.0504261,1,65,3,12.21,11.651306,0.5586938476562509,114841.266,200787.01532646132,42.804436114417754
2025/1/31,下午4:30,下午班機,星期五,TSA,"清晨5:30 (星期六, 2月 1)",凌晨抵達,FRA,長榮航空 全日空航空,全日空航空,1,0,1,1,2 小時 25 分鐘,145,20 小時,1200,1055,No,Boeing 787-10 Boeing 787,Boeing 787,1,BR 190 NH 203,NH 203,商務艙 商務艙,商務艙,2 小時 50 分鐘,0,14 小時 45 分鐘,2,264919,137061,304144.0,6110651272.0,84539.75,4,88,12.49,11.83,22.53,12.63,1.61,德國,-0.7021,0.1276154,1,100,0,12.49,11.930475,0.5595247650146487,151823.7,265667.28590869467,42.85193880545035
2025/2/27,晚上11:45,晚間班機,星期四,TPE,晚上10:29,晚間抵達,LAX,中華航空 達美航空,中華航空,1,0,2,1,2 小時 5 分鐘,125,14 小時 44 分鐘,884,759,No,Boeing 777 Airbus A320,Boeing 777,1,CI 4 DL 2054,CI 4,商務艙 經濟艙,商務艙,11 小時 5 分鐘,0,1 小時 34 分鐘,1,223815,107225,238351.0,1747440511.0,238344.5,57,36,12.32,11.58,21.28,12.38,4.06,美國,0.5468126,1.7011215,1,92,2,12.32,11.756538,0.563461608886719,127585.04,224134.14204181795,43.076481833501404
2025/2/13,晚上11:05,晚間班機,星期四,TPE,"上午11:55 (星期五, 2月 14)",上午抵達,FRA,長榮航空 達羅米提航空,長榮航空,0,0,1,1,3 小時 20 分鐘,200,19 小時 50 分鐘,1190,990,No,Boeing 787 Embraer 190,Boeing 787,1,BR 95 EN 8801,BR 95,商務艙 商務艙,商務艙,15 小時 10 分鐘,0,1 小時 20 分鐘,1,257143,250626,260344.0,20323691.21,255839.75,43,42,12.46,12.43,16.83,12.47,3.78,德國,-0.7021,0.1276154,1,92,0,12.46,11.894823,0.5651769256591805,146506.2,257815.63102004744,43.17404164156057
2025/2/1,晚上7:30,晚間班機,星期六,TPE,"中午12:00 (星期日, 2月 2)",下午抵達,SYD,國泰航空 國泰航空,國泰航空,1,1,3,1,2 小時 20 分鐘,140,13 小時 30 分鐘,810,670,No,Boeing 777 Boeing 777,Boeing 777,1,CX 565 CX 101,CX 101,商務艙 商務艙,商務艙,2 小時 5 分鐘,0,9 小時 5 分鐘,2,147557,87641,155056.0,461567030.9,155037.5,91,36,11.9,11.38,19.95,11.95,4.52,澳洲,-0.389354,-1.56618,0,62,0,11.9,11.329084,0.5709156036376957,83206.805,147266.6252405527,43.499211344331535
2025/1/23,清晨7:00,早晨班機,星期四,TPE,"清晨7:30 (星期五, 1月 24)",早晨抵達,ZRH,長榮航空 國泰航空,國泰航空,0,0,3,1,15 小時 40 分鐘,940,31 小時 30 分鐘,1890,950,No,Boeing 787-10 Airbus A350,Airbus A350,1,BR 891 CX 383,CX 383,商務艙 商務艙,商務艙,2 小時,2,13 小時 50 分鐘,2,234254,150298,150459.5,7842526979.0,325729.5,58,46,12.36,11.92,22.78,11.92,4.08,瑞士,2.7842724,-2.49911,1,22,0,12.36,11.785839,0.5741609191894526,131378.67,233281.22990149105,43.682279139869934
2025/3/21,晚上8:15,晚間班機,星期五,TPE,"清晨5:45 (星期六, 3月 22)",凌晨抵達,JFK,國泰航空 國泰航空,國泰航空,1,1,3,1,4 小時,240,21 小時 30 分鐘,1290,1050,No,Airbus A350 Airbus A350,Airbus A350,1,CX 531 CX 844,CX 844,商務艙 商務艙,商務艙,2 小時 5 分鐘,0,15 小時 25 分鐘,2,248074,110091,306229.0,5961512151.0,306241.75,2,57,12.42,11.61,22.51,12.63,1.1,美國,0.5468126,0.5891658,1,29,3,12.42,11.845366,0.5746344757080077,139436.62,247706.53553245345,43.70894385153128
2025/1/27,清晨7:25,早晨班機,星期一,TPE,"清晨6:20 (星期二, 1月 28)",早晨抵達,FRA,長榮航空 漢莎航空,漢莎航空,1,0,1,1,11 小時 50 分鐘,710,29 小時 55 分鐘,1795,1085,No,Boeing 777 Boeing 747,Boeing 747,2,BR 225 LH 779,LH 779,商務艙 商務艙,商務艙,4 小時 40 分鐘,2,13 小時 25 分鐘,2,193438,91560,192750.5,10668650400.0,123704.0,75,36,12.17,11.42,23.09,12.17,4.33,德國,-0.7021,0.1276154,1,35,0,12.17,11.594898,0.5751017761230468,108542.625,192914.04384457952,43.7352393652341
2025/2/7,下午5:15,下午班機,星期五,TSA,"上午9:05 (星期六, 2月 8)",上午抵達,LAX,中國東方航空 中國東方航空,中國東方航空,1,1,2,1,18 小時 20 分鐘,1100,31 小時 50 分鐘,1910,810,No,Airbus A330 Boeing 777,Boeing 777,1,MU 5098 MU 583,MU 583,商務艙 商務艙,商務艙,1 小時 35 分鐘,0,11 小時 55 分鐘,2,309302,127836,312593.0,6742900012.0,348133.0,88,83,12.64,11.76,22.63,12.65,4.49,美國,0.5468126,1.7011215,1,77,2,12.64,12.062034,0.5779663467407232,173170.8,308661.3499414067,43.89618366281587
2025/3/21,晚上9:15,晚間班機,星期五,TPE,"清晨5:45 (星期六, 3月 22)",凌晨抵達,JFK,國泰航空 國泰航空,國泰航空,1,1,3,1,2 小時 55 分鐘,175,20 小時 30 分鐘,1230,1055,No,Boeing 777 Airbus A350,Airbus A350,1,CX 479 CX 844,CX 844,商務艙 商務艙,商務艙,2 小時 10 分鐘,0,15 小時 25 分鐘,2,240364,110091,306228.0,6161740850.0,218732.5,2,62,12.39,11.61,22.54,12.63,1.1,美國,0.5468126,0.5891658,1,29,3,12.39,11.809375,0.5806251907348638,134507.44,240385.70103824444,44.04515870991828
2025/1/31,下午4:30,下午班機,星期五,TSA,"下午6:30 (星期六, 2月 1)",晚間抵達,ZRH,長榮航空 瑞士航空,瑞士航空,1,0,1,1,15 小時 50 分鐘,950,33 小時,1980,1030,No,Boeing 787-10 Boeing 777,Boeing 777,1,BR 190 LX 161,LX 161,經濟艙 商務艙,商務艙,2 小時 50 分鐘,0,14 小時 20 分鐘,2,252857,104006,284406.0,6353662673.0,196254.5,4,87,12.44,11.55,22.57,12.56,1.61,瑞士,2.7842724,-2.49911,1,30,0,12.44,11.850174,0.589826049804687,140108.72,252710.53948359413,44.55762745934235
2025/2/7,下午4:30,下午班機,星期五,TSA,"上午10:40 (星期六, 2月 8)",上午抵達,LAX,長榮航空 聯合航空,聯合航空,1,0,1,1,21 小時 25 分鐘,1285,34 小時 10 分鐘,2050,765,No,Boeing 787-10 Boeing 787,Boeing 787,1,BR 190 UA 33,UA 33,商務艙 商務艙,商務艙,2 小時 50 分鐘,0,9 小時 55 分鐘,2,213450,98222,243622.0,3314524202.0,207542.0,51,61,12.27,11.49,21.92,12.4,3.95,美國,0.5468126,1.7011215,1,77,1,12.27,11.674535,0.5954652023315425,117540.09,213202.99094539962,44.86939736220609
2025/2/28,清晨7:00,早晨班機,星期五,TPE,"清晨7:30 (星期六, 3月 1)",早晨抵達,ZRH,長榮航空 國泰航空,國泰航空,0,0,3,1,15 小時 40 分鐘,940,31 小時 30 分鐘,1890,950,No,Boeing 787-10 Airbus A350,Airbus A350,1,BR 891 CX 383,CX 383,商務艙 商務艙,商務艙,2 小時,0,13 小時 50 分鐘,2,223473,150321,150370.0,7698983826.0,194233.5,64,36,12.32,11.92,22.76,11.92,4.17,瑞士,2.7842724,-2.49911,1,23,0,12.32,11.719493,0.6005070877075198,122945.06,224134.14204181795,45.14666021874461
2025/2/8,下午2:35,下午班機,星期六,TPE,"下午6:15 (星期日, 2月 9)",晚間抵達,LHR,中國南方航空 中國南方航空,中國南方航空,1,1,5,1,20 小時 5 分鐘,1205,35 小時 40 分鐘,2140,935,No,Airbus A330 Boeing 787,Boeing 787,1,CZ 3098 CZ 303,CZ 303,商務艙 商務艙,商務艙,2 小時 25 分鐘,0,13 小時 10 分鐘,2,198030,62732,245204.0,3759098702.0,191899.75,72,91,12.2,11.05,22.05,12.41,4.29,英國,-1.262158,1.0504261,0,118,5,12.2,11.596563,0.6034366607666009,108723.51,198789.1511429544,45.3071220499784
2025/3/16,晚上11:55,晚間班機,星期日,TPE,"下午4:06 (星期一, 3月 17)",下午抵達,LAX,中華航空 加拿大航空,中華航空,0,0,2,1,17 小時 50 分鐘,1070,31 小時 11 分鐘,1871,801,No,Boeing 777 Boeing 737MAX 8 Passenger,Boeing 777 Boeing 737MAX 8 Passenger,0,CI 32 AC 556,CI 32,商務艙 經濟艙,商務艙,10 小時 25 分鐘,0,2 小時 56 分鐘,1,248172,101066,254593.0,920241398.5,254474.0,54,50,12.42,11.52,20.64,12.45,4.01,美國,0.5468126,1.7011215,0,100,2,12.42,11.812324,0.6076764297485351,134904.66,247706.53553245345,45.538515582555
2025/1/26,晚上7:50,晚間班機,星期日,TPE,"清晨7:33 (星期一, 1月 27)",早晨抵達,LAX,長榮航空 聯合航空,長榮航空,1,0,1,1,15 小時 10 分鐘,910,27 小時 43 分鐘,1663,753,No,Boeing 777 Boeing 737MAX 9 Passenger,Boeing 777 Boeing 737MAX 9 Passenger,0,BR 18 UA 502,BR 18,商務艙 頭等艙,商務艙,11 小時,2,1 小時 33 分鐘,1,332378,325747,326502.0,52279645.52,329376.25,49,42,12.71,12.69,17.77,12.7,3.91,美國,0.5468126,1.7011215,0,95,1,12.71,12.101337,0.6086625671386727,180112.6,331041.82304912945,45.59219373218902
2025/2/5,下午2:35,下午班機,星期三,TPE,"晚上8:20 (星期四, 2月 6)",晚間抵達,SYD,中國南方航空 中國南方航空,中國南方航空,1,1,5,1,15 小時,900,26 小時 45 分鐘,1605,705,No,Airbus A330 Airbus A350,Airbus A350,1,CZ 3098 CZ 301,CZ 301,經濟艙 商務艙,商務艙,2 小時 25 分鐘,0,9 小時 20 分鐘,2,149401,90559,140743.0,1557435571.0,128213.0,78,90,11.91,11.41,21.17,11.85,4.37,澳洲,-0.389354,-1.56618,1,102,0,11.91,11.301156,0.6088439559936525,80915.125,148746.67943014178,45.60206297714267
2025/2/27,晚上10:05,晚間班機,星期四,TPE,"晚上9:30 (星期五, 2月 28)",晚間抵達,ZRH,中華航空 瑞士航空,中華航空,0,0,2,1,12 小時 45 分鐘,765,30 小時 25 分鐘,1825,1060,No,Airbus A350 Embraer 195 E2,Airbus A350,1,CI 73 LX 735,CI 73,商務艙 商務艙,商務艙,16 小時 10 分鐘,0,1 小時 30 分鐘,1,162771,113535,113548.5,6767225694.0,206267.25,91,42,12.0,11.64,22.64,11.64,4.52,瑞士,2.7842724,-2.49911,1,76,0,12.0,11.386339,0.6136608123779297,88109.81,162754.79141900392,45.86346015880677
2025/2/27,晚上10:05,晚間班機,星期四,TPE,"上午10:50 (星期五, 2月 28)",上午抵達,ZRH,中華航空 荷蘭航空,中華航空,1,0,2,1,2 小時 10 分鐘,130,19 小時 45 分鐘,1185,1055,No,Airbus A350 Airbus A321neo,Airbus A350,1,CI 73 KL 1919,CI 73,商務艙 商務艙,商務艙,16 小時 10 分鐘,0,1 小時 25 分鐘,1,267989,267504,268197.5,171853.11,268453.0,35,56,12.5,12.5,12.05,12.5,3.58,瑞士,2.7842724,-2.49911,1,76,0,12.5,11.885067,0.6149330139160156,145083.83,268337.2865208745,45.93228917006521
2025/2/20,清晨7:25,早晨班機,星期四,TPE,"清晨5:40 (星期五, 2月 21)",凌晨抵達,LHR,長榮航空 英國航空,英國航空,0,0,3,1,11 小時 10 分鐘,670,30 小時 15 分鐘,1815,1145,No,Boeing 777 Airbus A380,Airbus A380,2,BR 225 BA 12,BA 12,商務艙 商務艙,商務艙,4 小時 40 分鐘,0,14 小時 25 分鐘,2,199286,143719,201502.0,221123646.1,202923.25,1,47,12.2,11.88,19.21,12.21,0.69,英國,-1.262158,1.0504261,1,38,1,12.2,11.582671,0.6173288345336907,107223.55,198789.1511429544,46.06167074082791
2025/3/3,上午8:45,早晨班機,星期一,TPE,晚上9:30,晚間抵達,ZRH,中華航空 瑞士航空,中華航空,0,0,2,1,1 小時 45 分鐘,105,19 小時 45 分鐘,1185,1080,No,Airbus A350 Airbus A321neo,Airbus A350,1,CI 81 LX 327,CI 81,商務艙 商務艙,商務艙,16 小時 10 分鐘,0,1 小時 50 分鐘,1,294562,293932,294506.5,267391.23,294620.5,26,54,12.59,12.59,12.5,12.59,3.3,瑞士,2.7842724,-2.49911,1,25,0,12.59,11.958477,0.631522979736328,156135.11,293607.7582703776,46.821872046303945
2025/1/25,上午10:45,上午班機,星期六,TPE,"清晨7:30 (星期日, 1月 26)",早晨抵達,ZRH,國泰航空 國泰航空,國泰航空,1,1,3,1,11 小時 40 分鐘,700,27 小時 45 分鐘,1665,965,No,Boeing 777 Airbus A350,Airbus A350,1,CX 489 CX 383,CX 383,商務艙 商務艙,商務艙,2 小時 15 分鐘,2,13 小時 50 分鐘,2,236794,124703,325273.0,10135148464.0,125014.5,80,43,12.37,11.73,23.04,12.69,4.39,瑞士,2.7842724,-2.49911,0,14,0,12.37,11.733408,0.6365920257568352,124667.81,235625.7452396012,47.090750896839054
2025/2/16,上午11:30,上午班機,星期日,TSA,"上午9:05 (星期一, 2月 17)",上午抵達,LAX,上海航空 中國東方航空,中國東方航空,0,0,2,1,23 小時 35 分鐘,1415,37 小時 35 分鐘,2255,840,No,Boeing 737 Boeing 777,Boeing 777,1,FM 852 MU 583,MU 583,商務艙 商務艙,商務艙,2 小時 5 分鐘,1,11 小時 55 分鐘,2,277006,127035,312614.0,9259760834.0,173855.5,76,82,12.53,11.75,22.95,12.65,4.34,美國,0.5468126,1.7011215,0,61,0,12.53,11.893308,0.6366923141479486,146284.36,276509.37352421886,47.09605771748375
2025/2/4,下午3:00,下午班機,星期二,TPE,"上午9:05 (星期三, 2月 5)",上午抵達,LAX,中國東方航空 中國東方航空,中國東方航空,1,1,2,1,20 小時,1200,34 小時 5 分鐘,2045,845,No,Airbus A330 Boeing 777,Boeing 777,1,MU 5008 MU 583,MU 583,商務艙 商務艙,商務艙,2 小時 10 分鐘,0,11 小時 55 分鐘,2,271118,127781,312577.0,4579500417.0,258106.75,90,85,12.51,11.76,22.24,12.65,4.51,美國,0.5468126,1.7011215,1,69,2,12.51,11.858909,0.6510913467407224,141337.89,271034.1210853215,47.85236262540285
2025/2/9,下午2:40,下午班機,星期日,TSA,"晚上7:00 (星期一, 2月 10)",晚間抵達,ZRH,長榮航空 瑞士航空,瑞士航空,1,0,1,1,19 小時 10 分鐘,1150,35 小時 20 分鐘,2120,970,No,Boeing 787-10 Airbus A340,Airbus A340,1,BR 772 LX 189,LX 189,商務艙 商務艙,商務艙,1 小時 50 分鐘,0,14 小時 20 分鐘,2,215391,103682,289699.0,8493802561.0,197724.5,19,87,12.28,11.55,22.86,12.58,3.0,瑞士,2.7842724,-2.49911,0,49,0,12.28,11.627809,0.652191429138183,112174.234,215345.71662724522,47.909697888642434
2025/2/5,下午1:40,下午班機,星期三,TPE,"清晨7:30 (星期四, 2月 6)",早晨抵達,SYD,中國南方航空 中國南方航空,中國南方航空,1,1,5,1,3 小時 15 分鐘,195,14 小時 50 分鐘,890,695,No,Airbus A330 Airbus A330,Airbus A330,1,CZ 3088 CZ 3071,CZ 3071,商務艙 商務艙,商務艙,2 小時 10 分鐘,0,9 小時 25 分鐘,2,196280,90540,204454.0,422177542.5,203356.0,2,87,12.19,11.41,19.86,12.23,1.1,澳洲,-0.389354,-1.56618,1,102,0,12.19,11.537344,0.6526560211181636,102471.91,196811.16604022027,47.93389607322439
2025/1/24,清晨7:05,早晨班機,星期五,TPE,下午6:45,晚間抵達,FRA,長榮航空 漢莎航空,漢莎航空,1,0,1,1,2 小時 25 分鐘,145,18 小時 40 分鐘,1120,975,No,Airbus A330 Boeing 747,Boeing 747,2,BR 170 LH 713,LH 713,商務艙 商務艙,商務艙,2 小時 25 分鐘,2,13 小時 50 分鐘,2,206932,136934,206330.5,132267010.9,114042.25,5,84,12.24,11.83,18.7,12.24,1.79,德國,-0.7021,0.1276154,1,30,0,12.24,11.584703,0.6552965545654299,107441.68,206901.89030214623,48.07119474326741
2025/1/30,晚上11:25,晚間班機,星期四,TPE,"晚上8:45 (星期五, 1月 31)",晚間抵達,FRA,中華航空 漢莎航空,中華航空,0,0,2,1,11 小時 10 分鐘,670,28 小時 20 分鐘,1700,1030,No,Airbus A350 Airbus A320neo,Airbus A350,1,CI 75 LH 239,CI 75,商務艙 商務艙,商務艙,15 小時 10 分鐘,0,2 小時,1,245713,115717,263945.0,2410421236.0,242533.25,43,89,12.41,11.66,21.6,12.48,3.78,德國,-0.7021,0.1276154,1,89,0,12.41,11.745533,0.664467010498047,126188.61,245241.814322488,48.545230867903896
2025/1/31,下午4:30,下午班機,星期五,TSA,"下午5:30 (星期六, 2月 1)",下午抵達,FRA,長榮航空 全日空航空,全日空航空,1,0,1,1,14 小時 20 分鐘,860,32 小時,1920,1060,No,Boeing 787-10 Boeing 787,Boeing 787,1,BR 190 NH 223,NH 223,商務艙 商務艙,商務艙,2 小時 50 分鐘,0,14 小時 50 分鐘,2,284256,137061,331390.0,8390241468.0,210901.75,4,85,12.56,11.83,22.85,12.71,1.61,德國,-0.7021,0.1276154,1,100,0,12.56,11.887817,0.6721826171875005,145483.42,284930.3376286781,48.9407049155312
2025/1/22,清晨7:00,早晨班機,星期三,TPE,"清晨7:30 (星期四, 1月 23)",早晨抵達,ZRH,長榮航空 國泰航空,國泰航空,0,0,3,1,15 小時 40 分鐘,940,31 小時 30 分鐘,1890,950,No,Boeing 787-10 Airbus A350,Airbus A350,1,BR 891 CX 383,CX 383,商務艙 商務艙,商務艙,2 小時,2,13 小時 50 分鐘,2,245673,150290,325706.0,7804384267.0,194207.75,32,46,12.41,11.92,22.78,12.69,3.5,瑞士,2.7842724,-2.49911,1,27,0,12.41,11.726827,0.6831733322143556,123850.03,245241.814322488,49.49881137025853
2025/1/31,下午2:35,下午班機,星期五,TPE,"晚上8:20 (星期六, 2月 1)",晚間抵達,SYD,中國南方航空 中國南方航空,中國南方航空,1,1,5,1,15 小時,900,26 小時 45 分鐘,1605,705,No,Airbus A330 Airbus A350,Airbus A350,1,CZ 3098 CZ 301,CZ 301,商務艙 商務艙,商務艙,2 小時 25 分鐘,0,9 小時 20 分鐘,2,179853,90534,204467.0,1228204372.0,204475.25,20,91,12.1,11.41,20.93,12.23,3.04,澳洲,-0.389354,-1.56618,1,98,0,12.1,11.396767,0.7032333374023434,89033.38,179871.86225375102,50.50177293049997
2025/1/28,下午3:10,下午班機,星期二,TSA,"下午4:40 (星期三, 1月 29)",下午抵達,FRA,中國國際航空 中國國際航空,中國國際航空,1,1,1,1,18 小時 25 分鐘,1105,32 小時 30 分鐘,1950,845,No,Airbus A330 Airbus A350,Airbus A350,1,CA 198 CA 935,CA 935,商務艙 商務艙,商務艙,1 小時 35 分鐘,2,12 小時 30 分鐘,2,320818,318175,320120.0,5542593.16,320176.0,7,87,12.68,12.67,15.53,12.68,2.08,德國,-0.7021,0.1276154,1,82,0,12.68,11.95723,0.7227703857421872,155940.47,321258.0585957829,51.45943749034192
2025/2/21,晚上8:15,晚間班機,星期五,TPE,"清晨7:30 (星期六, 2月 22)",早晨抵達,ZRH,國泰航空 國泰航空,國泰航空,1,1,3,1,2 小時 20 分鐘,140,18 小時 15 分鐘,1095,955,No,Airbus A330 Airbus A350,Airbus A350,1,CX 531 CX 383,CX 383,商務艙 商務艙,商務艙,2 小時 5 分鐘,0,13 小時 50 分鐘,2,226114,93764,325274.0,12987305487.0,275486.0,86,48,12.33,11.45,23.29,12.69,4.47,瑞士,2.7842724,-2.49911,1,77,0,12.33,11.601111,0.7288885879516602,109219.12,226386.7276186048,51.755512199680645
2025/2/3,下午2:40,下午班機,星期一,TSA,"晚上7:00 (星期二, 2月 4)",晚間抵達,ZRH,長榮航空 瑞士航空,瑞士航空,1,0,1,1,19 小時 10 分鐘,1150,35 小時 20 分鐘,2120,970,No,Boeing 787-10 Airbus A340,Airbus A340,1,BR 772 LX 189,LX 189,商務艙 商務艙,商務艙,1 小時 50 分鐘,0,14 小時 20 分鐘,2,250447,103682,290173.0,6016488285.0,244901.75,13,87,12.43,11.55,22.52,12.58,2.64,瑞士,2.7842724,-2.49911,1,50,0,12.43,11.686787,0.7432133483886716,118989.04,250196.02760239498,52.44167535241835
2025/1/26,下午4:50,下午班機,星期日,TSA,"晚上7:00 (星期一, 1月 27)",晚間抵達,FRA,全日空航空 漢莎航空,漢莎航空,1,0,1,1,15 小時 55 分鐘,955,33 小時 10 分鐘,1990,1035,No,Boeing 787 Boeing 747,Boeing 747,2,NH 854 LH 717,LH 717,經濟艙 商務艙,商務艙,2 小時 50 分鐘,2,14 小時 25 分鐘,2,257443,137682,300577.0,5058593427.0,174469.75,36,43,12.46,11.83,22.34,12.61,3.61,德國,-0.7021,0.1276154,0,83,0,12.46,11.712955,0.7470445251464852,122143.94,257815.63102004744,52.62353294222791
2025/2/28,晚上11:45,晚間班機,星期五,TPE,"中午12:14 (星期六, 3月 1)",下午抵達,LAX,中華航空 邊疆航空,中華航空,0,0,2,1,15 小時 52 分鐘,952,28 小時 29 分鐘,1709,757,No,Boeing 777 Airbus A320neo,Boeing 777,1,CI 4 F9 3308,CI 4,商務艙 經濟艙,商務艙,11 小時 5 分鐘,0,1 小時 32 分鐘,1,238408,238275,238353.0,12060.89,238396.0,79,39,12.38,12.38,9.4,12.38,4.38,美國,0.5468126,1.7011215,1,92,2,12.38,11.618277,0.7617234039306648,111110.07,237993.8233485912,53.31388489450152
2025/1/30,清晨7:25,早晨班機,星期四,TPE,"清晨6:10 (星期五, 1月 31)",早晨抵達,ZRH,長榮航空 瑞士航空,瑞士航空,1,0,1,1,12 小時,720,29 小時 45 分鐘,1785,1065,No,Boeing 777 Boeing 777,Boeing 777,1,BR 225 LX 177,LX 177,商務艙 商務艙,商務艙,4 小時 40 分鐘,0,13 小時 5 分鐘,2,271492,103679,290858.0,3343703330.0,244170.75,86,48,12.51,11.55,21.93,12.58,4.47,瑞士,2.7842724,-2.49911,1,23,0,12.51,11.717629,0.7923705673217771,122716.17,271034.1210853215,54.72298049278859
2025/1/24,清晨7:15,早晨班機,星期五,TPE,"清晨7:30 (星期六, 1月 25)",早晨抵達,ZRH,中華航空 國泰航空,國泰航空,0,0,3,1,15 小時 25 分鐘,925,31 小時 15 分鐘,1875,950,No,Boeing 737 Airbus A350,Airbus A350,1,CI 601 CX 383,CX 383,商務艙 商務艙,商務艙,2 小時,2,13 小時 50 分鐘,2,325705,325658,325688.0,1673.2,325711.5,48,46,12.69,12.69,7.42,12.69,3.89,瑞士,2.7842724,-2.49911,1,19,0,12.69,11.888996,0.8010038757324214,145655.0,324486.75576180586,55.11218950738312
2025/3/17,清晨7:15,早晨班機,星期一,TSA,中午12:15,下午抵達,LAX,長榮航空 新加坡航空,新加坡航空,1,0,1,1,7 小時 10 分鐘,430,20 小時,1200,770,No,Boeing 787-10 Boeing 777,Boeing 777,1,BR 192 SQ 12,SQ 12,商務艙 商務艙,商務艙,2 小時 50 分鐘,0,10 小時,2,277599,105099,281455.0,1478326157.0,282275.25,85,44,12.53,11.56,21.11,12.55,4.45,美國,0.5468126,1.7011215,1,45,1,12.53,11.728405,0.8015950012207025,124045.66,276509.37352421886,55.13871567209815
2025/1/24,下午3:10,下午班機,星期五,TSA,"下午4:40 (星期六, 1月 25)",下午抵達,FRA,中國國際航空 中國國際航空,中國國際航空,1,1,1,1,18 小時 15 分鐘,1095,32 小時 30 分鐘,1950,855,No,Airbus A330 Airbus A350,Airbus A350,1,CA 198 CA 935,CA 935,商務艙 商務艙,商務艙,1 小時 35 分鐘,2,12 小時 40 分鐘,2,321183,318175,320145.0,5296131.08,281248.5,3,86,12.68,12.67,15.48,12.68,1.39,德國,-0.7021,0.1276154,1,73,0,12.68,11.872526,0.8074738311767575,143275.72,321258.0585957829,55.40167322922347
2025/3/7,晚上11:45,晚間班機,星期五,TPE,"清晨7:33 (星期六, 3月 8)",早晨抵達,LAX,中華航空 聯合航空,中華航空,0,0,2,1,11 小時 10 分鐘,670,23 小時 48 分鐘,1428,758,No,Boeing 777 Airbus A319,Boeing 777,1,CI 4 UA 502,CI 4,商務艙 頭等艙,商務艙,11 小時 5 分鐘,0,1 小時 33 分鐘,1,349342,276446,350861.0,147175015.8,352284.0,2,76,12.76,12.53,18.81,12.77,1.1,美國,0.5468126,1.7011215,1,97,2,12.76,11.92372,0.8362796401977537,150801.61,348014.70026317565,56.668034637341236
2025/3/13,晚上9:15,晚間班機,星期四,TPE,"晚上8:05 (星期五, 3月 14)",晚間抵達,JFK,國泰航空 國泰航空,國泰航空,1,1,3,1,17 小時 5 分鐘,1025,34 小時 50 分鐘,2090,1065,No,Boeing 777 Airbus A350,Airbus A350,1,CX 479 CX 840,CX 840,商務艙 商務艙,商務艙,2 小時 10 分鐘,0,15 小時 35 分鐘,2,306730,306620,306747.0,2447.64,306744.25,85,89,12.63,12.63,7.8,12.63,4.45,美國,0.5468126,0.5891658,1,77,3,12.63,11.787756,0.8422440338134773,131630.75,305590.1181942835,56.925717762799586
2025/1/24,清晨7:00,早晨班機,星期五,TPE,"清晨7:30 (星期六, 1月 25)",早晨抵達,ZRH,長榮航空 國泰航空,國泰航空,0,0,3,1,15 小時 40 分鐘,940,31 小時 30 分鐘,1890,950,No,Boeing 787-10 Airbus A350,Airbus A350,1,BR 891 CX 383,CX 383,商務艙 商務艙,商務艙,2 小時,2,13 小時 50 分鐘,2,325705,325658,325688.0,1673.2,325708.0,48,46,12.69,12.69,7.42,12.69,3.89,瑞士,2.7842724,-2.49911,1,19,0,12.69,11.836729,0.8532709503173823,138237.58,324486.75576180586,57.398083074159345
2025/3/21,晚上11:45,晚間班機,星期五,TPE,"清晨7:33 (星期六, 3月 22)",早晨抵達,LAX,中華航空 聯合航空,中華航空,0,0,2,1,10 小時 10 分鐘,610,22 小時 48 分鐘,1368,758,No,Boeing 777 Airbus A319,Boeing 777,1,CI 4 UA 502,CI 4,商務艙 頭等艙,商務艙,11 小時 5 分鐘,0,1 小時 33 分鐘,1,347394,276450,352554.0,336206988.0,332730.5,3,49,12.76,12.53,19.63,12.77,1.39,美國,0.5468126,1.7011215,1,102,2,12.76,11.861738,0.8982617950439451,141738.38,348014.70026317565,59.2723023214782
2025/1/30,下午3:10,下午班機,星期四,TSA,"下午4:40 (星期五, 1月 31)",下午抵達,FRA,中國國際航空 中國國際航空,中國國際航空,1,1,1,1,18 小時 15 分鐘,1095,32 小時 30 分鐘,1950,855,No,Airbus A330 Airbus A350,Airbus A350,1,CA 198 CA 935,CA 935,商務艙 商務艙,商務艙,1 小時 35 分鐘,0,12 小時 40 分鐘,2,320854,318184,320118.0,5826993.62,319669.25,15,90,12.68,12.67,15.58,12.68,2.77,德國,-0.7021,0.1276154,1,77,0,12.68,11.752604,0.9273964691162107,127083.99,321258.0585957829,60.44177296501654
2025/2/9,晚上11:45,晚間班機,星期日,TPE,"清晨7:33 (星期一, 2月 10)",早晨抵達,LAX,中華航空 聯合航空,中華航空,0,0,2,1,11 小時 10 分鐘,670,23 小時 48 分鐘,1428,758,No,Boeing 777 Boeing 737,Boeing 777,1,CI 4 UA 502,CI 4,商務艙 頭等艙,商務艙,11 小時 5 分鐘,0,1 小時 33 分鐘,1,347754,346957,347486.0,766245.68,347333.75,64,70,12.76,12.76,13.55,12.76,4.17,美國,0.5468126,1.7011215,0,104,2,12.76,11.831456,0.9285438156127928,137510.6,348014.70026317565,60.48713067407447
2025/3/1,下午3:10,下午班機,星期六,TSA,"下午4:40 (星期日, 3月 2)",下午抵達,FRA,中國國際航空 中國國際航空,中國國際航空,1,1,1,1,18 小時 15 分鐘,1095,32 小時 30 分鐘,1950,855,No,Airbus A330 Airbus A350,Airbus A350,1,CA 198 CA 935,CA 935,商務艙 商務艙,商務艙,1 小時 35 分鐘,0,12 小時 40 分鐘,2,319349,318239,319578.0,296500.38,232000.0,35,35,12.67,12.67,12.6,12.67,3.58,德國,-0.7021,0.1276154,0,93,0,12.67,11.736772,0.933228416442871,125087.85,318061.4875033354,60.67180200143274
2025/2/1,下午3:10,下午班機,星期六,TSA,"下午4:40 (星期日, 2月 2)",下午抵達,FRA,中國國際航空 中國國際航空,中國國際航空,1,1,1,1,18 小時 15 分鐘,1095,32 小時 30 分鐘,1950,855,No,Airbus A330 Airbus A350,Airbus A350,1,CA 198 CA 935,CA 935,商務艙 商務艙,商務艙,1 小時 35 分鐘,0,12 小時 40 分鐘,2,320611,318193,320115.0,5712891.39,321130.25,10,67,12.68,12.67,15.56,12.68,2.4,德國,-0.7021,0.1276154,0,88,0,12.68,11.7353325,0.9446675109863278,124907.97,321258.0585957829,61.11911735507212
2025/1/24,晚上11:45,晚間班機,星期五,TPE,"中午12:12 (星期六, 1月 25)",下午抵達,LAX,中華航空 聯合航空,中華航空,0,0,2,1,15 小時 45 分鐘,945,28 小時 27 分鐘,1707,762,No,Boeing 777 Embraer 175,Boeing 777,1,CI 4 UA 5530,CI 4,商務艙 頭等艙,商務艙,11 小時 5 分鐘,2,1 小時 37 分鐘,1,344494,270278,346981.0,220595377.9,347836.75,17,51,12.75,12.51,19.21,12.76,2.89,美國,0.5468126,1.7011215,1,83,2,12.75,11.754835,0.9951648712158203,127367.914,344551.8961378237,63.03375036091755
2025/1/25,晚上11:45,晚間班機,星期六,TPE,"中午12:12 (星期日, 1月 26)",下午抵達,LAX,中華航空 聯合航空,中華航空,0,0,2,1,15 小時 45 分鐘,945,28 小時 27 分鐘,1707,762,No,Boeing 777 Embraer 175,Boeing 777,1,CI 4 UA 5530,CI 4,商務艙 頭等艙,商務艙,11 小時 5 分鐘,2,1 小時 37 分鐘,1,345553,273282,347237.0,153975104.5,347468.5,3,36,12.75,12.52,18.85,12.76,1.39,美國,0.5468126,1.7011215,0,103,2,12.75,11.728789,1.0212106704711914,124093.34,344551.8961378237,63.9841355856705
2025/1/31,下午4:30,下午班機,星期五,TSA,"晚上7:00 (星期六, 2月 1)",晚間抵達,FRA,長榮航空 漢莎航空,漢莎航空,1,0,1,1,16 小時 15 分鐘,975,33 小時 30 分鐘,2010,1035,No,Boeing 787-10 Boeing 747,Boeing 747,2,BR 190 LH 717,LH 717,商務艙 商務艙,商務艙,2 小時 50 分鐘,0,14 小時 25 分鐘,2,294737,75116,331414.0,10245293094.0,121227.25,1,52,12.59,11.23,23.05,12.71,0.69,德國,-0.7021,0.1276154,1,100,0,12.59,11.559887,1.030113067626953,104808.164,293607.7582703776,64.30333970739825
