出發日期,出發時間,出發時段,星期,出發機場代號,抵達時間,抵達時段,抵達機場代號,航空公司,航空公司（主航段）,航空公司組合,航空聯盟,停靠站數量,停留時間,停留時間_分鐘,飛行時間,飛行時間_分鐘,實際飛行時間_分鐘,是否過夜,機型,機型（主航段）,機型分類,航班代碼,航班代碼（主航段）,艙等,假期,艙等（主航段）,第一段飛行時間,第二段飛行時間,飛行時間兩段分類,平均價格,最低價格,中位數價格,價格變異,隨機購買平均價格,最低價格剩餘天數,筆數,平均價格_log,最低價格_log,價格變異_log,中位數價格_log,最低價格剩餘天數_log,Region,經濟指標,機場指標,是否為平日,competing_flights,y_test_log,y_pred_log,residual_log,預測價格,實際價格,相對誤差 (%)
2025-03-02,晚上7:00,晚間班機,星期日,TPE,"上午8:05 (星期二, 3月 4)",早晨抵達,SYD,越捷航空 越捷航空,越捷航空,1,6,1.0,22 小時 5 分鐘,1325,34 小時 5 分鐘,2045,720,No,Airbus A321 Airbus A330,Airbus A330,1.0,VJ 843 VJ 85,VJ 85,經濟艙 經濟艙,1,經濟艙,3 小時 25 分鐘,8 小時 35 分鐘,2,9482.0,8305.0,9050.0,2639495.32,9139.5,58.0,90.0,9.16,9.02,14.79,9.11,4.08,澳洲,-0.389354,-1.56618,0,34,9.16,10.307714,-1.1477144622802733,29962.877,9509.057077568728,215.09829743062068
2025-03-02,凌晨12:20,凌晨班機,星期日,TPE,"中午12:50 (星期一, 3月 3)",下午抵達,SYD,酷航 酷航,酷航,1,4,1.0,21 小時 5 分鐘,1265,33 小時 30 分鐘,2010,745,No,Airbus A321neo Boeing 787,Boeing 787,1.0,TR 875 TR 2,TR 2,經濟艙 經濟艙,1,經濟艙,4 小時 45 分鐘,7 小時 40 分鐘,2,6965.0,5699.0,6603.0,1030525.39,7177.75,39.0,90.0,8.85,8.65,13.85,8.8,3.69,澳洲,-0.389354,-1.56618,0,5,8.85,9.877271,-1.0272706985473636,19482.477,6974.388970105816,179.34313164934377
2025-03-02,凌晨1:30,凌晨班機,星期日,TPE,"中午12:50 (星期一, 3月 3)",下午抵達,SYD,酷航 酷航,酷航,1,4,1.0,19 小時 55 分鐘,1195,32 小時 20 分鐘,1940,745,No,Boeing 787 Boeing 787,Boeing 787,1.0,TR 897 TR 2,TR 2,經濟艙 經濟艙,1,經濟艙,4 小時 45 分鐘,7 小時 40 分鐘,2,7338.0,5999.0,7134.0,874042.8,7260.25,57.0,89.0,8.9,8.7,13.68,8.87,4.06,澳洲,-0.389354,-1.56618,0,5,8.9,9.873015,-0.9730154037475582,19399.748,7331.973539155995,164.5910810134779
2025-03-02,下午1:40,下午班機,星期日,TPE,"清晨7:30 (星期一, 3月 3)",早晨抵達,SYD,中國南方航空 中國南方航空,中國南方航空,1,5,1.0,3 小時 15 分鐘,195,14 小時 50 分鐘,890,695,No,Airbus A330 Airbus A330,Airbus A330,1.0,CZ 3088 CZ 3071,CZ 3071,經濟艙 經濟艙,1,經濟艙,2 小時 10 分鐘,9 小時 25 分鐘,2,11899.0,7817.0,9823.0,41600148.96,7829.25,71.0,90.0,9.38,8.96,17.54,9.19,4.28,澳洲,-0.389354,-1.56618,0,102,9.38,10.245346,-0.8653460693359367,28151.223,11849.014754185644,137.5828137635294
2025-03-02,下午6:35,晚間班機,星期日,TPE,"晚上8:50 (星期一, 3月 3)",晚間抵達,SYD,國泰航空 國泰航空,國泰航空,1,3,1.0,12 小時 5 分鐘,725,23 小時 15 分鐘,1395,670,No,Airbus A321neo Airbus A350,Airbus A350,1.0,CX 473 CX 139,CX 139,經濟艙 經濟艙,1,經濟艙,2 小時 5 分鐘,9 小時 5 分鐘,2,15521.0,14628.0,14684.0,1705999.05,15607.5,38.0,90.0,9.65,9.59,14.35,9.59,3.66,澳洲,-0.389354,-1.56618,0,34,9.65,10.479736,-0.8297363281249996,35587.023,15521.788104196934,129.27141640258336
2025-03-05,下午1:40,下午班機,星期三,TPE,"清晨7:30 (星期四, 3月 6)",早晨抵達,SYD,中國南方航空 中國南方航空,中國南方航空,1,5,1.0,3 小時 15 分鐘,195,14 小時 50 分鐘,890,695,No,Airbus A330 Airbus A330,Airbus A330,1.0,CZ 3088 CZ 3071,CZ 3071,經濟艙 經濟艙,0,經濟艙,2 小時 10 分鐘,9 小時 25 分鐘,2,10763.0,7816.0,9822.0,31414193.06,13877.5,61.0,89.0,9.28,8.96,17.26,9.19,4.13,澳洲,-0.389354,-1.56618,1,105,9.28,10.07137,-0.7913701248168952,23655.955,10721.431916447313,120.64175067730795
2025-02-28,上午8:05,早晨班機,星期五,TPE,"清晨7:30 (星期六, 3月 1)",早晨抵達,SYD,長榮航空 澳洲航空,澳洲航空,0,3,1.0,9 小時 20 分鐘,560,20 小時 25 分鐘,1225,665,No,Airbus A321 Airbus A330,Airbus A330,1.0,BR 851 QF 128,QF 128,經濟艙 經濟艙,1,經濟艙,2 小時,9 小時 5 分鐘,2,18560.0,18537.0,18549.0,465.54,18562.25,66.0,43.0,9.83,9.83,6.15,9.83,4.2,澳洲,-0.389354,-1.56618,1,27,9.83,10.620405,-0.7904051971435546,40962.21,18582.95422504213,120.42895032427028
2025-03-02,晚上9:15,晚間班機,星期日,TPE,"晚上8:50 (星期一, 3月 3)",晚間抵達,SYD,國泰航空 國泰航空,國泰航空,1,3,1.0,9 小時 20 分鐘,560,20 小時 35 分鐘,1235,675,No,Boeing 777 Airbus A350,Airbus A350,1.0,CX 479 CX 139,CX 139,經濟艙 經濟艙,1,經濟艙,2 小時 10 分鐘,9 小時 5 分鐘,2,15274.0,14628.0,14684.0,426114.7,15270.5,38.0,90.0,9.63,9.59,12.96,9.59,3.66,澳洲,-0.389354,-1.56618,0,34,9.63,10.388426,-0.7584258270263664,32481.496,15214.436107082418,113.49129119961046
2025-03-02,下午6:50,晚間班機,星期日,TPE,"晚上9:50 (星期一, 3月 3)",晚間抵達,SYD,THAI THAI,THAI,1,1,1.0,10 小時 45 分鐘,645,24 小時,1440,795,No,Boeing 787 Airbus A350,Airbus A350,1.0,TG 635 TG 475,TG 475,經濟艙 經濟艙,1,經濟艙,3 小時 55 分鐘,9 小時 20 分鐘,2,17608.0,14110.0,17962.0,9949631.7,16072.25,38.0,89.0,9.78,9.55,16.11,9.8,3.66,澳洲,-0.389354,-1.56618,0,34,9.78,10.532591,-0.7525908660888678,37518.555,17676.652853009924,112.24920237719927
2025-02-28,上午10:50,上午班機,星期五,TPE,"清晨7:30 (星期六, 3月 1)",早晨抵達,SYD,中華航空 澳洲航空,澳洲航空,0,3,1.0,6 小時 30 分鐘,390,17 小時 40 分鐘,1060,670,No,Airbus A321neo Airbus A330,Airbus A330,1.0,CI 909 QF 128,QF 128,經濟艙 經濟艙,1,經濟艙,2 小時 5 分鐘,9 小時 5 分鐘,2,18562.0,18296.0,18559.0,2001.89,18584.5,38.0,53.0,9.83,9.81,7.6,9.83,3.66,澳洲,-0.389354,-1.56618,1,34,9.83,10.550736,-0.7207364273071288,38205.562,18582.95422504213,105.59466507491429
2025-02-28,晚上11:55,晚間班機,星期五,TPE,"晚上8:35 (星期六, 3月 1)",晚間抵達,SYD,亞洲航空 X 亞洲航空 X,亞洲航空 X,0,6,1.0,4 小時 10 分鐘,250,17 小時 40 分鐘,1060,810,No,Airbus A330 Airbus A330,Airbus A330,1.0,D7 379 D7 220,D7 220,經濟艙 經濟艙,1,經濟艙,5 小時,8 小時 30 分鐘,2,12216.0,8439.0,12641.0,9429747.42,15382.25,56.0,53.0,9.41,9.04,16.06,9.44,4.04,澳洲,-0.389354,-1.56618,1,62,9.41,10.125536,-0.7155359649658202,24972.637,12209.870976332704,104.52826051279582
2025-02-28,凌晨12:20,凌晨班機,星期五,TPE,"中午12:50 (星期六, 3月 1)",下午抵達,SYD,酷航 酷航,酷航,1,4,1.0,21 小時 5 分鐘,1265,33 小時 30 分鐘,2010,745,No,Airbus A321neo Boeing 787,Boeing 787,1.0,TR 875 TR 2,TR 2,經濟艙 經濟艙,1,經濟艙,4 小時 45 分鐘,7 小時 40 分鐘,2,11139.0,5999.0,10418.0,11926351.2,12810.25,52.0,90.0,9.32,8.7,16.29,9.25,3.97,澳洲,-0.389354,-1.56618,1,3,9.32,10.027526,-0.7075259017944333,22641.186,11158.981853408519,102.89651730152454
2025-02-09,下午4:50,下午班機,星期日,TSA,"中午12:40 (星期一, 2月 10)",下午抵達,LAX,全日空航空 聯合航空,聯合航空,0,1,1.0,23 小時,1380,35 小時 50 分鐘,2150,770,No,Boeing 787 Boeing 787-10,Boeing 787-10,1.0,NH 854 UA 38,UA 38,經濟艙 經濟艙,0,經濟艙,2 小時 50 分鐘,10 小時,2,20017.0,19238.0,19694.0,10012608.82,19484.25,31.0,74.0,9.9,9.86,16.12,9.89,3.47,美國,0.5468126,1.7011215,0,72,9.9,10.607245,-0.7072454452514645,40426.688,19930.370438230297,102.83961918968556
2025-01-31,下午1:20,下午班機,星期五,TPE,晚上7:05,晚間抵達,JFK,國泰航空 國泰航空,國泰航空,1,3,1.0,1 小時 5 分鐘,65,18 小時 45 分鐘,1125,1060,No,Airbus A330 Airbus A350,Airbus A350,1.0,CX 495 CX 840,CX 840,經濟艙 經濟艙,1,經濟艙,2 小時 5 分鐘,15 小時 35 分鐘,2,26984.0,22215.0,27983.0,7252085.45,27431.0,53.0,91.0,10.2,10.01,15.8,10.24,3.99,美國,0.5468126,0.5891658,1,33,10.2,10.899042,-0.6990421295166023,54124.496,26903.18607429754,101.18247684224599
2025-02-25,晚上11:50,晚間班機,星期二,TPE,"中午12:10 (星期三, 2月 26)",下午抵達,SYD,中華航空,中華航空,0,2,0.0,Non-stop,0,9 小時 20 分鐘,560,560,No,Airbus A350,Airbus A350,1.0,CI 51,CI 51,經濟艙,0,經濟艙,9 小時 20 分鐘,未找到第二段飛行時間,0,17294.0,15161.0,16440.0,3488166.79,18175.5,31.0,90.0,9.76,9.63,15.06,9.71,3.47,澳洲,-0.389354,-1.56618,1,54,9.76,10.443676,-0.6836759948730471,34326.605,17326.631675024404,98.1147063813351
2025-02-28,凌晨2:15,凌晨班機,星期五,TPE,"上午10:45 (星期六, 3月 1)",上午抵達,SYD,宿霧太平洋航空 宿霧太平洋航空,宿霧太平洋航空,1,4,1.0,18 小時 30 分鐘,1110,29 小時 30 分鐘,1770,660,No,Airbus A321neo Airbus A330-900neo,Airbus A330-900neo,1.0,5J 311 5J 39,5J 39,經濟艙 經濟艙,1,經濟艙,2 小時 25 分鐘,8 小時 35 分鐘,2,12129.0,8374.0,11758.0,4220896.62,11182.25,91.0,90.0,9.4,9.03,15.26,9.37,4.52,澳洲,-0.389354,-1.56618,1,3,9.4,10.07972,-0.6797195434570309,23854.295,12088.380730216988,97.3324256924427
2025-02-05,晚上11:55,晚間班機,星期三,TPE,"晚上7:32 (星期四, 2月 6)",晚間抵達,LAX,中華航空 西捷航空,中華航空,0,2,1.0,22 小時 15 分鐘,1335,35 小時 37 分鐘,2137,802,No,Boeing 777 Boeing 737,Boeing 777,1.0,CI 32 WS 1698,CI 32,經濟艙 經濟艙,0,經濟艙,10 小時 25 分鐘,2 小時 57 分鐘,1,27302.0,22742.0,26542.0,7579800.19,26520.0,64.0,71.0,10.21,10.03,15.84,10.19,4.17,美國,0.5468126,1.7011215,1,96,10.21,10.886552,-0.676551856994628,53452.668,27173.56758944074,96.70831882053258
2025-03-01,下午4:10,下午班機,星期六,TPE,"晚上8:35 (星期日, 3月 2)",晚間抵達,SYD,酷航 酷航,酷航,1,4,1.0,13 小時,780,25 小時 25 分鐘,1525,745,No,Boeing 787 Boeing 787,Boeing 787,1.0,TR 899 TR 20,TR 20,經濟艙 經濟艙,1,經濟艙,4 小時 45 分鐘,7 小時 40 分鐘,2,8333.0,5999.0,7134.0,4753837.64,6641.5,44.0,90.0,9.03,8.7,15.37,8.87,3.81,澳洲,-0.389354,-1.56618,0,106,9.03,9.704211,-0.6742112350463874,16386.469,8349.85957217592,96.2484351785307
2025-03-04,上午11:00,上午班機,星期二,TPE,"上午10:25 (星期三, 3月 5)",上午抵達,SYD,廈門航空 廈門航空,廈門航空,1,2,1.0,9 小時 15 分鐘,555,20 小時 25 分鐘,1225,670,No,Boeing 737 Boeing 787,Boeing 787,1.0,MF 888 MF 801,MF 801,經濟艙 經濟艙,0,經濟艙,1 小時 45 分鐘,9 小時 25 分鐘,2,9832.0,7218.0,9055.0,8691373.09,10125.0,19.0,89.0,9.19,8.88,15.98,9.11,3.0,澳洲,-0.389354,-1.56618,1,39,9.19,9.861099,-0.671099243164063,19169.951,9798.650979203469,95.63867732977793
2025-01-24,下午4:30,下午班機,星期五,TPE,"下午6:10 (星期六, 1月 25)",晚間抵達,LHR,長榮航空 英國航空,英國航空,0,3,1.0,16 小時 30 分鐘,990,33 小時 40 分鐘,2020,1030,No,Airbus A330 Boeing 787,Boeing 787,1.0,BR 722 BA 168,BA 168,經濟艙 經濟艙,1,經濟艙,1 小時 55 分鐘,15 小時 15 分鐘,2,44092.0,43645.0,43798.0,796635.81,43829.0,79.0,77.0,10.69,10.68,13.59,10.69,4.38,英國,-1.262158,1.0504261,1,31,10.69,11.355784,-0.665784416198731,85458.35,43914.506997553566,94.60164170182031
2025-02-25,凌晨12:25,凌晨班機,星期二,TPE,上午11:55,上午抵達,CDG,荷蘭航空 法國航空,荷蘭航空,0,2,1.0,2 小時 15 分鐘,135,18 小時 30 分鐘,1110,975,No,Boeing 787 Airbus A320,Boeing 787,1.0,KL 808 AF 1341,KL 808,經濟艙 經濟艙,0,經濟艙,14 小時 50 分鐘,1 小時 25 分鐘,1,23782.0,21116.0,22642.0,6360.02,23182.5,24.0,89.0,10.08,9.96,8.76,10.03,3.22,法國,-0.977473,0.5969613,1,30,10.08,10.738588,-0.6585883331298827,46100.926,23860.985542098944,93.2062935955105
2025-02-16,晚上11:00,晚間班機,星期日,TPE,"下午3:35 (星期一, 2月 17)",下午抵達,FRA,長榮航空 漢莎航空,長榮航空,0,1,0.0,Non-stop,0,23 小時 35 分鐘,1415,1415,No,Boeing 777 Airbus A321,Boeing 777,1.0,BR 87 LH 1035,BR 87,經濟艙 經濟艙,0,經濟艙,15 小時 55 分鐘,1 小時 20 分鐘,1,27939.0,25934.0,25958.0,13256258.27,32376.0,72.0,56.0,10.24,10.16,16.4,10.16,4.29,德國,-0.7021,0.1276154,0,111,10.24,10.890304,-0.6503036117553709,53653.586,28001.12592623153,91.61224473204908
2025-02-17,中午12:30,下午班機,星期一,TSA,"清晨5:45 (星期三, 2月 19)",凌晨抵達,FRA,中華航空 中國東方航空,中國東方航空,0,2,0.0,Non-stop,0,48 小時 15 分鐘,2895,2895,No,Airbus A330 Boeing 777,Boeing 777,1.0,CI 201 MU 219,MU 219,經濟艙 經濟艙,0,經濟艙,1 小時 45 分鐘,11 小時 50 分鐘,2,25318.0,23573.0,23657.0,14594965.98,29358.5,39.0,81.0,10.14,10.07,16.5,10.07,3.69,德國,-0.7021,0.1276154,1,96,10.14,10.786832,-0.6468318557739252,48379.52,25336.46648519111,90.94817171734387
2025-01-31,上午8:30,早晨班機,星期五,TPE,下午5:05,下午抵達,LHR,中華航空,中華航空,0,2,0.0,Non-stop,0,16 小時 35 分鐘,995,995,No,Airbus A350,Airbus A350,1.0,CI 81,CI 81,經濟艙,1,經濟艙,16 小時 35 分鐘,未找到第二段飛行時間,1,18059.0,16865.0,17512.0,815564.71,18103.75,86.0,85.0,9.8,9.73,13.61,9.77,4.47,英國,-1.262158,1.0504261,1,21,9.8,10.423015,-0.6230146408081048,33624.65,18033.744927828524,86.45405362040243
2025-02-12,上午9:30,上午班機,星期三,TSA,下午4:25,下午抵達,JFK,日本航空 美國航空,美國航空,0,3,1.0,3 小時 50 分鐘,230,19 小時 55 分鐘,1195,965,No,Boeing 787 Boeing 787,Boeing 787,1.0,JL 96 AA 168,AA 168,經濟艙 經濟艙,0,經濟艙,2 小時 50 分鐘,13 小時 15 分鐘,2,34668.0,26945.0,36287.0,16950833.05,35251.0,15.0,73.0,10.45,10.2,16.65,10.5,2.77,美國,0.5468126,0.5891658,1,26,10.45,11.072297,-0.6222970962524421,64363.184,34544.37470927775,86.3203029014842
2025-03-04,下午1:30,下午班機,星期二,TSA,中午12:40,下午抵達,LAX,全日空航空 聯合航空,聯合航空,0,1,1.0,2 小時 10 分鐘,130,15 小時 10 分鐘,910,780,No,Boeing 787 Boeing 787-10,Boeing 787-10,1.0,NH 852 UA 38,UA 38,經濟艙 經濟艙,0,經濟艙,3 小時,10 小時,2,20525.0,19238.0,19479.0,7696451.47,19648.5,54.0,89.0,9.93,9.86,15.86,9.88,4.01,美國,0.5468126,1.7011215,1,83,9.93,10.539711,-0.6097109985351565,37786.645,20537.340581447537,83.98995907671059
2025-02-07,下午1:30,下午班機,星期五,TSA,下午2:05,下午抵達,LAX,全日空航空 全日空航空,全日空航空,1,1,1.0,3 小時 35 分鐘,215,16 小時 35 分鐘,995,780,No,Boeing 787 Boeing 787,Boeing 787,1.0,NH 852 NH 126,NH 126,經濟艙 經濟艙,0,經濟艙,3 小時,10 小時,2,21506.0,19922.0,20508.0,3068258.99,23713.75,71.0,73.0,9.98,9.9,14.94,9.93,4.28,美國,0.5468126,1.7011215,1,77,9.98,10.586714,-0.6067137908935543,39605.125,21590.312549706177,83.43933145395334
2025-03-10,晚上7:00,晚間班機,星期一,TPE,"上午8:05 (星期三, 3月 12)",早晨抵達,SYD,越捷航空 越捷航空,越捷航空,1,6,1.0,22 小時 5 分鐘,1325,34 小時 5 分鐘,2045,720,No,Airbus A321 Airbus A330,Airbus A330,1.0,VJ 843 VJ 85,VJ 85,經濟艙 經濟艙,0,經濟艙,3 小時 25 分鐘,8 小時 35 分鐘,2,9894.0,8352.0,9206.0,2211346.1,9963.75,7.0,86.0,9.2,9.03,14.61,9.13,2.08,澳洲,-0.389354,-1.56618,1,51,9.2,9.805516,-0.6055162429809577,18133.498,9897.129058743909,83.21977958703518
2025-02-28,上午11:00,上午班機,星期五,TPE,"上午10:25 (星期六, 3月 1)",上午抵達,SYD,廈門航空 廈門航空,廈門航空,1,2,1.0,9 小時 15 分鐘,555,20 小時 25 分鐘,1225,670,No,Boeing 737 Boeing 787,Boeing 787,1.0,MF 888 MF 801,MF 801,經濟艙 經濟艙,1,經濟艙,1 小時 45 分鐘,9 小時 25 分鐘,2,17075.0,9842.0,13664.0,40768948.45,18197.0,26.0,90.0,9.75,9.19,17.52,9.52,3.3,澳洲,-0.389354,-1.56618,1,34,9.75,10.351277,-0.6012773513793945,31296.994,17154.228809290984,82.44477492147058
2025-01-31,上午8:20,早晨班機,星期五,TPE,"清晨5:45 (星期六, 2月 1)",凌晨抵達,LHR,國泰航空 英國航空,英國航空,0,3,1.0,12 小時 15 分鐘,735,29 小時 25 分鐘,1765,1030,No,Boeing 777 Boeing 787,Boeing 787,1.0,CX 407 BA 32,BA 32,經濟艙 經濟艙,1,經濟艙,2 小時 10 分鐘,15 小時,2,21679.0,20970.0,21044.0,965961.62,21478.5,55.0,49.0,9.98,9.95,13.78,9.95,4.03,英國,-1.262158,1.0504261,1,21,9.98,10.574542,-0.5945420455932613,39125.984,21590.312549706177,81.2200925064073
2025-01-30,上午10:45,上午班機,星期四,TPE,"清晨5:45 (星期五, 1月 31)",凌晨抵達,LHR,國泰航空 英國航空,英國航空,0,3,1.0,9 小時 45 分鐘,585,27 小時,1620,1035,No,Boeing 777 Boeing 787,Boeing 787,1.0,CX 489 BA 32,BA 32,經濟艙 經濟艙,1,經濟艙,2 小時 15 分鐘,15 小時,2,22178.0,20970.0,22476.0,1589042.13,22254.0,54.0,48.0,10.01,9.95,14.28,10.02,4.01,英國,-1.262158,1.0504261,1,36,10.01,10.6042795,-0.5942795181274416,40306.965,22247.835456318233,81.17252315574412
2025-01-29,上午8:20,早晨班機,星期三,TPE,"清晨5:45 (星期四, 1月 30)",凌晨抵達,LHR,國泰航空 英國航空,英國航空,0,3,1.0,12 小時 15 分鐘,735,29 小時 25 分鐘,1765,1030,No,Boeing 777 Boeing 787,Boeing 787,1.0,CX 407 BA 32,BA 32,經濟艙 經濟艙,1,經濟艙,2 小時 10 分鐘,15 小時,2,22292.0,20976.0,21057.5,5146829.74,21389.0,43.0,40.0,10.01,9.95,15.45,9.96,3.78,英國,-1.262158,1.0504261,1,40,10.01,10.581339,-0.5713388824462893,39392.82,22247.835456318233,77.06360868159294
2025-01-27,下午4:30,下午班機,星期一,TSA,"上午10:40 (星期二, 1月 28)",上午抵達,LAX,長榮航空 聯合航空,聯合航空,0,1,1.0,21 小時 25 分鐘,1285,34 小時 10 分鐘,2050,765,No,Boeing 787-10 Boeing 787,Boeing 787,1.0,BR 190 UA 33,UA 33,經濟艙 經濟艙,1,經濟艙,2 小時 50 分鐘,9 小時 55 分鐘,2,23730.0,22478.0,23286.0,2244041.43,23509.25,39.0,53.0,10.07,10.02,14.62,10.06,3.69,美國,0.5468126,1.7011215,1,75,10.07,10.637286,-0.5672861862182614,41659.562,23623.564769046367,76.34748568762134
2025-02-01,晚上11:10,晚間班機,星期六,TPE,"清晨7:35 (星期日, 2月 2)",早晨抵達,FRA,中華航空,中華航空,0,2,0.0,Non-stop,0,15 小時 25 分鐘,925,925,No,Airbus A350,Airbus A350,1.0,CI 61,CI 61,經濟艙,1,經濟艙,15 小時 25 分鐘,未找到第二段飛行時間,1,21807.0,18420.0,21796.5,2907818.31,94221.5,80.0,90.0,9.99,9.82,14.88,9.99,4.39,德國,-0.7021,0.1276154,0,64,9.99,10.556525,-0.5665252304077146,38427.37,21807.29879823013,76.21334695917838
2025-01-31,上午10:45,上午班機,星期五,TPE,"清晨5:45 (星期六, 2月 1)",凌晨抵達,LHR,國泰航空 英國航空,英國航空,0,3,1.0,9 小時 45 分鐘,585,27 小時,1620,1035,No,Boeing 777 Boeing 787,Boeing 787,1.0,CX 489 BA 32,BA 32,經濟艙 經濟艙,1,經濟艙,2 小時 15 分鐘,15 小時,2,23743.0,20970.0,21051.0,16786854.38,21431.0,55.0,60.0,10.08,9.95,16.64,9.95,4.03,英國,-1.262158,1.0504261,1,21,10.08,10.646125,-0.5661248397827148,42029.406,23860.985542098944,76.14279249214474
2025-02-01,晚上9:15,晚間班機,星期六,TPE,"清晨7:05 (星期日, 2月 2)",早晨抵達,FRA,國泰航空 國泰航空,國泰航空,1,3,1.0,50 分鐘,0,16 小時 50 分鐘,1010,1010,No,Boeing 777 Boeing 777,Boeing 777,1.0,CX 479 CX 289,CX 289,經濟艙 經濟艙,1,經濟艙,2 小時 10 分鐘,13 小時 50 分鐘,2,20026.0,19441.0,19540.5,1470667.24,65891.0,88.0,90.0,9.9,9.88,14.2,9.88,4.49,德國,-0.7021,0.1276154,0,64,9.9,10.46606,-0.5660596847534176,35103.625,19930.370438230297,76.13132233942062
2025-03-10,晚上7:45,晚間班機,星期一,TSA,"上午10:25 (星期三, 3月 12)",上午抵達,SYD,廈門航空 廈門航空,廈門航空,1,2,1.0,24 小時 30 分鐘,1470,35 小時 40 分鐘,2140,670,No,Boeing 737 Boeing 787,Boeing 787,1.0,MF 882 MF 801,MF 801,經濟艙 經濟艙,0,經濟艙,1 小時 45 分鐘,9 小時 25 分鐘,2,9526.0,8463.0,8486.0,6780248.95,9509.0,76.0,86.0,9.16,9.04,15.73,9.05,4.34,澳洲,-0.389354,-1.56618,1,51,9.16,9.725897,-0.5658968353271483,16745.701,9509.057077568728,76.10264651136718
2025-02-09,下午4:30,下午班機,星期日,TSA,"下午6:30 (星期一, 2月 10)",晚間抵達,ZRH,長榮航空 瑞士航空,瑞士航空,0,1,1.0,15 小時 50 分鐘,950,33 小時,1980,1030,No,Boeing 787-10 Boeing 777,Boeing 777,1.0,BR 190 LX 161,LX 161,經濟艙 經濟艙,0,經濟艙,2 小時 50 分鐘,14 小時 20 分鐘,2,28221.0,27962.0,28031.0,505194.49,28039.0,19.0,85.0,10.25,10.24,13.13,10.24,3.0,瑞士,2.7842724,-2.49911,0,49,10.25,10.810836,-0.5608358383178711,49554.87,28282.541920334977,75.21363968392227
2025-03-13,下午2:35,下午班機,星期四,TPE,"晚上8:20 (星期五, 3月 14)",晚間抵達,SYD,中國南方航空 中國南方航空,中國南方航空,1,5,1.0,15 小時 10 分鐘,910,26 小時 45 分鐘,1605,695,No,Airbus A330 Boeing 787,Boeing 787,1.0,CZ 3098 CZ 301,CZ 301,經濟艙 經濟艙,0,經濟艙,2 小時 15 分鐘,9 小時 20 分鐘,2,13438.0,7816.0,7835.0,33808117.33,10698.25,69.0,43.0,9.51,8.96,17.34,8.97,4.25,澳洲,-0.389354,-1.56618,1,98,9.51,10.069745,-0.5597450637817385,23617.543,13493.994316498814,75.02262424902123
2025-02-05,下午4:30,下午班機,星期三,TSA,"下午6:30 (星期四, 2月 6)",晚間抵達,ZRH,長榮航空 瑞士航空,瑞士航空,0,1,1.0,15 小時 50 分鐘,950,33 小時,1980,1030,No,Boeing 787-10 Boeing 777,Boeing 777,1.0,BR 190 LX 161,LX 161,經濟艙 經濟艙,0,經濟艙,2 小時 50 分鐘,14 小時 20 分鐘,2,28343.0,27962.0,28043.0,761441.73,28002.75,15.0,89.0,10.25,10.24,13.54,10.24,2.77,瑞士,2.7842724,-2.49911,1,53,10.25,10.797412,-0.5474119186401367,48894.094,28282.541920334977,72.87729613456506
2025-02-10,下午4:30,下午班機,星期一,TSA,"下午6:30 (星期二, 2月 11)",晚間抵達,ZRH,長榮航空 瑞士航空,瑞士航空,0,1,1.0,15 小時 50 分鐘,950,33 小時,1980,1030,No,Boeing 787-10 Boeing 777,Boeing 777,1.0,BR 190 LX 161,LX 161,經濟艙 經濟艙,0,經濟艙,2 小時 50 分鐘,14 小時 20 分鐘,2,28190.0,27962.0,28025.0,437877.03,28006.0,20.0,83.0,10.25,10.24,12.99,10.24,3.04,瑞士,2.7842724,-2.49911,1,52,10.25,10.797412,-0.5474119186401367,48894.094,28282.541920334977,72.87729613456506
2025-03-08,晚上11:40,晚間班機,星期六,TPE,"中午12:25 (星期日, 3月 9)",下午抵達,ZRH,阿聯酋航空 阿聯酋航空,阿聯酋航空,1,5,1.0,2 小時 50 分鐘,170,19 小時 45 分鐘,1185,1015,No,Airbus A380 Airbus A380,Airbus A380,2.0,EK 367 EK 87,EK 367,經濟艙 經濟艙,0,經濟艙,9 小時 55 分鐘,7 小時,1,23503.0,19992.0,23513.0,4402628.51,23485.75,74.0,87.0,10.06,9.9,15.3,10.07,4.32,瑞士,2.7842724,-2.49911,0,53,10.06,10.605994,-0.5459942245483393,40376.137,23388.506372157066,72.63238650765626
2025-03-01,下午5:15,下午班機,星期六,TSA,"下午1:35 (星期日, 3月 2)",下午抵達,SYD,中國東方航空 中國東方航空,中國東方航空,1,2,1.0,5 小時 25 分鐘,325,17 小時 20 分鐘,1040,715,No,Airbus A330 Airbus A350,Airbus A350,1.0,MU 5098 MU 735,MU 735,經濟艙 經濟艙,1,經濟艙,1 小時 35 分鐘,10 小時 20 分鐘,2,17081.0,16525.0,16555.0,3797564.88,19171.25,81.0,89.0,9.75,9.71,15.15,9.71,4.41,澳洲,-0.389354,-1.56618,0,106,9.75,10.293645,-0.543644905090332,29544.264,17154.228809290984,72.22729159280766
2025-02-02,上午9:00,上午班機,星期日,TSA,"晚上7:00 (星期一, 2月 3)",晚間抵達,FRA,中華航空 漢莎航空,漢莎航空,0,1,1.0,23 小時 45 分鐘,1425,41 小時,2460,1035,No,Airbus A330 Boeing 747,Boeing 747,2.0,CI 220 LH 717,LH 717,經濟艙 經濟艙,1,經濟艙,2 小時 50 分鐘,14 小時 25 分鐘,2,29066.0,17651.0,28606.0,24288248.01,71671.25,12.0,59.0,10.28,9.78,17.01,10.26,2.56,德國,-0.7021,0.1276154,0,26,10.28,10.819323,-0.539322586059571,49977.22,29143.873553539564,71.48447565896812
2025-03-03,下午4:30,下午班機,星期一,TSA,"下午6:30 (星期二, 3月 4)",晚間抵達,ZRH,長榮航空 瑞士航空,瑞士航空,0,1,1.0,15 小時 50 分鐘,950,33 小時,1980,1030,No,Boeing 787-10 Boeing 777,Boeing 777,1.0,BR 190 LX 161,LX 161,經濟艙 經濟艙,0,經濟艙,2 小時 50 分鐘,14 小時 20 分鐘,2,28454.0,27962.0,28026.0,10169331.63,28069.0,41.0,84.0,10.26,10.24,16.13,10.24,3.74,瑞士,2.7842724,-2.49911,1,53,10.26,10.797412,-0.5374119186401369,48894.094,28566.786192199328,71.15713829703184
2025-02-28,上午11:30,上午班機,星期五,TSA,"上午9:05 (星期六, 3月 1)",上午抵達,LAX,上海航空 中國東方航空,中國東方航空,0,2,1.0,23 小時 35 分鐘,1415,37 小時 35 分鐘,2255,840,No,Boeing 737 Boeing 777,Boeing 777,1.0,FM 852 MU 583,MU 583,經濟艙 經濟艙,1,經濟艙,2 小時 5 分鐘,11 小時 55 分鐘,2,22025.0,18089.0,18181.0,45258925.89,18148.5,83.0,85.0,10.0,9.8,17.63,9.81,4.43,美國,0.5468126,1.7011215,1,55,10.0,10.532027,-0.5320272445678711,37497.414,22026.465794806718,70.23799647123117
2025-03-21,晚上11:10,晚間班機,星期五,TPE,"下午4:15 (星期六, 3月 22)",下午抵達,CDG,中華航空 法國航空,中華航空,0,2,1.0,7 小時 5 分鐘,425,24 小時 5 分鐘,1445,1020,No,Airbus A350 Embraer 170,Airbus A350,1.0,CI 73 AF 1741,CI 73,經濟艙 經濟艙,0,經濟艙,15 小時 40 分鐘,1 小時 20 分鐘,1,51576.0,24098.0,49242.0,21780.06,56451.75,88.0,91.0,10.85,10.09,9.99,10.8,4.49,法國,-0.977473,0.5969613,1,66,10.85,10.318237,0.5317626953124996,30279.836,51534.15135587504,41.24316566620241
2025-02-21,上午8:05,早晨班機,星期五,TPE,晚上7:35,晚間抵達,LHR,長榮航空 THAI,THAI,0,1,1.0,2 小時 10 分鐘,130,19 小時 30 分鐘,1170,1040,No,Boeing 777 Boeing 777,Boeing 777,1.0,BR 67 TG 916,TG 916,經濟艙 經濟艙,0,經濟艙,4 小時 5 分鐘,13 小時 15 分鐘,2,118394.0,107976.0,123672.0,53707966.13,115937.75,29.0,37.0,11.68,11.59,17.8,11.73,3.4,英國,-1.262158,1.0504261,1,33,11.68,11.148156,0.5318438339233396,69435.68,118184.23506803908,41.247934085687795
2025-02-10,下午4:30,下午班機,星期一,TPE,"下午1:25 (星期二, 2月 11)",下午抵達,JFK,中華航空 中國東方航空,中國東方航空,0,2,1.0,16 小時 55 分鐘,1015,33 小時 55 分鐘,2035,1020,No,Boeing 777 Boeing 777,Boeing 777,1.0,CI 503 MU 587,MU 587,商務艙 經濟艙,0,經濟艙,2 小時 5 分鐘,14 小時 55 分鐘,2,61660.0,46765.0,64327.0,70636410.21,69749.25,17.0,85.0,11.03,10.75,18.07,11.07,2.89,美國,0.5468126,0.5891658,1,62,11.03,10.496639,0.533360748291015,36193.66,61697.58079700095,41.33698649330294
2025-02-22,清晨7:40,早晨班機,星期六,TPE,"清晨6:40 (星期日, 2月 23)",早晨抵達,LHR,THAI THAI,THAI,1,1,1.0,13 小時 30 分鐘,810,31 小時,1860,1050,No,Airbus A320 Boeing 777,Boeing 777,1.0,TG 637 TG 910,TG 910,經濟艙 經濟艙,0,經濟艙,3 小時 55 分鐘,13 小時 35 分鐘,2,38144.0,19016.0,33948.0,52880272.75,36009.0,90.0,69.0,10.55,9.85,17.78,10.43,4.51,英國,-1.262158,1.0504261,0,30,10.55,10.016299,0.5337007522583015,22388.422,38177.43831180172,41.3569299958004
2025-03-07,晚上11:10,晚間班機,星期五,TPE,"晚上9:30 (星期六, 3月 8)",晚間抵達,ZRH,中華航空 瑞士航空,中華航空,0,2,1.0,12 小時 10 分鐘,730,29 小時 20 分鐘,1760,1030,No,Airbus A350 Embraer 195,Airbus A350,1.0,CI 73 LX 735,CI 73,經濟艙 經濟艙,0,經濟艙,15 小時 40 分鐘,1 小時 30 分鐘,1,54913.0,26432.0,38713.5,4338647556.49,39411.5,91.0,82.0,10.91,10.18,22.19,10.56,4.52,瑞士,2.7842724,-2.49911,1,78,10.91,10.37624,0.533760223388672,32088.076,54720.845304868235,41.36041577373022
2025-02-04,晚上11:50,晚間班機,星期二,TPE,"中午12:10 (星期三, 2月 5)",下午抵達,SYD,中華航空,中華航空,0,2,0.0,Non-stop,0,9 小時 20 分鐘,560,560,No,Airbus A350,Airbus A350,1.0,CI 51,CI 51,經濟艙,0,經濟艙,9 小時 20 分鐘,未找到第二段飛行時間,0,49344.0,24880.0,38373.0,574571940.9,34061.0,90.0,74.0,10.81,10.12,20.17,10.56,4.51,澳洲,-0.389354,-1.56618,1,43,10.81,10.275022,0.5349784469604497,28999.143,49513.468378402154,41.43180930792062
2025-03-02,晚上11:20,晚間班機,星期日,TPE,"下午2:50 (星期一, 3月 3)",下午抵達,CDG,中華航空 奧地利航空,中華航空,0,2,1.0,5 小時 45 分鐘,345,22 小時 30 分鐘,1350,1005,No,Airbus A350 Airbus A320,Airbus A350,1.0,CI 63 OS 415,CI 63,經濟艙 經濟艙,1,經濟艙,14 小時 40 分鐘,2 小時 5 分鐘,1,76004.0,26775.0,80532.0,15026.06,80536.5,86.0,82.0,11.24,10.2,9.62,11.3,4.47,法國,-0.977473,0.5969613,0,80,11.24,10.704092,0.5359079742431643,44537.73,76114.95178166861,41.48622652155922
2025-02-04,上午8:45,早晨班機,星期二,TPE,下午5:30,下午抵達,LHR,中華航空 中國東方航空,中國東方航空,0,2,1.0,2 小時 40 分鐘,160,16 小時 45 分鐘,1005,845,No,Boeing 777 Boeing 777,Boeing 777,1.0,CI 501 MU 551,MU 551,商務艙 經濟艙,0,經濟艙,2 小時 5 分鐘,12 小時,2,52002.0,44536.0,50628.0,76526450.35,52822.0,26.0,80.0,10.86,10.7,18.15,10.83,3.3,英國,-1.262158,1.0504261,1,41,10.86,10.320399,0.5396007156372065,30345.371,52052.07818754238,41.701902881924596
2025-02-26,晚上11:20,晚間班機,星期三,TPE,"下午2:50 (星期四, 2月 27)",下午抵達,CDG,中華航空 奧地利航空,中華航空,0,2,1.0,5 小時 45 分鐘,345,22 小時 30 分鐘,1350,1005,No,Airbus A350 Airbus A320,Airbus A350,1.0,CI 63 OS 415,CI 63,經濟艙 經濟艙,0,經濟艙,14 小時 40 分鐘,2 小時 5 分鐘,1,72142.0,26772.0,80527.5,19633.57,80530.75,91.0,70.0,11.19,10.2,9.89,11.3,4.52,法國,-0.977473,0.5969613,1,71,11.19,10.650163,0.5398373031616206,42199.46,72402.78177917618,41.71569116473226
2025-01-24,上午11:30,上午班機,星期五,TSA,"上午10:00 (星期六, 1月 25)",上午抵達,SYD,上海航空 中國東方航空,中國東方航空,0,2,1.0,6 小時 45 分鐘,405,19 小時 30 分鐘,1170,765,No,Boeing 737 Airbus A350,Airbus A350,1.0,FM 852 MU 561,MU 561,經濟艙 經濟艙,1,經濟艙,2 小時 5 分鐘,10 小時 40 分鐘,2,56184.0,45857.0,54099.0,50479211.04,56422.75,79.0,77.0,10.94,10.73,17.74,10.9,4.38,澳洲,-0.389354,-1.56618,1,20,10.94,10.398315,0.5416845703124995,32804.316,56387.34314617045,41.82326285313213
2025-02-03,中午12:40,下午班機,星期一,TPE,晚上7:30,晚間抵達,JFK,真航空 大韓航空,大韓航空,0,2,1.0,3 小時 25 分鐘,205,19 小時 50 分鐘,1190,985,No,Boeing 777 Airbus A380,Airbus A380,2.0,LJ 732 KE 85,KE 85,經濟艙 經濟艙,0,經濟艙,2 小時 25 分鐘,14 小時,2,75576.0,45464.0,89366.0,218151217.55,82444.5,13.0,48.0,11.23,10.72,19.2,11.4,2.64,美國,0.5468126,0.5891658,1,53,11.23,10.687804,0.5421957778930668,43818.188,75357.59535726697,41.85299133782077
2025-02-12,中午12:25,下午班機,星期三,TPE,"清晨6:55 (星期四, 2月 13)",早晨抵達,SYD,大韓航空 大韓航空,大韓航空,1,2,1.0,2 小時 55 分鐘,175,15 小時 30 分鐘,930,755,No,Boeing 787-10 Boeing 777,Boeing 777,1.0,KE 186 KE 401,KE 401,經濟艙 經濟艙,0,經濟艙,2 小時 25 分鐘,10 小時 10 分鐘,2,51734.0,27364.0,69341.0,375141825.4,59108.75,85.0,64.0,10.85,10.22,19.74,11.15,4.45,澳洲,-0.389354,-1.56618,1,105,10.85,10.307326,0.5426736831665036,29951.25,51534.15135587504,41.88077379373499
2025-01-26,清晨7:00,早晨班機,星期日,TPE,"清晨7:35 (星期一, 1月 27)",早晨抵達,CDG,長榮航空 國泰航空,國泰航空,0,3,1.0,15 小時 15 分鐘,915,31 小時 35 分鐘,1895,980,No,Boeing 787-10 Airbus A350,Airbus A350,1.0,BR 891 CX 261,CX 261,經濟艙 經濟艙,1,經濟艙,2 小時,14 小時 20 分鐘,2,126407.0,126296.0,126397.0,58.77,126423.5,81.0,90.0,11.75,11.75,4.09,11.75,4.41,法國,-0.977473,0.5969613,0,20,11.75,11.206891,0.5431089401245117,73636.125,126753.55900574342,41.9060690858681
2025-02-10,下午5:15,下午班機,星期一,TSA,"清晨5:45 (星期二, 2月 11)",凌晨抵達,FRA,中國東方航空 中國東方航空,中國東方航空,1,2,1.0,6 小時 5 分鐘,365,19 小時 30 分鐘,1170,805,No,Airbus A330 Boeing 777,Boeing 777,1.0,MU 5098 MU 219,MU 219,經濟艙 經濟艙,0,經濟艙,1 小時 35 分鐘,11 小時 50 分鐘,2,36118.0,16154.0,40196.0,75339976.77,63757.75,91.0,88.0,10.49,9.69,18.14,10.6,4.52,德國,-0.7021,0.1276154,1,106,10.49,9.945968,0.5440323257446291,20867.906,35954.15738515536,41.9596848663296
2025-03-07,晚上11:40,晚間班機,星期五,TPE,"晚上7:20 (星期六, 3月 8)",晚間抵達,FRA,阿聯酋航空 阿聯酋航空,阿聯酋航空,1,5,1.0,9 小時 40 分鐘,580,26 小時 40 分鐘,1600,1020,No,Airbus A380 Airbus A380,Airbus A380,2.0,EK 367 EK 47,EK 367,經濟艙 經濟艙,0,經濟艙,9 小時 55 分鐘,7 小時 5 分鐘,1,47390.0,46928.0,47442.0,24039.07,68592.25,73.0,86.0,10.77,10.76,10.09,10.77,4.3,德國,-0.7021,0.1276154,1,86,10.77,10.225262,0.5447383117675777,27591.463,47572.01751377125,42.00064589937191
2025-02-03,上午8:10,早晨班機,星期一,TPE,上午10:55,上午抵達,LAX,中華航空 日本航空,日本航空,0,3,1.0,6 小時 15 分鐘,375,18 小時 45 分鐘,1125,750,No,Boeing 777 Boeing 787,Boeing 787,1.0,CI 156 JL 60,JL 60,經濟艙 經濟艙,0,經濟艙,2 小時 25 分鐘,10 小時 5 分鐘,2,60942.0,59671.0,59695.0,7563124.51,61517.75,58.0,64.0,11.02,11.0,15.84,11.0,4.08,美國,0.5468126,1.7011215,1,35,11.02,10.474283,0.5457167816162105,35393.492,61083.679610796666,42.05736718381299
2025-02-21,下午4:50,下午班機,星期五,TSA,"下午2:05 (星期六, 2月 22)",下午抵達,LAX,全日空航空 全日空航空,全日空航空,1,1,1.0,24 小時 25 分鐘,1465,37 小時 15 分鐘,2235,770,No,Boeing 787 Boeing 787,Boeing 787,1.0,NH 854 NH 126,NH 126,商務艙 經濟艙,0,經濟艙,2 小時 50 分鐘,10 小時,2,48174.0,36549.0,36791.0,1064045658.0,36795.75,64.0,56.0,10.78,10.51,20.79,10.51,4.17,美國,0.5468126,1.7011215,1,78,10.78,10.233063,0.5469372558593744,27807.547,48050.12423831561,42.12804375472144
2025-02-06,上午8:45,早晨班機,星期四,TPE,"清晨5:45 (星期五, 2月 7)",凌晨抵達,FRA,中華航空 中國東方航空,中國東方航空,0,2,1.0,14 小時 5 分鐘,845,28 小時,1680,835,No,Boeing 777 Boeing 777,Boeing 777,1.0,CI 501 MU 219,MU 219,經濟艙 經濟艙,0,經濟艙,2 小時 5 分鐘,11 小時 50 分鐘,2,46471.0,46231.0,46303.0,130497.58,46260.75,13.0,87.0,10.75,10.74,11.78,10.74,2.64,德國,-0.7021,0.1276154,1,24,10.75,10.202508,0.5474920272827148,26970.744,46630.028453524326,42.160137930204215
2025-02-03,清晨7:15,早晨班機,星期一,TPE,"清晨7:15 (星期二, 2月 4)",早晨抵達,SYD,中華航空 國泰航空,國泰航空,0,3,1.0,9 小時 55 分鐘,595,21 小時,1260,665,No,Boeing 737 Airbus A350,Airbus A350,1.0,CI 601 CX 111,CX 111,商務艙 經濟艙,0,經濟艙,2 小時,9 小時 5 分鐘,2,85485.0,82275.0,82363.0,10884267.42,85584.75,36.0,35.0,11.36,11.32,16.2,11.32,3.61,澳洲,-0.389354,-1.56618,1,39,11.36,10.809722,0.5502780532836908,49499.703,85819.36849194729,42.32105876001089
2025-02-04,下午5:15,下午班機,星期二,TSA,"下午1:35 (星期三, 2月 5)",下午抵達,SYD,中國東方航空 中國東方航空,中國東方航空,1,2,1.0,5 小時 25 分鐘,325,17 小時 20 分鐘,1040,715,No,Airbus A330 Airbus A350,Airbus A350,1.0,MU 5098 MU 735,MU 735,經濟艙 經濟艙,0,經濟艙,1 小時 35 分鐘,10 小時 20 分鐘,2,48065.0,36717.0,49986.0,35197584.09,51024.75,84.0,87.0,10.78,10.51,17.38,10.82,4.44,澳洲,-0.389354,-1.56618,1,91,10.78,10.229472,0.5505278396606439,27707.88,48050.12423831561,42.33546468693523
2025-02-18,晚上11:20,晚間班機,星期二,TPE,"下午2:50 (星期三, 2月 19)",下午抵達,CDG,中華航空 奧地利航空,中華航空,0,2,1.0,5 小時 45 分鐘,345,22 小時 30 分鐘,1350,1005,No,Airbus A350 Airbus A320,Airbus A350,1.0,CI 2063 OS 415,CI 2063,經濟艙 經濟艙,0,經濟艙,14 小時 40 分鐘,2 小時 5 分鐘,1,74075.0,22225.0,80531.0,18440.22,80533.75,82.0,81.0,11.21,10.01,9.82,11.3,4.42,法國,-0.977473,0.5969613,1,75,11.21,10.658475,0.5515250778198251,42551.69,73865.41499278042,42.392943422291765
2025-03-21,下午6:25,晚間班機,星期五,TSA,"晚上7:00 (星期六, 3月 22)",晚間抵達,FRA,中華航空 漢莎航空,漢莎航空,0,1,1.0,14 小時 20 分鐘,860,31 小時 35 分鐘,1895,1035,No,Airbus A330 Boeing 747,Boeing 747,2.0,CI 222 LH 717,LH 717,經濟艙 經濟艙,0,經濟艙,2 小時 50 分鐘,14 小時 25 分鐘,2,58297.0,34846.0,57617.0,228576573.85,123197.0,90.0,67.0,10.97,10.46,19.25,10.96,4.51,德國,-0.7021,0.1276154,1,84,10.97,10.418193,0.5518071365356452,33462.906,58104.593402564176,42.40918954864716
2025-01-23,晚上9:15,晚間班機,星期四,TPE,"晚上8:10 (星期五, 1月 24)",晚間抵達,LHR,國泰航空 國泰航空,國泰航空,1,3,1.0,14 小時 5 分鐘,845,30 小時 55 分鐘,1855,1010,No,Boeing 777 Airbus A350,Airbus A350,1.0,CX 479 CX 253,CX 253,經濟艙 經濟艙,1,經濟艙,2 小時 10 分鐘,14 小時 40 分鐘,2,47022.0,23199.0,34519.0,1274620347.79,52909.0,91.0,73.0,10.76,10.05,20.97,10.45,4.52,英國,-1.262158,1.0504261,1,91,10.76,10.1995945,0.5604055023193357,26892.28,47098.668030621746,42.90225090996061
2025-01-21,下午4:30,下午班機,星期二,TSA,"清晨5:30 (星期三, 1月 22)",凌晨抵達,FRA,長榮航空 全日空航空,全日空航空,0,1,1.0,2 小時 25 分鐘,145,20 小時,1200,1055,No,Boeing 787-10 Boeing 787,Boeing 787,1.0,BR 190 NH 203,NH 203,經濟艙 經濟艙,1,經濟艙,2 小時 50 分鐘,14 小時 45 分鐘,2,131629.0,71733.0,137142.0,661979532.05,145615.5,84.0,42.0,11.79,11.18,20.31,11.83,4.44,德國,-0.7021,0.1276154,1,83,11.79,11.228467,0.5615330123901359,75242.16,131926.46988040826,42.96659622727172
2025-02-04,下午4:30,下午班機,星期二,TPE,"清晨5:50 (星期三, 2月 5)",凌晨抵達,CDG,中華航空 法國航空,法國航空,0,2,1.0,3 小時 30 分鐘,210,20 小時 20 分鐘,1220,1010,No,Airbus A350 Boeing 777,Boeing 777,1.0,CI 503 AF 111,AF 111,商務艙 經濟艙,0,經濟艙,2 小時 5 分鐘,14 小時 45 分鐘,2,50497.0,45940.0,49172.0,8077.02,47599.75,48.0,50.0,10.83,10.74,9.0,10.8,3.89,法國,-0.977473,0.5969613,1,58,10.83,10.267456,0.5625439453125001,28780.578,50513.70678901826,43.02422064330283
2025-02-03,下午6:40,晚間班機,星期一,TPE,"下午6:05 (星期二, 2月 4)",晚間抵達,CDG,中國東方航空 中國東方航空,中國東方航空,1,2,1.0,16 小時 10 分鐘,970,30 小時 25 分鐘,1825,855,No,Airbus A330 Boeing 777,Boeing 777,1.0,MU 5006 MU 569,MU 569,經濟艙 經濟艙,0,經濟艙,1 小時 45 分鐘,12 小時 30 分鐘,2,38555.0,31214.0,39428.0,1783.47,39440.0,1.0,89.0,10.56,10.35,7.49,10.58,0.69,法國,-0.977473,0.5969613,1,67,10.56,9.995307,0.5646930313110357,21923.338,38561.12794568084,43.14653367632989
2025-03-21,下午3:00,下午班機,星期五,TPE,"上午10:05 (星期六, 3月 22)",上午抵達,LAX,中國東方航空 中國東方航空,中國東方航空,1,2,1.0,20 小時 10 分鐘,1210,34 小時 5 分鐘,2045,835,No,Airbus A330 Boeing 777,Boeing 777,1.0,MU 5008 MU 583,MU 583,經濟艙 經濟艙,0,經濟艙,2 小時,11 小時 55 分鐘,2,41631.0,21959.0,41853.0,4348295.86,41830.5,91.0,91.0,10.64,10.0,15.29,10.64,4.52,美國,0.5468126,1.7011215,1,80,10.64,10.073017,0.5669828796386724,23694.947,41772.7712185155,43.27657329298189
2025-01-30,晚上7:25,晚間班機,星期四,TPE,"下午6:30 (星期五, 1月 31)",晚間抵達,CDG,大韓航空 大韓航空,大韓航空,1,2,1.0,13 小時 10 分鐘,790,30 小時 5 分鐘,1805,1015,No,Boeing 787-10 Boeing 777,Boeing 777,1.0,KE 188 KE 901,KE 901,經濟艙 經濟艙,1,經濟艙,2 小時 30 分鐘,14 小時 25 分鐘,2,59699.0,52245.0,59891.0,2390.64,59879.0,78.0,48.0,11.0,10.86,7.78,11.0,4.37,法國,-0.977473,0.5969613,1,77,11.0,10.432592,0.5674076080322266,33948.242,59874.14171519782,43.30066166295802
2025-02-23,上午10:45,上午班機,星期日,TPE,晚上9:59,晚間抵達,JFK,達美航空 達美航空,達美航空,1,2,1.0,7 小時 35 分鐘,455,24 小時 14 分鐘,1454,999,No,Airbus A330-900neo Airbus A321neo,Airbus A330-900neo,1.0,DL 68 DL 415,DL 68,經濟艙 經濟艙,0,經濟艙,11 小時 20 分鐘,5 小時 19 分鐘,1,40263.0,27547.0,40758.0,53563622.02,37219.75,65.0,88.0,10.6,10.22,17.8,10.62,4.19,美國,0.5468126,0.5891658,0,32,10.6,10.032247,0.5677534103393551,22748.32,40134.83743087578,43.320262971839796
2025-03-14,晚上11:55,晚間班機,星期五,TPE,"上午9:00 (星期日, 3月 16)",上午抵達,FRA,長榮航空 漢莎航空,長榮航空,0,1,1.0,19 小時 40 分鐘,1180,40 小時 5 分鐘,2405,1225,No,Boeing 777 Boeing 747,Boeing 777,1.0,BR 10 LH 493,BR 10,經濟艙 商務艙,0,經濟艙,10 小時 40 分鐘,9 小時 45 分鐘,1,237308.0,227969.0,243467.0,50305266.27,288904.25,40.0,45.0,12.38,12.34,17.73,12.4,3.71,德國,-0.7021,0.1276154,1,81,12.38,11.805631,0.574369316101075,134004.77,237993.8233485912,43.69401535739762
2025-01-30,晚上7:00,晚間班機,星期四,TPE,"上午8:05 (星期六, 2月 1)",早晨抵達,SYD,越捷航空 越捷航空,越捷航空,1,6,1.0,22 小時 5 分鐘,1325,34 小時 5 分鐘,2045,720,No,Airbus A321 Airbus A330,Airbus A330,1.0,VJ 843 VJ 85,VJ 85,經濟艙 經濟艙,1,經濟艙,3 小時 25 分鐘,8 小時 35 分鐘,2,30387.0,18205.0,32909.0,36347266.5,27542.5,82.0,82.0,10.32,9.81,17.41,10.4,4.42,澳洲,-0.389354,-1.56618,1,57,10.32,9.745533,0.5744670104980472,17077.771,30333.257596224612,43.69951387449873
2025-02-24,下午4:30,下午班機,星期一,TSA,"清晨5:30 (星期二, 2月 25)",凌晨抵達,FRA,長榮航空 全日空航空,全日空航空,0,1,1.0,2 小時 25 分鐘,145,20 小時,1200,1055,No,Boeing 787-10 Boeing 787,Boeing 787,1.0,BR 190 NH 203,NH 203,經濟艙 經濟艙,0,經濟艙,2 小時 50 分鐘,14 小時 45 分鐘,2,125824.0,57670.0,132664.0,1330352781.27,143622.75,75.0,35.0,11.74,10.96,21.01,11.8,4.33,德國,-0.7021,0.1276154,1,94,11.74,11.164702,0.5752975845336916,70594.14,125492.34002075167,43.746255258825826
2025-01-23,晚上7:30,晚間班機,星期四,TPE,晚上8:55,晚間抵達,LAX,國泰航空 國泰航空,國泰航空,1,3,1.0,2 小時 50 分鐘,170,17 小時 25 分鐘,1045,875,No,Boeing 777 Boeing 777,Boeing 777,1.0,CX 565 CX 880,CX 880,經濟艙 經濟艙,1,經濟艙,2 小時 5 分鐘,12 小時 30 分鐘,2,38877.0,22027.0,31463.0,311883936.9,30115.5,90.0,72.0,10.57,10.0,19.56,10.36,4.51,美國,0.5468126,1.7011215,1,99,10.57,9.994532,0.5754683685302737,21906.346,38948.67372448891,43.75586224557006
2025-02-07,下午6:40,晚間班機,星期五,TPE,"下午5:30 (星期六, 2月 8)",下午抵達,LHR,中國東方航空 中國東方航空,中國東方航空,1,2,1.0,17 小時 5 分鐘,1025,30 小時 50 分鐘,1850,825,No,Airbus A330 Boeing 777,Boeing 777,1.0,MU 5006 MU 551,MU 551,經濟艙 經濟艙,0,經濟艙,1 小時 45 分鐘,12 小時,2,30933.0,16223.0,34525.0,52056320.03,32628.5,21.0,84.0,10.34,9.69,17.77,10.45,3.09,英國,-1.262158,1.0504261,1,116,10.34,9.764191,0.5758093261718749,17399.395,30946.030047045107,43.77503510208287
2025-02-04,上午10:45,上午班機,星期二,TPE,"清晨7:15 (星期三, 2月 5)",早晨抵達,SYD,國泰航空 國泰航空,國泰航空,1,3,1.0,6 小時 10 分鐘,370,17 小時 30 分鐘,1050,680,No,Boeing 777 Airbus A350,Airbus A350,1.0,CX 489 CX 111,CX 111,經濟艙 經濟艙,0,經濟艙,2 小時 15 分鐘,9 小時 5 分鐘,2,31395.0,25963.0,26062.0,195311767.61,26007.0,90.0,60.0,10.35,10.16,19.09,10.17,4.51,澳洲,-0.389354,-1.56618,1,32,10.35,9.773085,0.57691535949707,17554.834,31257.04281960959,43.83718867556561
2025-02-08,下午4:30,下午班機,星期六,TPE,"下午5:30 (星期日, 2月 9)",下午抵達,LHR,中華航空 中國東方航空,中國東方航空,0,2,1.0,18 小時 55 分鐘,1135,33 小時,1980,845,No,Airbus A350 Boeing 777,Boeing 777,1.0,CI 503 MU 551,MU 551,商務艙 經濟艙,0,經濟艙,2 小時 5 分鐘,12 小時,2,49957.0,45434.0,51281.0,28413082.03,48365.25,36.0,62.0,10.82,10.72,17.16,10.85,3.61,英國,-1.262158,1.0504261,0,118,10.82,10.242094,0.5779059600830081,28059.822,50011.087008521754,43.89279668957469
2025-01-25,晚上9:15,晚間班機,星期六,TPE,晚上8:55,晚間抵達,LAX,國泰航空 國泰航空,國泰航空,1,3,1.0,1 小時,60,15 小時 40 分鐘,940,880,No,Boeing 777 Boeing 777,Boeing 777,1.0,CX 479 CX 880,CX 880,經濟艙 經濟艙,1,經濟艙,2 小時 10 分鐘,12 小時 30 分鐘,2,39338.0,24627.0,33654.0,254597222.2,36220.5,91.0,71.0,10.58,10.11,19.36,10.42,4.52,美國,0.5468126,1.7011215,0,103,10.58,9.9990425,0.580957489013672,22005.387,39340.11440312676,44.0637449773125
2025-03-06,晚上7:20,晚間班機,星期四,TPE,"下午3:00 (星期五, 3月 7)",下午抵達,JFK,長榮航空 加拿大航空,長榮航空,0,1,1.0,17 小時,1020,32 小時 40 分鐘,1960,940,No,Boeing 777 Embraer 175,Boeing 777,1.0,BR 36 AC 8554,BR 36,經濟艙 商務艙,0,經濟艙,14 小時,1 小時 40 分鐘,1,68265.0,61097.0,69012.0,2758819.91,68613.5,14.0,81.0,11.13,11.02,14.83,11.14,2.71,美國,0.5468126,0.5891658,1,76,11.13,10.548828,0.5811718750000008,38132.727,68186.37201246808,44.07573619618989
2025-02-07,下午5:15,下午班機,星期五,TSA,"上午10:00 (星期日, 2月 9)",上午抵達,SYD,中國東方航空 中國東方航空,中國東方航空,1,2,1.0,25 小時 30 分鐘,1530,37 小時 45 分鐘,2265,735,No,Airbus A330 Airbus A350,Airbus A350,1.0,MU 5098 MU 561,MU 561,經濟艙 經濟艙,0,經濟艙,1 小時 35 分鐘,10 小時 40 分鐘,2,44272.0,34118.0,47577.0,27597952.21,41161.5,14.0,91.0,10.7,10.44,17.13,10.77,2.71,澳洲,-0.389354,-1.56618,1,102,10.7,10.116928,0.5830718994140618,24758.598,44355.85513029784,44.18189530216424
2025-02-03,凌晨2:15,凌晨班機,星期一,TPE,"上午10:45 (星期二, 2月 4)",上午抵達,SYD,宿霧太平洋航空 宿霧太平洋航空,宿霧太平洋航空,1,4,1.0,18 小時 30 分鐘,1110,29 小時 30 分鐘,1770,660,No,Airbus A321neo Airbus A330-900neo,Airbus A330-900neo,1.0,5J 311 5J 39,5J 39,經濟艙 經濟艙,0,經濟艙,2 小時 25 分鐘,8 小時 35 分鐘,2,20862.0,12528.0,22327.0,20590390.49,18374.25,86.0,91.0,9.95,9.44,16.84,10.01,4.47,澳洲,-0.389354,-1.56618,1,2,9.95,9.365819,0.5841810226440423,11682.169,20952.22238177864,44.243771699024904
2025-02-16,下午3:00,下午班機,星期日,TPE,"下午1:35 (星期一, 2月 17)",下午抵達,SYD,中國東方航空 中國東方航空,中國東方航空,1,2,1.0,7 小時 10 分鐘,430,19 小時 35 分鐘,1175,745,No,Airbus A330 Airbus A350,Airbus A350,1.0,MU 5008 MU 735,MU 735,經濟艙 經濟艙,0,經濟艙,2 小時 5 分鐘,10 小時 20 分鐘,2,35091.0,16548.0,36724.0,56285935.42,36725.0,89.0,81.0,10.47,9.71,17.85,10.51,4.5,澳洲,-0.389354,-1.56618,0,98,10.47,9.882775,0.5872246932983405,19590.016,35242.21736879158,44.413214923452124
2025-02-05,下午6:40,晚間班機,星期三,TPE,"下午1:55 (星期四, 2月 6)",下午抵達,LHR,中國東方航空 中國東方航空,中國東方航空,1,2,1.0,12 小時 30 分鐘,750,27 小時 15 分鐘,1635,885,No,Airbus A330 Boeing 777,Boeing 777,1.0,MU 5006 MU 533,MU 533,經濟艙 經濟艙,0,經濟艙,1 小時 45 分鐘,13 小時,2,35061.0,16181.0,36738.0,12250367.38,36196.25,77.0,84.0,10.46,9.69,16.32,10.51,4.36,英國,-1.262158,1.0504261,1,101,10.46,9.872679,0.5873212432861337,19393.219,34891.55144692415,44.41858287814944
2025-02-12,晚上11:25,晚間班機,星期三,TPE,"晚上8:35 (星期四, 2月 13)",晚間抵達,SYD,亞洲航空 X 亞洲航空 X,亞洲航空 X,0,6,1.0,4 小時 40 分鐘,280,18 小時 10 分鐘,1090,810,No,Airbus A330 Airbus A330,Airbus A330,1.0,D7 379 D7 220,D7 220,經濟艙 經濟艙,0,經濟艙,5 小時,8 小時 30 分鐘,2,20862.0,12106.0,19977.0,30261641.14,19139.75,35.0,37.0,9.95,9.4,17.23,9.9,3.58,澳洲,-0.389354,-1.56618,1,64,9.95,9.360376,0.5896236419677727,11618.761,20952.22238177864,44.54640404975894
2025-02-03,凌晨1:30,凌晨班機,星期一,TPE,晚上8:35,晚間抵達,SYD,酷航 酷航,酷航,1,4,1.0,3 小時 40 分鐘,220,16 小時 5 分鐘,965,745,No,Boeing 787 Boeing 787,Boeing 787,1.0,TR 897 TR 20,TR 20,經濟艙 經濟艙,0,經濟艙,4 小時 45 分鐘,7 小時 40 分鐘,2,18604.0,8934.0,18418.0,13373118.97,17918.0,46.0,85.0,9.83,9.1,16.41,9.82,3.85,澳洲,-0.389354,-1.56618,1,2,9.83,9.240349,0.5896511840820313,10304.633,18582.95422504213,44.547929851682994
2025-01-25,上午8:05,早晨班機,星期六,TPE,"清晨6:10 (星期日, 1月 26)",早晨抵達,ZRH,中華航空 瑞士航空,瑞士航空,0,1,1.0,13 小時 25 分鐘,805,29 小時 5 分鐘,1745,940,No,Airbus A321neo Boeing 777,Boeing 777,1.0,CI 903 LX 139,LX 139,商務艙 經濟艙,1,經濟艙,2 小時,13 小時 40 分鐘,2,63813.0,63765.0,63816.0,828.35,63813.0,35.0,43.0,11.06,11.06,6.72,11.06,3.58,瑞士,2.7842724,-2.49911,0,26,11.06,10.46886,0.5911403274536138,35202.05,63576.55186623314,44.630449831069626
2025-02-03,晚上11:50,晚間班機,星期一,TPE,"中午12:10 (星期二, 2月 4)",下午抵達,SYD,中華航空,中華航空,0,2,0.0,Non-stop,0,9 小時 20 分鐘,560,560,No,Airbus A350,Airbus A350,1.0,CI 51,CI 51,經濟艙,0,經濟艙,9 小時 20 分鐘,未找到第二段飛行時間,0,58169.0,28627.0,38389.0,634841185.73,62326.25,91.0,75.0,10.97,10.26,20.27,10.56,4.52,澳洲,-0.389354,-1.56618,1,39,10.97,10.376195,0.5938050460815436,32086.639,58104.593402564176,44.777793298422765
2025-02-25,晚上11:45,晚間班機,星期二,TPE,"清晨7:33 (星期三, 2月 26)",早晨抵達,LAX,中華航空 聯合航空,中華航空,0,2,1.0,11 小時 10 分鐘,670,23 小時 48 分鐘,1428,758,No,Boeing 777 Boeing 737MAX 9 Passenger,Boeing 777,1.0,CI 4 UA 502,CI 4,經濟艙 經濟艙,0,經濟艙,11 小時 5 分鐘,1 小時 33 分鐘,1,114223.0,113792.0,114262.0,142915.04,114195.0,80.0,64.0,11.65,11.64,11.87,11.65,4.39,美國,0.5468126,1.7011215,1,97,11.65,11.053798,0.5962022781372074,63183.453,114691.36305762557,44.910016377384856
2025-02-03,下午4:50,下午班機,星期一,TSA,"上午10:40 (星期二, 2月 4)",上午抵達,LAX,全日空航空 聯合航空,聯合航空,0,1,1.0,21 小時 5 分鐘,1265,33 小時 50 分鐘,2030,765,No,Boeing 787 Boeing 787,Boeing 787,1.0,NH 854 UA 33,UA 33,經濟艙 經濟艙,0,經濟艙,2 小時 50 分鐘,9 小時 55 分鐘,2,62435.0,19595.0,20067.0,4262392162.0,56033.25,11.0,48.0,11.04,9.88,22.17,9.91,2.48,美國,0.5468126,1.7011215,1,71,11.04,10.443584,0.5964155578613273,34323.46,62317.651792699755,44.92176782963949
2025-02-04,上午9:50,上午班機,星期二,TPE,"中午12:00 (星期三, 2月 5)",下午抵達,SYD,國泰航空 國泰航空,國泰航空,1,3,1.0,12 小時 5 分鐘,725,23 小時 10 分鐘,1390,665,No,Airbus A321neo Boeing 777,Boeing 777,1.0,CX 469 CX 101,CX 101,經濟艙 經濟艙,0,經濟艙,2 小時,9 小時 5 分鐘,2,28963.0,26040.0,29044.0,2435469.8,29059.5,83.0,47.0,10.27,10.17,14.71,10.28,4.43,澳洲,-0.389354,-1.56618,1,32,10.27,9.671946,0.5980544281005855,15866.1875,28853.88716648863,45.01195832488301
2025-01-24,下午6:40,晚間班機,星期五,TPE,"上午9:05 (星期六, 1月 25)",上午抵達,LAX,中國東方航空 中國東方航空,中國東方航空,1,2,1.0,16 小時 45 分鐘,1005,30 小時 25 分鐘,1825,820,No,Airbus A330 Boeing 777,Boeing 777,1.0,MU 5006 MU 583,MU 583,經濟艙 經濟艙,1,經濟艙,1 小時 45 分鐘,11 小時 55 分鐘,2,54147.0,31072.0,52414.0,142068653.7,51590.25,78.0,76.0,10.9,10.34,18.77,10.87,4.37,美國,0.5468126,1.7011215,1,83,10.9,10.300641,0.5993589401245121,29751.686,54176.36379669875,45.083642640689874
2025-01-24,晚上9:15,晚間班機,星期五,TPE,"晚上8:50 (星期六, 1月 25)",晚間抵達,SYD,國泰航空 國泰航空,國泰航空,1,3,1.0,9 小時 20 分鐘,560,20 小時 35 分鐘,1235,675,No,Boeing 777 Airbus A350,Airbus A350,1.0,CX 479 CX 139,CX 139,經濟艙 經濟艙,1,經濟艙,2 小時 10 分鐘,9 小時 5 分鐘,2,82852.0,82774.0,82861.0,1136.47,82845.75,79.0,63.0,11.32,11.32,7.04,11.32,4.38,澳洲,-0.389354,-1.56618,1,35,11.32,10.719669,0.6003306579589847,45236.94,82454.34292178466,45.136981506042325
2025-01-23,晚上10:10,晚間班機,星期四,TPE,"下午5:05 (星期五, 1月 24)",下午抵達,ZRH,土耳其航空 土耳其航空,土耳其航空,1,1,1.0,10 小時 5 分鐘,605,25 小時 55 分鐘,1555,950,No,Boeing 777 Airbus A330,Boeing 777,1.0,TK 25 TK 1909,TK 25,經濟艙 經濟艙,1,經濟艙,12 小時 45 分鐘,3 小時 5 分鐘,1,68153.0,37492.0,48475.0,2183351693.71,96568.5,47.0,46.0,11.13,10.53,21.5,10.79,3.87,瑞士,2.7842724,-2.49911,1,74,11.13,10.52876,0.6012400436401375,37375.098,68186.37201246808,45.1868510478665
2025-03-13,晚上11:55,晚間班機,星期四,TPE,"下午4:06 (星期五, 3月 14)",下午抵達,LAX,中華航空 加拿大航空,中華航空,0,2,1.0,17 小時 50 分鐘,1070,31 小時 11 分鐘,1871,801,No,Boeing 777 Boeing 737MAX 8 Passenger,Boeing 777,1.0,CI 32 AC 556,CI 32,經濟艙 商務艙,0,經濟艙,10 小時 25 分鐘,2 小時 56 分鐘,1,82144.0,82097.0,82151.0,746.16,82149.0,85.0,57.0,11.32,11.32,6.62,11.32,4.45,美國,0.5468126,1.7011215,1,103,11.32,10.710334,0.6096661758422854,44816.598,82454.34292178466,45.64677120917383
2025-03-06,晚上11:20,晚間班機,星期四,TPE,"下午2:50 (星期五, 3月 7)",下午抵達,CDG,中華航空 奧地利航空,中華航空,0,2,1.0,5 小時 45 分鐘,345,22 小時 30 分鐘,1350,1005,No,Airbus A350 Airbus A320,Airbus A350,1.0,CI 63 OS 415,CI 63,經濟艙 經濟艙,0,經濟艙,14 小時 40 分鐘,2 小時 5 分鐘,1,77800.0,26775.0,80531.0,11735.19,80582.25,90.0,56.0,11.26,10.2,9.37,11.3,4.51,法國,-0.977473,0.5969613,1,71,11.26,10.650163,0.6098373031616209,42199.46,77652.57580373019,45.65607064450672
2025-02-12,晚上7:00,晚間班機,星期三,TPE,"上午8:05 (星期五, 2月 14)",早晨抵達,SYD,越捷航空 越捷航空,越捷航空,1,6,1.0,22 小時 5 分鐘,1325,34 小時 5 分鐘,2045,720,No,Airbus A321 Airbus A330,Airbus A330,1.0,VJ 843 VJ 85,VJ 85,經濟艙 經濟艙,0,經濟艙,3 小時 25 分鐘,8 小時 35 分鐘,2,19189.0,10245.0,15262.0,68259026.47,13447.0,90.0,91.0,9.86,9.23,18.04,9.63,4.51,澳洲,-0.389354,-1.56618,1,64,9.86,9.249589,0.6104110336303705,10400.29,19148.88943544531,45.68724168509129
2025-02-07,下午5:15,下午班機,星期五,TSA,"清晨6:00 (星期六, 2月 8)",早晨抵達,CDG,中國東方航空 中國東方航空,中國東方航空,1,2,1.0,5 小時 25 分鐘,325,19 小時 45 分鐘,1185,860,No,Airbus A330 Boeing 777,Boeing 777,1.0,MU 5098 MU 553,MU 553,經濟艙 經濟艙,0,經濟艙,1 小時 35 分鐘,12 小時 45 分鐘,2,52033.0,39466.0,49928.0,9588.96,49925.5,26.0,78.0,10.86,10.58,9.17,10.82,3.3,法國,-0.977473,0.5969613,1,73,10.86,10.248213,0.6117871856689447,28232.041,52052.07818754238,45.76193305115381
2025-01-24,上午11:10,上午班機,星期五,TPE,中午12:41,下午抵達,LAX,聯合航空 聯合航空,聯合航空,1,1,1.0,4 小時 33 分鐘,273,17 小時 31 分鐘,1051,778,No,Boeing 777 Boeing 737,Boeing 777,1.0,UA 872 UA 1897,UA 872,經濟艙 經濟艙,1,經濟艙,11 小時 25 分鐘,1 小時 33 分鐘,1,35756.0,19734.0,36733.0,69414024.39,35673.75,29.0,73.0,10.48,9.89,18.06,10.51,3.4,美國,0.5468126,1.7011215,1,59,10.48,9.86791,0.6120896148681645,19300.965,35596.40754176449,45.77833501567652
2025-02-04,上午11:30,上午班機,星期二,TSA,"下午5:30 (星期三, 2月 5)",下午抵達,LHR,上海航空 中國東方航空,中國東方航空,0,2,1.0,23 小時 55 分鐘,1435,38 小時,2280,845,No,Boeing 737 Boeing 777,Boeing 777,1.0,FM 852 MU 551,MU 551,經濟艙 經濟艙,0,經濟艙,2 小時 5 分鐘,12 小時,2,38653.0,20305.0,36778.0,19880490.25,37796.25,72.0,84.0,10.56,9.92,16.81,10.51,4.29,英國,-1.262158,1.0504261,1,41,10.56,9.942074,0.6179261779785161,20786.809,38561.12794568084,46.09387821063909
2025-02-18,下午3:10,下午班機,星期二,TPE,"上午10:20 (星期三, 2月 19)",上午抵達,SYD,馬來西亞航空 馬來西亞航空,馬來西亞航空,1,3,1.0,2 小時 55 分鐘,175,16 小時 10 分鐘,970,795,No,Airbus A330 Airbus A330,Airbus A330,1.0,MH 367 MH 123,MH 123,經濟艙 經濟艙,0,經濟艙,4 小時 55 分鐘,8 小時 20 分鐘,2,49159.0,33376.0,57086.0,109356047.37,45239.0,50.0,59.0,10.8,10.42,18.51,10.95,3.93,澳洲,-0.389354,-1.56618,1,111,10.8,10.180416,0.6195838928222663,26381.443,49020.80113638175,46.18316561987908
2025-02-04,下午3:00,下午班機,星期二,TPE,"清晨6:00 (星期三, 2月 5)",早晨抵達,CDG,中國東方航空 中國東方航空,中國東方航空,1,2,1.0,7 小時 5 分鐘,425,22 小時,1320,895,No,Airbus A330 Boeing 777,Boeing 777,1.0,MU 5008 MU 553,MU 553,經濟艙 經濟艙,0,經濟艙,2 小時 10 分鐘,12 小時 45 分鐘,2,47234.0,44624.0,44681.0,4584.58,47303.5,90.0,37.0,10.76,10.71,8.43,10.71,4.51,法國,-0.977473,0.5969613,1,58,10.76,10.138859,0.6211412048339842,25307.568,47098.668030621746,46.266912807553304
2025-03-09,晚上11:20,晚間班機,星期日,TPE,"下午2:50 (星期一, 3月 10)",下午抵達,CDG,中華航空 奧地利航空,中華航空,0,2,1.0,5 小時 45 分鐘,345,22 小時 30 分鐘,1350,1005,No,Airbus A350 Airbus A320,Airbus A350,1.0,CI 63 OS 415,CI 63,經濟艙 經濟艙,0,經濟艙,14 小時 40 分鐘,2 小時 5 分鐘,1,79862.0,29133.0,80532.0,6020.37,80525.25,62.0,73.0,11.29,10.28,8.7,11.3,4.14,法國,-0.977473,0.5969613,0,78,11.29,10.668468,0.6215315246582023,42979.066,80017.44881012288,46.287882149008496
2025-02-01,下午4:50,下午班機,星期六,TSA,"上午10:40 (星期日, 2月 2)",上午抵達,LAX,全日空航空 聯合航空,聯合航空,0,1,1.0,21 小時 5 分鐘,1265,33 小時 50 分鐘,2030,765,No,Boeing 787 Boeing 787,Boeing 787,1.0,NH 854 UA 33,UA 33,經濟艙 經濟艙,1,經濟艙,2 小時 50 分鐘,9 小時 55 分鐘,2,85111.0,20598.0,29949.0,5256141836.0,66088.5,7.0,67.0,11.35,9.93,22.38,10.31,2.08,美國,0.5468126,1.7011215,0,73,11.35,10.727968,0.6220317840576168,45613.92,84965.45150791103,46.31474197397404
2025-02-04,上午9:50,上午班機,星期二,TPE,"清晨7:15 (星期三, 2月 5)",早晨抵達,SYD,國泰航空 國泰航空,國泰航空,1,3,1.0,7 小時 20 分鐘,440,18 小時 25 分鐘,1105,665,No,Airbus A321neo Airbus A350,Airbus A350,1.0,CX 469 CX 111,CX 111,經濟艙 經濟艙,0,經濟艙,2 小時,9 小時 5 分鐘,2,29794.0,25963.0,29049.0,70543507.43,28288.75,90.0,43.0,10.3,10.16,18.07,10.28,4.51,澳洲,-0.389354,-1.56618,1,32,10.3,9.67491,0.625090408325196,15913.285,29732.618852891435,46.4786965622355
2025-01-25,上午11:30,上午班機,星期六,TPE,晚上8:15,晚間抵達,LAX,長榮航空 阿拉斯加航空,長榮航空,0,1,1.0,12 小時 20 分鐘,740,24 小時 45 分鐘,1485,745,No,Boeing 777 Embraer 175,Boeing 777,1.0,BR 8 AS 2366,BR 8,經濟艙 經濟艙,1,經濟艙,11 小時,1 小時 25 分鐘,1,36848.0,28108.0,37664.0,24864959.22,40363.5,65.0,59.0,10.51,10.24,17.03,10.54,4.19,美國,0.5468126,1.7011215,0,43,10.51,9.8846035,0.6253964996337888,19625.863,36680.47954386836,46.49507442295494
2025-02-15,下午3:45,下午班機,星期六,TPE,"下午6:40 (星期日, 2月 16)",晚間抵達,CDG,中華航空 法國航空,法國航空,0,2,1.0,17 小時,1020,33 小時 55 分鐘,2035,1015,No,Airbus A330 Airbus A350,Airbus A350,1.0,CI 162 AF 267,AF 267,商務艙 經濟艙,0,經濟艙,2 小時 30 分鐘,14 小時 25 分鐘,2,65347.0,49320.0,68474.0,5765.31,66338.0,38.0,40.0,11.09,10.81,8.66,11.13,3.66,法國,-0.977473,0.5969613,0,78,11.09,10.463499,0.6265009307861327,35013.85,65512.74612369082,46.55413849330575
2025-01-26,清晨7:25,早晨班機,星期日,TPE,"清晨6:10 (星期一, 1月 27)",早晨抵達,ZRH,長榮航空 瑞士航空,瑞士航空,0,1,1.0,12 小時,720,29 小時 45 分鐘,1785,1065,No,Boeing 777 Boeing 777,Boeing 777,1.0,BR 225 LX 177,LX 177,商務艙 經濟艙,1,經濟艙,4 小時 40 分鐘,13 小時 5 分鐘,2,75759.0,46213.0,84438.0,262570465.67,84405.5,89.0,44.0,11.24,10.74,19.39,11.34,4.5,瑞士,2.7842724,-2.49911,0,21,11.24,10.612202,0.6277983093261721,40627.55,76114.95178166861,46.623429654415595
2025-01-25,上午9:50,上午班機,星期六,TPE,"清晨7:30 (星期日, 1月 26)",早晨抵達,ZRH,國泰航空 國泰航空,國泰航空,1,3,1.0,12 小時 50 分鐘,770,28 小時 40 分鐘,1720,950,No,Airbus A330 Airbus A350,Airbus A350,1.0,CX 469 CX 383,CX 383,經濟艙 經濟艙,1,經濟艙,2 小時,13 小時 50 分鐘,2,45468.0,38765.0,45919.5,2629678.02,45518.25,55.0,38.0,10.72,10.57,14.78,10.73,4.03,瑞士,2.7842724,-2.49911,0,14,10.72,10.088994,0.6310059738159186,24076.56,45251.90284196256,46.794368778347696
2025-02-04,下午5:15,下午班機,星期二,TSA,"上午10:00 (星期四, 2月 6)",上午抵達,SYD,中國東方航空 中國東方航空,中國東方航空,1,2,1.0,25 小時 30 分鐘,1530,37 小時 45 分鐘,2265,735,No,Airbus A330 Airbus A350,Airbus A350,1.0,MU 5098 MU 561,MU 561,經濟艙 經濟艙,0,經濟艙,1 小時 35 分鐘,10 小時 40 分鐘,2,52659.0,38691.0,57412.0,30745725.52,52751.0,84.0,91.0,10.87,10.56,17.24,10.96,4.44,澳洲,-0.389354,-1.56618,1,91,10.87,10.234079,0.6359206390380852,27835.832,52575.21027040535,47.055215018476446
2025-02-05,晚上11:10,晚間班機,星期三,TPE,"晚上9:50 (星期四, 2月 6)",晚間抵達,ZRH,中華航空 瑞士航空,中華航空,0,2,1.0,13 小時 10 分鐘,790,29 小時 40 分鐘,1780,990,No,Airbus A350 Airbus A320,Airbus A350,1.0,CI 61 LX 1077,CI 61,經濟艙 經濟艙,0,經濟艙,15 小時 25 分鐘,1 小時 5 分鐘,1,71825.0,25732.0,29085.0,4965675097.45,67700.0,91.0,88.0,11.18,10.16,22.33,10.28,4.52,瑞士,2.7842724,-2.49911,1,86,11.18,10.539058,0.6409422683715817,37761.97,71682.3620634507,47.32041793408756
2025-03-12,晚上11:20,晚間班機,星期三,TPE,"下午2:50 (星期四, 3月 13)",下午抵達,CDG,中華航空 奧地利航空,中華航空,0,2,1.0,5 小時 45 分鐘,345,22 小時 30 分鐘,1350,1005,No,Airbus A350 Airbus A320,Airbus A350,1.0,CI 63 OS 415,CI 63,經濟艙 經濟艙,0,經濟艙,14 小時 40 分鐘,2 小時 5 分鐘,1,80009.0,26793.0,80538.5,5673.45,80640.25,65.0,90.0,11.29,10.2,8.64,11.3,4.19,法國,-0.977473,0.5969613,1,74,11.29,10.647557,0.6424427413940421,42089.656,80017.44881012288,47.399402410496116
2025-01-30,晚上11:55,晚間班機,星期四,TPE,"上午10:58 (星期五, 1月 31)",上午抵達,LAX,中華航空 西捷航空,中華航空,0,2,1.0,13 小時 40 分鐘,820,27 小時 3 分鐘,1623,803,No,Boeing 777 Boeing 737,Boeing 777,1.0,CI 32 WS 1696,CI 32,經濟艙 經濟艙,1,經濟艙,10 小時 25 分鐘,2 小時 58 分鐘,1,56840.0,28417.0,36619.0,625540509.3,46103.75,64.0,35.0,10.95,10.25,20.25,10.51,4.17,美國,0.5468126,1.7011215,1,100,10.95,10.305451,0.6445486068725579,29895.146,56954.04536622178,47.510056059854236
2025-01-22,中午12:10,下午班機,星期三,TPE,"清晨7:10 (星期四, 1月 23)",早晨抵達,SYD,越捷航空 越捷航空,越捷航空,1,6,1.0,2 小時 50 分鐘,170,16 小時,960,790,No,Airbus A321 Airbus A330,Airbus A330,1.0,VJ 941 VJ 95,VJ 95,經濟艙 經濟艙,1,經濟艙,3 小時,10 小時 10 分鐘,2,31974.0,25083.0,35179.0,19510725.43,33071.75,81.0,89.0,10.37,10.13,16.79,10.47,4.41,澳洲,-0.389354,-1.56618,1,81,10.37,9.723268,0.6467324447631828,16701.73,31888.476969839372,47.624558913406986
2025-02-04,下午5:15,下午班機,星期二,TSA,"上午9:05 (星期三, 2月 5)",上午抵達,LAX,中國東方航空 中國東方航空,中國東方航空,1,2,1.0,18 小時 20 分鐘,1100,31 小時 50 分鐘,1910,810,No,Airbus A330 Boeing 777,Boeing 777,1.0,MU 5098 MU 583,MU 583,經濟艙 經濟艙,0,經濟艙,1 小時 35 分鐘,11 小時 55 分鐘,2,56326.0,35461.0,63674.0,122630933.6,45951.75,57.0,70.0,10.94,10.48,18.62,11.06,4.06,美國,0.5468126,1.7011215,1,69,10.94,10.289666,0.6503338241577143,29426.95,56387.34314617045,47.81284668357613
2025-03-20,晚上11:20,晚間班機,星期四,TPE,"下午2:50 (星期五, 3月 21)",下午抵達,CDG,中華航空 奧地利航空,中華航空,0,2,1.0,5 小時 45 分鐘,345,22 小時 30 分鐘,1350,1005,No,Airbus A350 Airbus A320,Airbus A350,1.0,CI 63 OS 415,CI 63,經濟艙 經濟艙,0,經濟艙,14 小時 40 分鐘,2 小時 5 分鐘,1,80021.0,28793.0,80539.0,5590.12,80536.25,73.0,86.0,11.29,10.27,8.63,11.3,4.3,法國,-0.977473,0.5969613,1,76,11.29,10.639188,0.6508121871948234,41738.86,80017.44881012288,47.83780288466322
2025-02-08,下午3:00,下午班機,星期六,TPE,"上午9:05 (星期日, 2月 9)",上午抵達,LAX,中國東方航空 中國東方航空,中國東方航空,1,2,1.0,20 小時 10 分鐘,1210,34 小時 5 分鐘,2045,835,No,Airbus A330 Boeing 777,Boeing 777,1.0,MU 5008 MU 583,MU 583,經濟艙 經濟艙,0,經濟艙,2 小時,11 小時 55 分鐘,2,51009.0,31068.0,52463.0,43923260.86,52459.25,90.0,74.0,10.84,10.34,17.6,10.87,4.51,美國,0.5468126,1.7011215,0,74,10.84,10.184475,0.6555250549316405,26488.738,51021.377982288555,48.08305982945964
2025-02-01,晚上11:05,晚間班機,星期六,TPE,"晚上8:25 (星期日, 2月 2)",晚間抵達,FRA,長榮航空 達羅米提航空,長榮航空,0,1,1.0,11 小時 50 分鐘,710,28 小時 20 分鐘,1700,990,No,Boeing 787 Embraer 190,Boeing 787,1.0,BR 95 EN 8803,BR 95,經濟艙 商務艙,1,經濟艙,15 小時 10 分鐘,1 小時 20 分鐘,1,162334.0,161749.0,162560.0,176485.16,229548.75,48.0,45.0,12.0,11.99,12.08,12.0,3.89,德國,-0.7021,0.1276154,0,64,12.0,11.3424835,0.6575164794921875,84329.2,162754.79141900392,48.18634684130511
2025-01-21,晚上7:40,晚間班機,星期二,TPE,"清晨5:45 (星期三, 1月 22)",凌晨抵達,LHR,國泰航空 英國航空,英國航空,0,3,1.0,1 小時,60,18 小時 5 分鐘,1085,1025,No,Boeing 777 Boeing 787,Boeing 787,1.0,CX 451 BA 32,BA 32,經濟艙 經濟艙,1,經濟艙,2 小時 5 分鐘,15 小時,2,63564.0,21040.0,94457.5,1047253868.98,66388.75,12.0,86.0,11.06,9.95,20.77,11.46,2.56,英國,-1.262158,1.0504261,1,72,11.06,10.402455,0.657544670104981,32940.406,63576.55186623314,48.18780622247721
2025-02-03,下午3:00,下午班機,星期一,TPE,"上午9:05 (星期二, 2月 4)",上午抵達,LAX,中國東方航空 中國東方航空,中國東方航空,1,2,1.0,20 小時 10 分鐘,1210,34 小時 5 分鐘,2045,835,No,Airbus A330 Boeing 777,Boeing 777,1.0,MU 5008 MU 583,MU 583,經濟艙 經濟艙,0,經濟艙,2 小時,11 小時 55 分鐘,2,51546.0,33898.0,52446.0,15063555.95,52449.5,68.0,69.0,10.85,10.43,16.53,10.87,4.23,美國,0.5468126,1.7011215,1,71,10.85,10.189038,0.6609617233276364,26609.89,51534.15135587504,48.36455064284978
2025-03-14,下午2:10,下午班機,星期五,TPE,"清晨6:30 (星期六, 3月 15)",早晨抵達,CDG,中華航空 越南航空,越南航空,0,2,1.0,6 小時 50 分鐘,410,23 小時 20 分鐘,1400,990,No,Boeing 737 Airbus A350,Airbus A350,1.0,CI 793 VN 19,VN 19,經濟艙 經濟艙,0,經濟艙,3 小時 25 分鐘,13 小時 5 分鐘,2,96864.0,34727.0,99673.0,13150.75,99673.0,89.0,91.0,11.48,10.46,9.48,11.51,4.5,法國,-0.977473,0.5969613,1,76,11.48,10.817432,0.6625675964355473,49882.844,96761.06777920094,48.44740256088569
2025-03-16,晚上11:55,晚間班機,星期日,TPE,"下午4:06 (星期一, 3月 17)",下午抵達,LAX,中華航空 加拿大航空,中華航空,0,2,1.0,17 小時 50 分鐘,1070,31 小時 11 分鐘,1871,801,No,Boeing 777 Boeing 737MAX 8 Passenger,Boeing 777,1.0,CI 32 AC 556,CI 32,經濟艙 商務艙,0,經濟艙,10 小時 25 分鐘,2 小時 56 分鐘,1,81719.0,31241.0,83649.0,99846603.49,70574.5,54.0,54.0,11.31,10.35,18.42,11.33,4.01,美國,0.5468126,1.7011215,0,100,11.31,10.645699,0.6643014526367192,42011.496,81633.90850160981,48.536708746560215
2025-03-17,下午2:10,下午班機,星期一,TPE,"清晨6:30 (星期二, 3月 18)",早晨抵達,CDG,中華航空 越南航空,越南航空,0,2,1.0,6 小時 50 分鐘,410,23 小時 20 分鐘,1400,990,No,Boeing 737 Airbus A350,Airbus A350,1.0,CI 793 VN 19,VN 19,經濟艙 經濟艙,0,經濟艙,3 小時 25 分鐘,13 小時 5 分鐘,2,98919.0,32227.0,99673.0,7109.06,99673.0,91.0,90.0,11.5,10.38,8.87,11.51,4.52,法國,-0.977473,0.5969613,1,69,11.5,10.835325,0.6646747589111328,50783.42,98715.7710107605,48.55591831474997
2025-01-30,晚上11:50,晚間班機,星期四,TPE,"中午12:10 (星期五, 1月 31)",下午抵達,SYD,中華航空,中華航空,0,2,0.0,Non-stop,0,9 小時 20 分鐘,560,560,No,Airbus A350,Airbus A350,1.0,CI 51,CI 51,經濟艙,1,經濟艙,9 小時 20 分鐘,未找到第二段飛行時間,0,95038.0,42788.0,114006.0,863325132.78,84688.5,36.0,78.0,11.46,10.66,20.58,11.64,3.61,澳洲,-0.389354,-1.56618,1,57,11.46,10.793867,0.6661328887939462,48721.082,94845.07026491783,48.63087570586006
2025-01-22,晚上9:15,晚間班機,星期三,TPE,晚上8:55,晚間抵達,LAX,國泰航空 國泰航空,國泰航空,1,3,1.0,1 小時,60,15 小時 40 分鐘,940,880,No,Boeing 777 Boeing 777,Boeing 777,1.0,CX 479 CX 880,CX 880,經濟艙 經濟艙,1,經濟艙,2 小時 10 分鐘,12 小時 30 分鐘,2,45411.0,22020.0,36029.0,384330553.7,45300.25,91.0,59.0,10.72,10.0,19.77,10.49,4.52,美國,0.5468126,1.7011215,1,85,10.72,10.053397,0.6666028213500983,23234.586,45251.90284196256,48.65500790398956
2025-02-04,清晨6:45,早晨班機,星期二,TPE,晚上7:05,晚間抵達,SYD,中華航空,中華航空,0,2,0.0,Non-stop,0,9 小時 20 分鐘,560,560,No,Airbus A330,Airbus A330,1.0,CI 2051,CI 2051,經濟艙,0,經濟艙,9 小時 20 分鐘,未找到第二段飛行時間,0,39225.0,13493.0,38357.0,318417364.03,49114.25,90.0,84.0,10.58,9.51,19.58,10.55,4.51,澳洲,-0.389354,-1.56618,1,40,10.58,9.913257,0.6667433547973634,20196.34,39340.11440312676,48.66222391527974
2025-02-04,凌晨1:30,凌晨班機,星期二,TPE,晚上8:35,晚間抵達,SYD,酷航 酷航,酷航,1,4,1.0,3 小時 40 分鐘,220,16 小時 5 分鐘,965,745,No,Boeing 787 Boeing 787,Boeing 787,1.0,TR 897 TR 20,TR 20,經濟艙 經濟艙,0,經濟艙,4 小時 45 分鐘,7 小時 40 分鐘,2,18436.0,8934.0,18302.0,12256492.35,16715.0,46.0,87.0,9.82,9.1,16.32,9.81,3.85,澳洲,-0.389354,-1.56618,1,5,9.82,9.149167,0.6708329391479495,9406.602,18398.05074107136,48.87174899729496
2025-02-14,晚上7:00,晚間班機,星期五,TPE,"清晨7:10 (星期日, 2月 16)",早晨抵達,SYD,越捷航空 越捷航空,越捷航空,1,6,1.0,20 小時 5 分鐘,1205,33 小時 10 分鐘,1990,785,No,Airbus A321 Airbus A330,Airbus A330,1.0,VJ 943 VJ 95,VJ 95,經濟艙 經濟艙,0,經濟艙,2 小時 55 分鐘,10 小時 10 分鐘,2,18472.0,9873.0,21660.0,57472016.15,20555.5,85.0,89.0,9.82,9.2,17.87,9.98,4.45,澳洲,-0.389354,-1.56618,1,57,9.82,9.143809,0.6761906814575198,9356.339,18398.05074107136,49.14494476145434
2025-01-25,晚上11:05,晚間班機,星期六,TPE,"晚上8:25 (星期日, 1月 26)",晚間抵達,FRA,長榮航空 達羅米提航空,長榮航空,0,1,1.0,11 小時 50 分鐘,710,28 小時 20 分鐘,1700,990,No,Boeing 787 Embraer 190,Boeing 787,1.0,BR 95 EN 8803,BR 95,經濟艙 商務艙,1,經濟艙,15 小時 10 分鐘,1 小時 20 分鐘,1,162403.0,161913.0,162713.0,156827.31,162526.5,50.0,40.0,12.0,11.99,11.96,12.0,3.93,德國,-0.7021,0.1276154,0,57,12.0,11.323441,0.6765594482421875,82738.52,162754.79141900392,49.16369421991769
2025-01-24,清晨7:00,早晨班機,星期五,TPE,"清晨7:15 (星期六, 1月 25)",早晨抵達,SYD,長榮航空 國泰航空,國泰航空,0,3,1.0,10 小時 10 分鐘,610,21 小時 15 分鐘,1275,665,No,Boeing 787-10 Boeing 777,Boeing 777,1.0,BR 891 CX 111,CX 111,經濟艙 經濟艙,1,經濟艙,2 小時,9 小時 5 分鐘,2,82796.0,82213.0,82275.0,3232201.01,83912.75,85.0,37.0,11.32,11.32,14.99,11.32,4.45,澳洲,-0.389354,-1.56618,1,27,11.32,10.643176,0.6768239212036136,41905.656,82454.34292178466,49.17713880789606
2025-02-07,下午5:15,下午班機,星期五,TSA,"下午5:30 (星期六, 2月 8)",下午抵達,LHR,中國東方航空 中國東方航空,中國東方航空,1,2,1.0,18 小時 40 分鐘,1120,32 小時 15 分鐘,1935,815,No,Airbus A330 Boeing 777,Boeing 777,1.0,MU 5098 MU 551,MU 551,經濟艙 經濟艙,0,經濟艙,1 小時 35 分鐘,12 小時,2,38576.0,16252.0,40266.0,42242813.08,39965.25,85.0,84.0,10.56,9.7,17.56,10.6,4.45,英國,-1.262158,1.0504261,1,107,10.56,9.882684,0.6773162460327153,19588.223,38561.12794568084,49.20215330878556
2025-02-03,晚上8:15,晚間班機,星期一,TPE,"清晨6:00 (星期二, 2月 4)",早晨抵達,LAX,國泰航空 聯合航空,聯合航空,0,1,1.0,11 小時 5 分鐘,665,25 小時 45 分鐘,1545,880,No,Airbus A330 Boeing 787,Boeing 787,1.0,CX 531 UA 153,UA 153,商務艙 經濟艙,0,經濟艙,2 小時 5 分鐘,12 小時 35 分鐘,2,47237.0,24094.0,24459.0,2230706156.0,24448.75,26.0,42.0,10.76,10.09,21.53,10.1,3.3,美國,0.5468126,1.7011215,1,97,10.76,10.081649,0.6783511734008787,23900.361,47098.668030621746,49.25469800422827
2025-01-25,下午4:35,下午班機,星期六,TPE,"清晨5:45 (星期日, 1月 26)",凌晨抵達,LHR,長榮航空 英國航空,英國航空,0,3,1.0,4 小時 15 分鐘,255,21 小時 10 分鐘,1270,1015,No,Boeing 787 Boeing 787,Boeing 787,1.0,BR 871 BA 32,BA 32,經濟艙 經濟艙,1,經濟艙,1 小時 55 分鐘,15 小時,2,94413.0,94385.0,94396.0,950.33,94431.0,49.0,43.0,11.46,11.46,6.86,11.46,3.91,英國,-1.262158,1.0504261,0,46,11.46,10.781084,0.6789159393310555,48102.242,94845.07026491783,49.283350148676625
2025-02-01,晚上7:25,晚間班機,星期六,TPE,"上午10:00 (星期日, 2月 2)",上午抵達,JFK,大韓航空 大韓航空,大韓航空,1,2,1.0,11 小時 5 分鐘,665,27 小時 35 分鐘,1655,990,No,Boeing 777 Boeing 747,Boeing 747,2.0,KE 188 KE 81,KE 81,經濟艙 經濟艙,1,經濟艙,2 小時 30 分鐘,14 小時,2,70388.0,21725.0,73556.0,421025131.06,80480.0,87.0,68.0,11.16,9.99,19.86,11.21,4.48,美國,0.5468126,0.5891658,0,52,11.16,10.474758,0.6852418518066408,35410.305,70262.95619408888,49.6031670092483
2025-03-15,晚上11:55,晚間班機,星期六,TPE,"下午4:06 (星期日, 3月 16)",下午抵達,LAX,中華航空 加拿大航空,中華航空,0,2,1.0,17 小時 50 分鐘,1070,31 小時 11 分鐘,1871,801,No,Boeing 777 Boeing 737MAX 8 Passenger,Boeing 777,1.0,CI 32 AC 556,CI 32,經濟艙 商務艙,0,經濟艙,10 小時 25 分鐘,2 小時 56 分鐘,1,82234.0,82097.0,82151.0,139680.69,82131.0,87.0,55.0,11.32,11.32,11.85,11.32,4.48,美國,0.5468126,1.7011215,0,105,11.32,10.6309185,0.6890814971923831,41395.13,82454.34292178466,49.796302487648234
2025-01-25,下午3:00,下午班機,星期六,TPE,"下午1:25 (星期日, 1月 26)",下午抵達,JFK,中國東方航空 中國東方航空,中國東方航空,1,2,1.0,18 小時 30 分鐘,1110,35 小時 25 分鐘,2125,1015,No,Airbus A330 Boeing 777,Boeing 777,1.0,MU 5008 MU 587,MU 587,經濟艙 經濟艙,1,經濟艙,2 小時,14 小時 55 分鐘,2,116030.0,47097.0,94013.0,2354103703.67,122500.0,72.0,65.0,11.66,10.76,21.58,11.45,4.29,美國,0.5468126,0.5891658,0,34,11.66,10.969759,0.6902410125732423,58090.59,115844.03041946566,49.85448138034669
2025-02-04,上午11:30,上午班機,星期二,TSA,"上午10:00 (星期三, 2月 5)",上午抵達,SYD,上海航空 中國東方航空,中國東方航空,0,2,1.0,6 小時 45 分鐘,405,19 小時 30 分鐘,1170,765,No,Boeing 737 Airbus A350,Airbus A350,1.0,FM 852 MU 561,MU 561,經濟艙 經濟艙,0,經濟艙,2 小時 5 分鐘,10 小時 40 分鐘,2,48217.0,36717.0,49986.0,13368543.7,49993.25,84.0,82.0,10.78,10.51,16.41,10.82,4.44,澳洲,-0.389354,-1.56618,1,32,10.78,10.089623,0.6903765487670892,24091.719,48050.12423831561,49.86127688138413
2025-02-14,晚上7:45,晚間班機,星期五,TSA,"上午10:25 (星期日, 2月 16)",上午抵達,SYD,廈門航空 廈門航空,廈門航空,1,2,1.0,24 小時 30 分鐘,1470,35 小時 40 分鐘,2140,670,No,Boeing 737 Boeing 787,Boeing 787,1.0,MF 882 MF 801,MF 801,經濟艙 經濟艙,0,經濟艙,1 小時 45 分鐘,9 小時 25 分鐘,2,24569.0,16889.0,23237.0,20178256.28,21643.0,51.0,90.0,10.11,9.73,16.82,10.05,3.95,澳洲,-0.389354,-1.56618,1,57,10.11,9.413192,0.6968082046508783,12248.904,24587.660736455156,50.18271795692206
2025-01-24,下午5:00,下午班機,星期五,TPE,"清晨5:30 (星期六, 1月 25)",凌晨抵達,LHR,國泰航空 國泰航空,國泰航空,1,3,1.0,3 小時 50 分鐘,230,20 小時 30 分鐘,1230,1000,No,Airbus A330 Boeing 777,Boeing 777,1.0,CX 421 CX 251,CX 251,經濟艙 經濟艙,1,經濟艙,2 小時 5 分鐘,14 小時 35 分鐘,2,83115.0,35371.0,125986.0,2002756659.15,82545.0,79.0,37.0,11.33,10.47,21.42,11.74,4.38,英國,-1.262158,1.0504261,1,31,11.33,10.622555,0.7074452209472657,41050.355,83283.02284496387,50.70981567855961
2025-02-07,上午11:30,上午班機,星期五,TSA,"清晨5:45 (星期六, 2月 8)",凌晨抵達,FRA,上海航空 中國東方航空,中國東方航空,0,2,1.0,11 小時 20 分鐘,680,25 小時 15 分鐘,1515,835,No,Boeing 737 Boeing 777,Boeing 777,1.0,FM 852 MU 219,MU 219,經濟艙 經濟艙,0,經濟艙,2 小時 5 分鐘,11 小時 50 分鐘,2,38440.0,25569.0,36086.0,70842030.83,102190.0,13.0,91.0,10.56,10.15,18.08,10.49,2.64,德國,-0.7021,0.1276154,1,25,10.56,9.852502,0.7074981307983403,19005.846,38561.12794568084,50.712422805946964
2025-01-25,下午6:10,晚間班機,星期六,TPE,"清晨5:45 (星期日, 1月 26)",凌晨抵達,LHR,長榮航空 英國航空,英國航空,0,3,1.0,2 小時 40 分鐘,160,19 小時 35 分鐘,1175,1015,No,Boeing 787-10 Boeing 787,Boeing 787,1.0,BR 857 BA 32,BA 32,經濟艙 經濟艙,1,經濟艙,1 小時 55 分鐘,15 小時,2,94811.0,94385.0,94397.0,2836791.91,94412.75,49.0,55.0,11.46,11.46,14.86,11.46,3.91,英國,-1.262158,1.0504261,0,87,11.46,10.749486,0.7105140304565438,46606.066,94845.07026491783,50.86084466375361
2025-02-23,晚上11:45,晚間班機,星期日,TPE,"清晨7:33 (星期一, 2月 24)",早晨抵達,LAX,中華航空 聯合航空,中華航空,0,2,1.0,11 小時 10 分鐘,670,23 小時 48 分鐘,1428,758,No,Boeing 777 Boeing 737MAX 9 Passenger,Boeing 777,1.0,CI 4 UA 502,CI 4,經濟艙 經濟艙,0,經濟艙,11 小時 5 分鐘,1 小時 33 分鐘,1,114215.0,113792.0,114268.0,119058.41,114429.5,76.0,59.0,11.65,11.64,11.69,11.65,4.34,美國,0.5468126,1.7011215,0,91,11.65,10.939033,0.7109674453735355,56332.816,114691.36305762557,50.88312240395459
2025-02-13,下午3:10,下午班機,星期四,TPE,"下午3:25 (星期五, 2月 14)",下午抵達,LHR,馬來西亞航空 馬來西亞航空,馬來西亞航空,1,3,1.0,13 小時 20 分鐘,800,32 小時 15 分鐘,1935,1135,No,Airbus A330 Airbus A350,Airbus A350,1.0,MH 367 MH 4,MH 4,經濟艙 經濟艙,0,經濟艙,4 小時 55 分鐘,14 小時,2,43165.0,19403.0,49991.0,363599025.82,41837.0,24.0,89.0,10.67,9.87,19.71,10.82,3.22,英國,-1.262158,1.0504261,1,120,10.67,9.959032,0.7109679412841796,21142.322,43044.94149792224,50.88314322219365
2025-01-20,清晨7:15,早晨班機,星期一,TSA,上午11:15,上午抵達,LAX,長榮航空 新加坡航空,新加坡航空,0,1,1.0,7 小時 10 分鐘,430,20 小時,1200,770,No,Boeing 787-10 Boeing 777,Boeing 777,1.0,BR 192 SQ 12,SQ 12,經濟艙 經濟艙,1,經濟艙,2 小時 50 分鐘,10 小時,2,90865.0,25958.0,123027.0,1677469249.0,67030.0,81.0,62.0,11.42,10.16,21.24,11.72,4.41,美國,0.5468126,1.7011215,1,33,11.42,10.708325,0.7116746139526366,44726.676,91126.141866193,50.91784326069092
2025-02-04,凌晨12:20,凌晨班機,星期二,TPE,"中午12:50 (星期三, 2月 5)",下午抵達,SYD,酷航 酷航,酷航,1,4,1.0,21 小時 5 分鐘,1265,33 小時 30 分鐘,2010,745,No,Airbus A321neo Boeing 787,Boeing 787,1.0,TR 875 TR 2,TR 2,經濟艙 經濟艙,0,經濟艙,4 小時 45 分鐘,7 小時 40 分鐘,2,19033.0,14002.0,18334.0,7527179.45,19743.25,7.0,91.0,9.85,9.55,15.83,9.82,2.08,澳洲,-0.389354,-1.56618,1,5,9.85,9.135184,0.7148157119750973,9275.987,18958.354802043836,51.07177072301924
2025-01-25,下午1:20,下午班機,星期六,TPE,"晚上8:50 (星期日, 1月 26)",晚間抵達,SYD,國泰航空 國泰航空,國泰航空,1,3,1.0,17 小時 20 分鐘,1040,28 小時 30 分鐘,1710,670,No,Airbus A330 Airbus A350,Airbus A350,1.0,CX 495 CX 139,CX 139,經濟艙 經濟艙,1,經濟艙,2 小時 5 分鐘,9 小時 5 分鐘,2,82875.0,82845.0,82874.0,485.47,82900.25,46.0,38.0,11.33,11.32,6.19,11.33,3.85,澳洲,-0.389354,-1.56618,0,64,11.33,10.61312,0.7168799209594727,40664.88,83283.02284496387,51.17266698886518
2025-02-04,下午5:15,下午班機,星期二,TSA,"下午1:55 (星期三, 2月 5)",下午抵達,LHR,中國東方航空 中國東方航空,中國東方航空,1,2,1.0,14 小時 5 分鐘,845,28 小時 40 分鐘,1720,875,No,Airbus A330 Boeing 777,Boeing 777,1.0,MU 5098 MU 533,MU 533,經濟艙 經濟艙,0,經濟艙,1 小時 35 分鐘,13 小時,2,41059.0,16185.0,43638.0,25898748.25,41946.0,72.0,84.0,10.62,9.69,17.07,10.68,4.29,英國,-1.262158,1.0504261,1,96,10.62,9.9014635,0.7185364913940422,19959.56,40945.61492873545,51.2534844534293
2025-02-21,清晨7:25,早晨班機,星期五,TPE,"清晨5:40 (星期六, 2月 22)",凌晨抵達,LHR,長榮航空 英國航空,英國航空,0,3,1.0,11 小時 10 分鐘,670,30 小時 15 分鐘,1815,1145,No,Boeing 777 Airbus A380,Airbus A380,2.0,BR 225 BA 12,BA 12,經濟艙 經濟艙,0,經濟艙,4 小時 40 分鐘,14 小時 25 分鐘,2,66618.0,26271.0,43661.0,1061378127.8,41992.5,85.0,36.0,11.11,10.18,20.78,10.68,4.45,英國,-1.262158,1.0504261,1,33,11.11,10.388546,0.7214540100097651,32485.398,66836.191384222,51.39549731259998
2025-01-22,下午4:30,下午班機,星期三,TSA,"下午6:30 (星期四, 1月 23)",晚間抵達,ZRH,長榮航空 瑞士航空,瑞士航空,0,1,1.0,15 小時 50 分鐘,950,33 小時,1980,1030,No,Boeing 787-10 Boeing 777,Boeing 777,1.0,BR 190 LX 161,LX 161,商務艙 經濟艙,1,經濟艙,2 小時 50 分鐘,14 小時 20 分鐘,2,104941.0,46661.0,95067.0,572853793.6,109362.0,85.0,51.0,11.56,10.75,20.17,11.46,4.45,瑞士,2.7842724,-2.49911,1,40,11.56,10.837804,0.7221961593627935,50909.45,104820.01337962851,51.43155626743688
2025-01-25,中午12:25,下午班機,星期六,TPE,"晚上8:50 (星期日, 1月 26)",晚間抵達,SYD,國泰航空 國泰航空,國泰航空,1,3,1.0,18 小時 15 分鐘,1095,29 小時 25 分鐘,1765,670,No,Airbus A330 Airbus A350,Airbus A350,1.0,CX 461 CX 139,CX 139,經濟艙 經濟艙,1,經濟艙,2 小時 5 分鐘,9 小時 5 分鐘,2,82867.0,82774.0,82867.0,566.53,82850.0,80.0,38.0,11.33,11.32,6.34,11.33,4.39,澳洲,-0.389354,-1.56618,0,64,11.33,10.606105,0.7238951492309571,40380.605,83283.02284496387,51.51400118614713
2025-02-27,下午4:50,下午班機,星期四,TSA,"下午2:05 (星期五, 2月 28)",下午抵達,LAX,全日空航空 全日空航空,全日空航空,1,1,1.0,24 小時 25 分鐘,1465,37 小時 15 分鐘,2235,770,No,Boeing 787 Boeing 787,Boeing 787,1.0,NH 854 NH 126,NH 126,商務艙 經濟艙,0,經濟艙,2 小時 50 分鐘,10 小時,2,57368.0,36556.0,36817.0,1875717179.0,64533.0,62.0,82.0,10.96,10.51,21.35,10.51,4.14,美國,0.5468126,1.7011215,1,78,10.96,10.233063,0.7269372558593759,27807.547,57526.44303827168,51.66127887222236
2025-02-07,下午5:15,下午班機,星期五,TSA,"清晨5:45 (星期六, 2月 8)",凌晨抵達,FRA,中國東方航空 中國東方航空,中國東方航空,1,2,1.0,6 小時 5 分鐘,365,19 小時 30 分鐘,1170,805,No,Airbus A330 Boeing 777,Boeing 777,1.0,MU 5098 MU 219,MU 219,經濟艙 經濟艙,0,經濟艙,1 小時 35 分鐘,11 小時 50 分鐘,2,43459.0,30817.0,49154.0,52424754.29,94658.0,14.0,91.0,10.68,10.34,17.77,10.8,2.71,德國,-0.7021,0.1276154,1,101,10.68,9.951084,0.7289158630371091,20974.95,43477.55035210459,51.7568284117123
2025-02-17,晚上7:45,晚間班機,星期一,TSA,"上午10:25 (星期三, 2月 19)",上午抵達,SYD,廈門航空 廈門航空,廈門航空,1,2,1.0,24 小時 30 分鐘,1470,35 小時 40 分鐘,2140,670,No,Boeing 737 Boeing 787,Boeing 787,1.0,MF 882 MF 801,MF 801,經濟艙 經濟艙,0,經濟艙,1 小時 45 分鐘,9 小時 25 分鐘,2,22003.0,12366.0,23231.0,16280772.01,25095.0,59.0,89.0,10.0,9.42,16.61,10.05,4.09,澳洲,-0.389354,-1.56618,1,69,10.0,9.270768,0.7292318344116211,10622.909,22026.465794806718,51.77206693689319
2025-02-01,晚上9:15,晚間班機,星期六,TPE,"晚上8:50 (星期日, 2月 2)",晚間抵達,SYD,國泰航空 國泰航空,國泰航空,1,3,1.0,9 小時 20 分鐘,560,20 小時 35 分鐘,1235,675,No,Boeing 777 Airbus A350,Airbus A350,1.0,CX 479 CX 139,CX 139,經濟艙 經濟艙,1,經濟艙,2 小時 10 分鐘,9 小時 5 分鐘,2,53989.0,32456.0,32569.0,632193331.31,57734.0,87.0,54.0,10.9,10.39,20.26,10.39,4.48,澳洲,-0.389354,-1.56618,0,62,10.9,10.167597,0.7324031829833988,26045.41,54176.36379669875,51.924772481985805
2025-02-12,晚上11:55,晚間班機,星期三,TPE,"下午4:06 (星期四, 2月 13)",下午抵達,LAX,中華航空 加拿大航空,中華航空,0,2,1.0,18 小時 50 分鐘,1130,32 小時 11 分鐘,1931,801,No,Boeing 777 Boeing 737MAX 8 Passenger,Boeing 777,1.0,CI 32 AC 556,CI 32,經濟艙 商務艙,0,經濟艙,10 小時 25 分鐘,2 小時 56 分鐘,1,73517.0,30218.0,82140.0,336224733.5,58304.5,20.0,54.0,11.21,10.32,19.63,11.32,3.04,美國,0.5468126,1.7011215,1,85,11.21,10.47742,0.7325801467895516,35504.684,73865.41499278042,51.93327811504178
2025-01-24,上午11:30,上午班機,星期五,TSA,"清晨5:45 (星期六, 1月 25)",凌晨抵達,FRA,上海航空 中國東方航空,中國東方航空,0,2,1.0,11 小時 20 分鐘,680,25 小時 15 分鐘,1515,835,No,Boeing 737 Boeing 777,Boeing 777,1.0,FM 852 MU 219,MU 219,經濟艙 經濟艙,1,經濟艙,2 小時 5 分鐘,11 小時 50 分鐘,2,53961.0,16128.0,54434.0,476059667.86,73941.0,83.0,87.0,10.9,9.69,19.98,10.9,4.43,德國,-0.7021,0.1276154,1,11,10.9,10.163426,0.7365736007690433,25937.016,54176.36379669875,52.12484964415335
2025-02-02,清晨7:15,早晨班機,星期日,TSA,上午11:15,上午抵達,LAX,長榮航空 新加坡航空,新加坡航空,0,1,1.0,7 小時 10 分鐘,430,20 小時,1200,770,No,Boeing 787-10 Boeing 777,Boeing 777,1.0,BR 192 SQ 12,SQ 12,經濟艙 經濟艙,1,經濟艙,2 小時 50 分鐘,10 小時,2,83340.0,31800.0,64553.0,1327646311.0,63511.25,38.0,53.0,11.33,10.37,21.01,11.08,3.66,美國,0.5468126,1.7011215,0,42,11.33,10.586471,0.743529396057129,39595.492,83283.02284496387,52.45670625907841
2025-02-05,下午3:00,下午班機,星期三,TPE,"下午1:55 (星期四, 2月 6)",下午抵達,LHR,中國東方航空 中國東方航空,中國東方航空,1,2,1.0,16 小時 5 分鐘,965,30 小時 55 分鐘,1855,890,No,Airbus A330 Boeing 777,Boeing 777,1.0,MU 5008 MU 533,MU 533,經濟艙 經濟艙,0,經濟艙,1 小時 50 分鐘,13 小時,2,37674.0,16181.0,36755.5,8398451.13,38504.25,77.0,84.0,10.54,9.69,15.94,10.51,4.36,英國,-1.262158,1.0504261,1,108,10.54,9.793107,0.7468929672241202,17909.867,37797.56645356835,52.616348437402685
2025-01-23,清晨7:15,早晨班機,星期四,TPE,"清晨7:35 (星期五, 1月 24)",早晨抵達,CDG,中華航空 國泰航空,國泰航空,0,3,1.0,15 小時,900,31 小時 20 分鐘,1880,980,No,Boeing 737 Airbus A350,Airbus A350,1.0,CI 601 CX 261,CX 261,經濟艙 經濟艙,1,經濟艙,2 小時,14 小時 20 分鐘,2,131244.0,126319.0,132910.5,2888.29,129716.25,91.0,42.0,11.78,11.75,7.97,11.8,4.52,法國,-0.977473,0.5969613,1,24,11.78,11.031559,0.7484410095214837,61793.84,130613.77957221285,52.689647259165454
2025-02-04,下午5:15,下午班機,星期二,TSA,"清晨5:45 (星期三, 2月 5)",凌晨抵達,FRA,中國東方航空 中國東方航空,中國東方航空,1,2,1.0,6 小時 5 分鐘,365,19 小時 30 分鐘,1170,805,No,Airbus A330 Boeing 777,Boeing 777,1.0,MU 5098 MU 219,MU 219,經濟艙 經濟艙,0,經濟艙,1 小時 35 分鐘,11 小時 50 分鐘,2,49939.0,36084.0,49178.5,83865956.7,67345.0,1.0,86.0,10.82,10.49,18.24,10.8,0.69,德國,-0.7021,0.1276154,1,91,10.82,10.070153,0.7498467636108401,23627.186,50011.087008521754,52.75610477562906
2025-02-13,下午3:10,下午班機,星期四,TPE,"上午10:20 (星期五, 2月 14)",上午抵達,SYD,馬來西亞航空 馬來西亞航空,馬來西亞航空,1,3,1.0,2 小時 55 分鐘,175,16 小時 10 分鐘,970,795,No,Airbus A330 Airbus A330,Airbus A330,1.0,MH 367 MH 123,MH 123,經濟艙 經濟艙,0,經濟艙,4 小時 55 分鐘,8 小時 20 分鐘,2,51212.0,28805.0,57080.0,73494407.1,47227.5,89.0,68.0,10.84,10.27,18.11,10.95,4.5,澳洲,-0.389354,-1.56618,1,96,10.84,10.088056,0.7519443893432616,24053.977,51021.377982288555,52.85510208906933
2025-03-09,清晨7:15,早晨班機,星期日,TPE,"清晨7:35 (星期一, 3月 10)",早晨抵達,CDG,中華航空 國泰航空,國泰航空,0,3,1.0,15 小時,900,31 小時 20 分鐘,1880,980,No,Boeing 737 Airbus A350,Airbus A350,1.0,CI 601 CX 261,CX 261,經濟艙 經濟艙,0,經濟艙,2 小時,14 小時 20 分鐘,2,126501.0,126391.0,126493.0,51.03,126513.25,80.0,80.0,11.75,11.75,3.95,11.75,4.39,法國,-0.977473,0.5969613,0,23,11.75,10.990937,0.7590627670288086,59333.97,126753.55900574342,53.18950472443028
2025-02-05,下午5:15,下午班機,星期三,TSA,"上午9:05 (星期四, 2月 6)",上午抵達,LAX,中國東方航空 中國東方航空,中國東方航空,1,2,1.0,18 小時 20 分鐘,1100,31 小時 50 分鐘,1910,810,No,Airbus A330 Boeing 777,Boeing 777,1.0,MU 5098 MU 583,MU 583,經濟艙 經濟艙,0,經濟艙,1 小時 35 分鐘,11 小時 55 分鐘,2,55587.0,35461.0,63674.0,147179823.5,63689.0,58.0,73.0,10.93,10.48,18.81,11.06,4.08,美國,0.5468126,1.7011215,1,59,10.93,10.165199,0.7648007202148435,25983.04,55826.27970742336,53.45733371689288
2025-02-19,清晨7:15,早晨班機,星期三,TPE,"清晨7:15 (星期四, 2月 20)",早晨抵達,SYD,中華航空 國泰航空,國泰航空,0,3,1.0,9 小時 55 分鐘,595,21 小時,1260,665,No,Boeing 737 Boeing 777,Boeing 777,1.0,CI 601 CX 111,CX 111,經濟艙 經濟艙,0,經濟艙,2 小時,9 小時 5 分鐘,2,82339.0,82250.0,82335.0,3148.0,82324.25,63.0,38.0,11.32,11.32,8.05,11.32,4.16,澳洲,-0.389354,-1.56618,1,34,11.32,10.553892,0.7661078643798831,38326.32,82454.34292178466,53.518130210732565
2025-01-20,晚上9:15,晚間班機,星期一,TPE,"清晨5:45 (星期二, 1月 21)",凌晨抵達,JFK,國泰航空 國泰航空,國泰航空,1,3,1.0,3 小時 55 分鐘,235,21 小時 30 分鐘,1290,1055,No,Boeing 777 Airbus A350,Airbus A350,1.0,CX 479 CX 844,CX 844,經濟艙 經濟艙,1,經濟艙,2 小時 10 分鐘,15 小時 25 分鐘,2,75941.0,31320.0,94233.5,607136687.6,67138.75,89.0,90.0,11.24,10.35,20.22,11.45,4.5,美國,0.5468126,0.5891658,1,52,11.24,10.466143,0.7738573455810549,35106.54,76114.95178166861,53.87694764203346
2025-02-03,上午11:00,上午班機,星期一,TPE,"上午10:25 (星期三, 2月 5)",上午抵達,SYD,廈門航空 廈門航空,廈門航空,1,2,1.0,33 小時 15 分鐘,1995,44 小時 25 分鐘,2665,670,No,Boeing 787 Boeing 787,Boeing 787,1.0,MF 888 MF 801,MF 801,經濟艙 經濟艙,0,經濟艙,1 小時 45 分鐘,9 小時 25 分鐘,2,34123.0,19926.0,34972.0,33337575.37,30895.25,79.0,89.0,10.44,9.9,17.32,10.46,4.38,澳洲,-0.389354,-1.56618,1,47,10.44,9.664978,0.7750219726562495,15756.023,34200.6524378894,53.93063490202721
2025-01-25,清晨7:15,早晨班機,星期六,TPE,"清晨7:30 (星期日, 1月 26)",早晨抵達,ZRH,中華航空 國泰航空,國泰航空,0,3,1.0,15 小時 25 分鐘,925,31 小時 15 分鐘,1875,950,No,Boeing 737 Airbus A350,Airbus A350,1.0,CI 601 CX 383,CX 383,商務艙 經濟艙,1,經濟艙,2 小時,13 小時 50 分鐘,2,94591.0,57881.0,78282.0,1667712005.87,67848.75,91.0,77.0,11.46,10.97,21.23,11.27,4.52,瑞士,2.7842724,-2.49911,0,26,11.46,10.683407,0.7765931701660165,43625.92,94845.07026491783,54.002963197617284
2025-01-21,晚上11:30,晚間班機,星期二,TPE,"清晨7:33 (星期三, 1月 22)",早晨抵達,LAX,長榮航空 聯合航空,長榮航空,0,1,1.0,11 小時 30 分鐘,690,24 小時 3 分鐘,1443,753,No,Boeing 777 Boeing 737MAX 8 Passenger,Boeing 777,1.0,BR 28 UA 502,BR 28,經濟艙 經濟艙,1,經濟艙,11 小時,1 小時 33 分鐘,1,105467.0,105300.0,105412.0,37132.85,105344.75,45.0,79.0,11.57,11.56,10.52,11.57,3.83,美國,0.5468126,1.7011215,1,99,11.57,10.792561,0.7774394226074222,48657.47,105873.47202785847,54.041869206672686
2025-03-02,中午12:25,下午班機,星期日,TPE,下午1:40,下午抵達,LAX,大韓航空 大韓航空,大韓航空,1,2,1.0,3 小時 50 分鐘,230,17 小時 15 分鐘,1035,805,No,Boeing 777 Boeing 747,Boeing 747,2.0,KE 186 KE 11,KE 11,經濟艙 經濟艙,1,經濟艙,2 小時 25 分鐘,11 小時,2,57513.0,37600.0,43458.0,449839302.4,59685.75,85.0,78.0,10.96,10.53,19.92,10.68,4.45,美國,0.5468126,1.7011215,0,82,10.96,10.180758,0.7792415237426766,26390.477,57526.44303827168,54.12461614401794
2025-02-09,晚上11:50,晚間班機,星期日,TPE,"中午12:10 (星期一, 2月 10)",下午抵達,SYD,中華航空,中華航空,0,2,0.0,Non-stop,0,9 小時 20 分鐘,560,560,No,Airbus A350,Airbus A350,1.0,CI 51,CI 51,經濟艙,0,經濟艙,9 小時 20 分鐘,未找到第二段飛行時間,0,37011.0,17427.0,34108.0,351377693.86,44060.0,89.0,90.0,10.52,9.77,19.68,10.44,4.5,澳洲,-0.389354,-1.56618,0,33,10.52,9.737,0.7829995346069332,16932.676,37049.12449201164,54.296691181188514
2025-01-24,下午6:35,晚間班機,星期五,TPE,"清晨6:10 (星期六, 1月 25)",早晨抵達,ZRH,國泰航空 瑞士航空,瑞士航空,0,1,1.0,2 小時 50 分鐘,170,18 小時 35 分鐘,1115,945,No,Airbus A321neo Boeing 777,Boeing 777,1.0,CX 473 LX 139,LX 139,經濟艙 經濟艙,1,經濟艙,2 小時 5 分鐘,13 小時 40 分鐘,2,77008.0,39099.0,49966.0,1508090678.05,55308.75,90.0,53.0,11.25,10.57,21.13,10.82,4.51,瑞士,2.7842724,-2.49911,1,72,11.25,10.46176,0.7882404327392578,34953.0,76879.91976467776,54.53559250973744
2025-01-24,晚上9:15,晚間班機,星期五,TPE,晚上8:55,晚間抵達,LAX,國泰航空 國泰航空,國泰航空,1,3,1.0,1 小時,60,15 小時 40 分鐘,940,880,No,Boeing 777 Boeing 777,Boeing 777,1.0,CX 479 CX 880,CX 880,經濟艙 經濟艙,1,經濟艙,2 小時 10 分鐘,12 小時 30 分鐘,2,48123.0,22027.0,40736.0,347197207.3,57962.5,91.0,56.0,10.78,10.0,19.67,10.61,4.52,美國,0.5468126,1.7011215,1,83,10.78,9.983088,0.7969124603271478,21657.076,48050.12423831561,54.92815780358493
2025-01-24,下午3:00,下午班機,星期五,TPE,"上午9:05 (星期六, 1月 25)",上午抵達,LAX,中國東方航空 中國東方航空,中國東方航空,1,2,1.0,20 小時 10 分鐘,1210,34 小時 5 分鐘,2045,835,No,Airbus A330 Boeing 777,Boeing 777,1.0,MU 5008 MU 583,MU 583,經濟艙 經濟艙,1,經濟艙,2 小時,11 小時 55 分鐘,2,108062.0,31072.0,135746.0,1428891730.0,117735.25,78.0,44.0,11.59,10.34,21.08,11.82,4.37,美國,0.5468126,1.7011215,1,33,11.59,10.777333,0.8126667404174803,47922.156,108012.25803610642,55.63266880877489
2025-01-20,晚上7:30,晚間班機,星期一,TPE,"清晨5:45 (星期二, 1月 21)",凌晨抵達,JFK,國泰航空 國泰航空,國泰航空,1,3,1.0,5 小時 45 分鐘,345,23 小時 15 分鐘,1395,1050,No,Boeing 777 Airbus A350,Airbus A350,1.0,CX 565 CX 844,CX 844,經濟艙 經濟艙,1,經濟艙,2 小時 5 分鐘,15 小時 25 分鐘,2,75941.0,31320.0,94233.5,607136687.6,71508.75,89.0,90.0,11.24,10.35,20.22,11.45,4.5,美國,0.5468126,0.5891658,1,52,11.24,10.422616,0.8173839950561526,33611.246,76114.95178166861,55.84146700879226
2025-02-07,下午5:15,下午班機,星期五,TSA,"上午9:05 (星期六, 2月 8)",上午抵達,LAX,中國東方航空 中國東方航空,中國東方航空,1,2,1.0,18 小時 20 分鐘,1100,31 小時 50 分鐘,1910,810,No,Airbus A330 Boeing 777,Boeing 777,1.0,MU 5098 MU 583,MU 583,經濟艙 經濟艙,0,經濟艙,1 小時 35 分鐘,11 小時 55 分鐘,2,49835.0,31155.0,52480.0,189337542.4,47226.5,14.0,73.0,10.82,10.35,19.06,10.87,2.71,美國,0.5468126,1.7011215,1,77,10.82,10.001322,0.8186782073974612,22055.6,50011.087008521754,55.898579837673225
2025-02-04,下午3:00,下午班機,星期二,TPE,"下午1:55 (星期三, 2月 5)",下午抵達,LHR,中國東方航空 中國東方航空,中國東方航空,1,2,1.0,15 小時 45 分鐘,945,30 小時 55 分鐘,1855,910,No,Airbus A330 Boeing 777,Boeing 777,1.0,MU 5008 MU 533,MU 533,經濟艙 經濟艙,0,經濟艙,2 小時 10 分鐘,13 小時,2,46947.0,16185.0,50591.0,42297692.5,48011.75,72.0,83.0,10.76,9.69,17.56,10.83,4.29,英國,-1.262158,1.0504261,1,96,10.76,9.935831,0.8241689300537107,20657.445,47098.668030621746,56.14006472737335
2025-03-15,下午3:10,下午班機,星期六,TSA,"下午4:40 (星期日, 3月 16)",下午抵達,FRA,中國國際航空 中國國際航空,中國國際航空,1,1,1.0,18 小時 15 分鐘,1095,32 小時 30 分鐘,1950,855,No,Airbus A330 Airbus A350,Airbus A350,1.0,CA 198 CA 935,CA 935,經濟艙 經濟艙,0,經濟艙,1 小時 35 分鐘,12 小時 40 分鐘,2,148977.0,148199.0,148890.0,528108.76,148866.25,59.0,70.0,11.91,11.91,13.18,11.91,4.09,德國,-0.7021,0.1276154,0,102,11.91,11.083273,0.8267270660400392,65073.516,148746.67943014178,56.25212214867526
2025-01-30,晚上7:25,晚間班機,星期四,TPE,"上午10:00 (星期五, 1月 31)",上午抵達,JFK,大韓航空 大韓航空,大韓航空,1,2,1.0,11 小時 5 分鐘,665,27 小時 35 分鐘,1655,990,No,Boeing 787-10 Boeing 747,Boeing 747,2.0,KE 188 KE 81,KE 81,經濟艙 經濟艙,1,經濟艙,2 小時 30 分鐘,14 小時,2,81579.0,65304.0,89327.0,80471140.55,81428.75,79.0,49.0,11.31,11.09,18.2,11.4,4.38,美國,0.5468126,0.5891658,1,54,11.31,10.478967,0.8310332870483403,35559.645,81633.90850160981,56.440105363142365
2025-01-30,清晨7:15,早晨班機,星期四,TSA,上午11:15,上午抵達,LAX,長榮航空 新加坡航空,新加坡航空,0,1,1.0,7 小時 10 分鐘,430,20 小時,1200,770,No,Boeing 787-10 Boeing 777,Boeing 777,1.0,BR 192 SQ 12,SQ 12,經濟艙 經濟艙,1,經濟艙,2 小時 50 分鐘,10 小時,2,102776.0,31766.0,123030.0,1436610474.0,100945.5,84.0,45.0,11.54,10.37,21.09,11.72,4.44,美國,0.5468126,1.7011215,1,32,11.54,10.708325,0.8316746139526359,44726.676,102744.43805070806,56.46803210975199
2025-01-23,晚上10:10,晚間班機,星期四,TPE,"上午10:10 (星期五, 1月 24)",上午抵達,ZRH,土耳其航空 土耳其航空,土耳其航空,1,1,1.0,3 小時 5 分鐘,185,19 小時,1140,955,No,Boeing 777 Airbus A321 (Sharklets),Boeing 777,1.0,TK 25 TK 1907,TK 25,經濟艙 經濟艙,1,經濟艙,12 小時 45 分鐘,3 小時 10 分鐘,1,85101.0,37492.0,48537.5,2844091559.41,150061.5,47.0,58.0,11.35,10.53,21.77,10.79,3.87,瑞士,2.7842724,-2.49911,1,74,11.35,10.514742,0.8352581024169918,36854.83,84965.45150791103,56.623748275416986
2025-02-01,中午12:10,下午班機,星期六,TPE,"清晨7:10 (星期日, 2月 2)",早晨抵達,SYD,越捷航空 越捷航空,越捷航空,1,6,1.0,2 小時 50 分鐘,170,16 小時,960,790,No,Airbus A321 Airbus A330,Airbus A330,1.0,VJ 941 VJ 95,VJ 95,經濟艙 經濟艙,1,經濟艙,3 小時,10 小時 10 分鐘,2,26485.0,18530.0,25541.0,9249545.79,25529.0,52.0,86.0,10.18,9.83,16.04,10.15,3.97,澳洲,-0.389354,-1.56618,0,83,10.18,9.340515,0.8394848632812497,11390.274,26370.467297751235,56.8067024165559
2025-02-04,下午3:00,下午班機,星期二,TPE,"下午5:30 (星期三, 2月 5)",下午抵達,LHR,中國東方航空 中國東方航空,中國東方航空,1,2,1.0,20 小時 20 分鐘,1220,34 小時 30 分鐘,2070,850,No,Airbus A330 Boeing 777,Boeing 777,1.0,MU 5008 MU 551,MU 551,經濟艙 經濟艙,0,經濟艙,2 小時 10 分鐘,12 小時,2,47087.0,20305.0,50591.0,35050633.64,50594.75,72.0,81.0,10.76,9.92,17.37,10.83,4.29,英國,-1.262158,1.0504261,1,96,10.76,9.918357,0.8416431045532224,20299.61,47098.668030621746,56.8998228106961
2025-01-24,清晨6:25,早晨班機,星期五,TPE,"上午8:05 (星期六, 1月 25)",早晨抵達,SYD,越捷航空 越捷航空,越捷航空,1,6,1.0,10 小時 40 分鐘,640,22 小時 40 分鐘,1360,720,No,Airbus A321 Airbus A330,Airbus A330,1.0,VJ 841 VJ 85,VJ 85,經濟艙 經濟艙,1,經濟艙,3 小時 25 分鐘,8 小時 35 分鐘,2,31137.0,15891.0,30640.0,25533310.32,30213.25,76.0,75.0,10.35,9.67,17.06,10.33,4.34,澳洲,-0.389354,-1.56618,1,27,10.35,9.49832,0.8516803741455075,13337.296,31257.04281960959,57.33026961184523
2025-02-05,下午5:15,下午班機,星期三,TSA,"下午1:55 (星期四, 2月 6)",下午抵達,LHR,中國東方航空 中國東方航空,中國東方航空,1,2,1.0,14 小時 5 分鐘,845,28 小時 40 分鐘,1720,875,No,Airbus A330 Boeing 777,Boeing 777,1.0,MU 5098 MU 533,MU 533,經濟艙 經濟艙,0,經濟艙,1 小時 35 分鐘,13 小時,2,41229.0,16181.0,43638.5,21200794.36,41929.5,77.0,84.0,10.63,9.69,16.87,10.68,4.36,英國,-1.262158,1.0504261,1,108,10.63,9.776641,0.8533591079711922,17617.375,41357.12520013331,57.40183846254572
2025-02-04,上午11:00,上午班機,星期二,TPE,"上午10:25 (星期四, 2月 6)",上午抵達,SYD,廈門航空 廈門航空,廈門航空,1,2,1.0,33 小時 15 分鐘,1995,44 小時 25 分鐘,2665,670,No,Boeing 737 Boeing 787,Boeing 787,1.0,MF 888 MF 801,MF 801,經濟艙 經濟艙,0,經濟艙,1 小時 45 分鐘,9 小時 25 分鐘,2,35583.0,19939.0,37653.0,40829377.9,32840.25,85.0,87.0,10.48,9.9,17.52,10.54,4.45,澳洲,-0.389354,-1.56618,1,32,10.48,9.624667,0.8553328323364262,15133.516,35596.40754176449,57.48583447011001
2025-03-18,清晨7:35,早晨班機,星期二,TPE,"清晨6:50 (星期三, 3月 19)",早晨抵達,CDG,長榮航空 THAI,THAI,0,1,1.0,13 小時 20 分鐘,800,30 小時 15 分鐘,1815,1015,No,Boeing 777 Boeing 777,Boeing 777,1.0,BR 75 TG 930,TG 930,經濟艙 經濟艙,0,經濟艙,4 小時 10 分鐘,12 小時 45 分鐘,2,108507.0,107860.0,108331.0,774.77,108614.75,68.0,67.0,11.59,11.59,6.65,11.59,4.23,法國,-0.977473,0.5969613,1,23,11.59,10.7091255,0.8808744812011717,44762.477,108012.25803610642,58.55796612682907
2025-03-04,晚上11:20,晚間班機,星期二,TPE,"晚上8:30 (星期三, 3月 5)",晚間抵達,FRA,長榮航空 達羅米提航空,長榮航空,0,1,1.0,11 小時 55 分鐘,715,28 小時 10 分鐘,1690,975,No,Boeing 787 Embraer 190,Boeing 787,1.0,BR 95 EN 8803,BR 95,經濟艙 經濟艙,0,經濟艙,14 小時 55 分鐘,1 小時 20 分鐘,1,154588.0,154398.0,154612.0,7947.49,207095.25,24.0,39.0,11.95,11.95,8.98,11.95,3.22,德國,-0.7021,0.1276154,1,82,11.95,11.051917,0.8980829238891594,63064.74,154817.14657623274,59.265017037246196
2025-01-23,晚上9:15,晚間班機,星期四,TPE,"清晨7:30 (星期五, 1月 24)",早晨抵達,ZRH,國泰航空 國泰航空,國泰航空,1,3,1.0,1 小時 15 分鐘,75,17 小時 15 分鐘,1035,960,No,Boeing 777 Airbus A350,Airbus A350,1.0,CX 479 CX 383,CX 383,經濟艙 經濟艙,1,經濟艙,2 小時 10 分鐘,13 小時 50 分鐘,2,65391.0,27526.0,42999.0,1664575333.67,110111.75,1.0,71.0,11.09,10.22,21.23,10.67,0.69,瑞士,2.7842724,-2.49911,1,74,11.09,10.19173,0.8982704544067381,26681.602,65512.74612369082,59.27265587047135
2025-01-29,晚上7:25,晚間班機,星期三,TPE,"上午10:00 (星期四, 1月 30)",上午抵達,JFK,大韓航空 大韓航空,大韓航空,1,2,1.0,11 小時 5 分鐘,665,27 小時 35 分鐘,1655,990,No,Boeing 787 Boeing 747,Boeing 747,2.0,KE 188 KE 81,KE 81,經濟艙 經濟艙,1,經濟艙,2 小時 30 分鐘,14 小時,2,89372.0,89323.0,89374.0,662.83,89378.0,84.0,49.0,11.4,11.4,6.5,11.4,4.44,美國,0.5468126,0.5891658,1,55,11.4,10.498958,0.9010423660278324,36277.668,89321.72336080558,59.38539181313125
2025-01-25,晚上9:15,晚間班機,星期六,TPE,"晚上8:50 (星期日, 1月 26)",晚間抵達,SYD,國泰航空 國泰航空,國泰航空,1,3,1.0,9 小時 20 分鐘,560,20 小時 35 分鐘,1235,675,No,Boeing 777 Airbus A350,Airbus A350,1.0,CX 479 CX 139,CX 139,經濟艙 經濟艙,1,經濟艙,2 小時 10 分鐘,9 小時 5 分鐘,2,79796.0,37596.0,82867.0,131736988.04,71554.5,88.0,59.0,11.29,10.53,18.7,11.33,4.49,澳洲,-0.389354,-1.56618,0,34,11.29,10.388426,0.901574172973632,32481.496,80017.44881012288,59.40698363074928
2025-03-11,清晨7:15,早晨班機,星期二,TPE,"清晨7:15 (星期三, 3月 12)",早晨抵達,SYD,中華航空 國泰航空,國泰航空,0,3,1.0,9 小時 55 分鐘,595,21 小時,1260,665,No,Boeing 737 Airbus A350,Airbus A350,1.0,CI 601 CX 111,CX 111,經濟艙 經濟艙,0,經濟艙,2 小時,9 小時 5 分鐘,2,82359.0,82256.0,82342.0,2871.47,82342.75,77.0,69.0,11.32,11.32,7.96,11.32,4.36,澳洲,-0.389354,-1.56618,1,30,11.32,10.418126,0.9018738937377933,33460.67,82454.34292178466,59.41915163069039
2025-03-11,晚上11:30,晚間班機,星期二,TPE,"清晨7:33 (星期三, 3月 12)",早晨抵達,LAX,長榮航空 聯合航空,長榮航空,0,1,1.0,10 小時 20 分鐘,620,23 小時 3 分鐘,1383,763,No,Boeing 777 Boeing 737MAX 8 Passenger,Boeing 777,1.0,BR 28 UA 502,BR 28,經濟艙 經濟艙,0,經濟艙,11 小時 10 分鐘,1 小時 33 分鐘,1,106016.0,105301.0,106179.0,198375.31,106062.75,91.0,37.0,11.57,11.56,12.2,11.57,4.52,美國,0.5468126,1.7011215,1,100,11.57,10.663859,0.9061406326293948,42781.43,105873.47202785847,59.59192716732391
2025-01-30,晚上11:55,晚間班機,星期四,TPE,"下午1:18 (星期五, 1月 31)",下午抵達,LAX,中華航空 加拿大航空,中華航空,0,2,1.0,16 小時 10 分鐘,970,29 小時 23 分鐘,1763,793,No,Boeing 777 Canadair RJ 900,Boeing 777,1.0,CI 32 AC 8574,CI 32,經濟艙 商務艙,1,經濟艙,10 小時 25 分鐘,2 小時 48 分鐘,1,80476.0,36641.0,82147.0,76890982.61,82510.0,84.0,53.0,11.3,10.51,18.16,11.32,4.44,美國,0.5468126,1.7011215,1,100,11.3,10.387188,0.9128120422363288,32441.312,80821.6375403136,59.86060974844965
2025-01-25,下午6:25,晚間班機,星期六,TSA,"晚上7:00 (星期日, 1月 26)",晚間抵達,FRA,中華航空 漢莎航空,漢莎航空,0,1,1.0,14 小時 20 分鐘,860,31 小時 35 分鐘,1895,1035,No,Airbus A330 Boeing 747,Boeing 747,2.0,CI 222 LH 717,LH 717,經濟艙 經濟艙,1,經濟艙,2 小時 50 分鐘,14 小時 25 分鐘,2,108174.0,90798.0,109110.5,194595022.82,116137.5,87.0,44.0,11.59,11.42,19.09,11.6,4.48,德國,-0.7021,0.1276154,0,57,11.59,10.676137,0.9138630294799803,43309.918,108012.25803610642,59.90277515143482
2025-03-11,晚上11:20,晚間班機,星期二,TPE,"晚上8:30 (星期三, 3月 12)",晚間抵達,FRA,長榮航空 達羅米提航空,長榮航空,0,1,1.0,11 小時 55 分鐘,715,28 小時 10 分鐘,1690,975,No,Boeing 787 Embraer 190,Boeing 787,1.0,BR 95 EN 8803,BR 95,經濟艙 商務艙,0,經濟艙,14 小時 55 分鐘,1 小時 20 分鐘,1,161498.0,160728.0,161409.5,124305.92,235806.0,37.0,44.0,11.99,11.99,11.73,11.99,3.64,德國,-0.7021,0.1276154,1,85,11.99,11.058118,0.9318821334838869,63457.004,161135.35418626538,60.618819981059836
2025-01-26,下午6:10,晚間班機,星期日,TPE,"清晨5:45 (星期一, 1月 27)",凌晨抵達,LHR,長榮航空 英國航空,英國航空,0,3,1.0,2 小時 40 分鐘,160,19 小時 35 分鐘,1175,1015,No,Boeing 787-10 Boeing 787,Boeing 787,1.0,BR 857 BA 32,BA 32,經濟艙 經濟艙,1,經濟艙,1 小時 55 分鐘,15 小時,2,84126.0,22376.0,94402.0,598884629.26,78225.75,4.0,42.0,11.34,10.02,20.21,11.46,1.61,英國,-1.262158,1.0504261,0,102,11.34,10.4059925,0.9340074920654295,33057.13,84120.03113983033,60.70242906674621
2025-01-20,下午6:35,晚間班機,星期一,TPE,"清晨5:45 (星期二, 1月 21)",凌晨抵達,JFK,國泰航空 國泰航空,國泰航空,1,3,1.0,6 小時 40 分鐘,400,24 小時 10 分鐘,1450,1050,No,Airbus A321neo Airbus A350,Airbus A350,1.0,CX 473 CX 844,CX 844,經濟艙 經濟艙,1,經濟艙,2 小時 5 分鐘,15 小時 25 分鐘,2,86678.0,37330.0,94244.0,372332287.85,94311.5,89.0,66.0,11.37,10.53,19.74,11.45,4.5,美國,0.5468126,0.5891658,1,52,11.37,10.405026,0.9649735641479484,33025.207,86681.86748434913,61.90067428206611
2025-02-22,晚上9:15,晚間班機,星期六,TPE,"清晨7:00 (星期日, 2月 23)",早晨抵達,LHR,國泰航空 國泰航空,國泰航空,1,3,1.0,50 分鐘,0,17 小時 45 分鐘,1065,1065,No,Boeing 777 Airbus A350,Airbus A350,1.0,CX 479 CX 237,CX 237,經濟艙 經濟艙,0,經濟艙,2 小時 10 分鐘,14 小時 45 分鐘,2,59212.0,20676.0,34031.0,1806628899.66,32229.5,90.0,53.0,10.99,9.94,21.31,10.44,4.51,英國,-1.262158,1.0504261,0,79,10.99,10.008593,0.9814073944091799,22216.547,59278.38405100574,62.521672561310204
2025-01-21,下午3:10,下午班機,星期二,TSA,"下午4:40 (星期三, 1月 22)",下午抵達,FRA,中國國際航空 中國國際航空,中國國際航空,1,1,1.0,18 小時 25 分鐘,1105,32 小時 30 分鐘,1950,845,No,Airbus A330 Airbus A350,Airbus A350,1.0,CA 198 CA 935,CA 935,經濟艙 經濟艙,1,經濟艙,1 小時 35 分鐘,12 小時 30 分鐘,2,151311.0,141243.0,142357.5,93924069.53,282577.5,84.0,56.0,11.93,11.86,18.36,11.87,4.44,德國,-0.7021,0.1276154,1,83,11.93,10.930211,0.9997889328002927,55838.062,151751.56167916086,63.2042913548033
2025-01-24,晚上10:10,晚間班機,星期五,TPE,"下午5:10 (星期六, 1月 25)",下午抵達,ZRH,土耳其航空 土耳其航空,土耳其航空,1,1,1.0,10 小時 5 分鐘,605,26 小時,1560,955,No,Boeing 787 Airbus A321neo,Boeing 787,1.0,TK 25 TK 1909,TK 25,經濟艙 經濟艙,1,經濟艙,12 小時 45 分鐘,3 小時 10 分鐘,1,106281.0,37506.0,150014.0,2772204860.56,124751.25,52.0,53.0,11.57,10.53,21.74,11.92,3.97,瑞士,2.7842724,-2.49911,1,72,11.57,10.561559,1.0084412765502933,38621.28,105873.47202785847,63.52128582329142
2025-01-26,清晨7:15,早晨班機,星期日,TPE,"清晨7:05 (星期一, 1月 27)",早晨抵達,FRA,中華航空 國泰航空,國泰航空,0,3,1.0,15 小時,900,30 小時 50 分鐘,1850,950,No,Boeing 737 Boeing 777,Boeing 777,1.0,CI 601 CX 289,CX 289,商務艙 經濟艙,1,經濟艙,2 小時,13 小時 50 分鐘,2,111222.0,111172.0,111225.0,504.88,156915.0,36.0,59.0,11.62,11.62,6.23,11.62,3.61,德國,-0.7021,0.1276154,0,26,11.62,10.60662,1.0133801651000969,40401.406,111301.72101586298,63.701004906975434
2025-01-26,清晨7:15,早晨班機,星期日,TSA,上午11:15,上午抵達,LAX,長榮航空 新加坡航空,新加坡航空,0,1,1.0,7 小時 10 分鐘,430,20 小時,1200,770,No,Boeing 787-10 Boeing 777,Boeing 777,1.0,BR 192 SQ 12,SQ 12,經濟艙 經濟艙,1,經濟艙,2 小時 50 分鐘,10 小時,2,126710.0,25946.0,123049.0,1308110902.0,134179.75,86.0,66.0,11.75,10.16,20.99,11.72,4.47,美國,0.5468126,1.7011215,0,32,11.75,10.694764,1.0552358627319336,44124.223,126753.55900574342,65.18896747171364
2025-02-20,下午2:35,下午班機,星期四,TPE,"上午9:25 (星期五, 2月 21)",上午抵達,SYD,中國南方航空 中國南方航空,中國南方航空,1,5,1.0,4 小時 15 分鐘,255,15 小時 50 分鐘,950,695,No,Airbus A330 Airbus A330,Airbus A330,1.0,CZ 3098 CZ 325,CZ 325,經濟艙 經濟艙,0,經濟艙,2 小時 15 分鐘,9 小時 20 分鐘,2,68796.0,30654.0,56421.0,795759919.65,54569.75,76.0,80.0,11.14,10.33,20.49,10.94,4.34,澳洲,-0.389354,-1.56618,1,99,11.14,10.053393,1.0866066360473638,23234.496,68871.65644405661,66.264066680866
2025-01-20,下午4:50,下午班機,星期一,TSA,"晚上7:00 (星期二, 1月 21)",晚間抵達,FRA,全日空航空 漢莎航空,漢莎航空,0,1,1.0,15 小時 55 分鐘,955,33 小時 10 分鐘,1990,1035,No,Boeing 787 Boeing 747,Boeing 747,2.0,NH 854 LH 717,LH 717,商務艙 經濟艙,1,經濟艙,2 小時 50 分鐘,14 小時 25 分鐘,2,119731.0,109682.0,123065.5,34430498.05,116396.5,30.0,40.0,11.69,11.61,17.35,11.72,3.43,德國,-0.7021,0.1276154,1,96,11.69,10.603266,1.086734237670898,40266.12,119372.00637718744,66.26837202809632
2025-02-21,晚上11:20,晚間班機,星期五,TPE,"下午2:05 (星期六, 2月 22)",下午抵達,LHR,中華航空 奧地利航空,中華航空,0,2,1.0,5 小時 35 分鐘,335,22 小時 45 分鐘,1365,1030,No,Airbus A350 Airbus A320neo,Airbus A350,1.0,CI 2063 OS 461,CI 2063,經濟艙 經濟艙,0,經濟艙,14 小時 40 分鐘,2 小時 30 分鐘,1,115505.0,24225.0,132885.5,1618798133.84,132886.75,77.0,50.0,11.66,10.1,21.2,11.8,4.36,英國,-1.262158,1.0504261,1,106,11.66,10.544057,1.1159431076049806,37951.22,115844.03041946566,67.23938332205772
2025-02-05,下午2:40,下午班機,星期三,TSA,"下午4:40 (星期四, 2月 6)",下午抵達,FRA,長榮航空 中國國際航空,中國國際航空,0,1,1.0,18 小時 50 分鐘,1130,33 小時,1980,850,No,Boeing 787-10 Airbus A350,Airbus A350,1.0,BR 772 CA 935,CA 935,商務艙 經濟艙,0,經濟艙,1 小時 50 分鐘,12 小時 20 分鐘,2,123875.0,123802.0,123872.0,1730.14,123853.0,15.0,74.0,11.73,11.73,7.46,11.73,2.77,德國,-0.7021,0.1276154,1,83,11.73,10.597645,1.1323551940917973,40040.42,124243.67037433927,67.77266660397231
2025-02-21,晚上11:20,晚間班機,星期五,TPE,"上午10:25 (星期六, 2月 22)",上午抵達,FRA,中華航空 奧地利航空,中華航空,0,2,1.0,2 小時,120,18 小時 5 分鐘,1085,965,No,Airbus A350 Boeing 777,Airbus A350,1.0,CI 2063 OS 205,CI 2063,經濟艙 經濟艙,0,經濟艙,14 小時 40 分鐘,1 小時 25 分鐘,1,123464.0,20725.0,132892.0,983676036.76,114808.5,77.0,83.0,11.72,9.94,20.71,11.8,4.36,德國,-0.7021,0.1276154,1,104,11.72,10.565311,1.154688568115235,38766.49,123007.42519850106,68.48443236764669
2025-02-21,下午6:10,晚間班機,星期五,TPE,"清晨5:45 (星期六, 2月 22)",凌晨抵達,LHR,長榮航空 英國航空,英國航空,0,3,1.0,2 小時 40 分鐘,160,19 小時 35 分鐘,1175,1015,No,Boeing 787-10 Boeing 787,Boeing 787,1.0,BR 857 BA 32,BA 32,經濟艙 經濟艙,0,經濟艙,1 小時 55 分鐘,15 小時,2,92357.0,36089.0,94463.0,292185988.17,84069.75,5.0,37.0,11.43,10.49,19.49,11.46,1.79,英國,-1.262158,1.0504261,1,106,11.43,10.25464,1.1753603744506833,28414.066,92041.97481768382,69.12922993826196
2025-03-05,晚上11:20,晚間班機,星期三,TPE,"上午10:25 (星期四, 3月 6)",上午抵達,FRA,中華航空 奧地利航空,中華航空,0,2,1.0,2 小時,120,18 小時 5 分鐘,1085,965,No,Airbus A350 Boeing 777,Airbus A350,1.0,CI 63 OS 205,CI 63,經濟艙 經濟艙,0,經濟艙,14 小時 40 分鐘,1 小時 25 分鐘,1,127901.0,25275.0,132893.0,520207096.34,106582.5,89.0,85.0,11.76,10.14,20.07,11.8,4.5,德國,-0.7021,0.1276154,1,99,11.76,10.55901,1.2009904479980467,38522.953,128027.45345226408,69.9103964921371
2025-01-24,清晨7:15,早晨班機,星期五,TPE,"清晨7:05 (星期六, 1月 25)",早晨抵達,FRA,中華航空 國泰航空,國泰航空,0,3,1.0,15 小時,900,30 小時 50 分鐘,1850,950,No,Boeing 737 Boeing 777,Boeing 777,1.0,CI 601 CX 289,CX 289,商務艙 經濟艙,1,經濟艙,2 小時,13 小時 50 分鐘,2,119923.0,111172.0,111229.0,116822255.05,139489.0,34.0,40.0,11.69,11.62,18.58,11.62,3.56,德國,-0.7021,0.1276154,1,30,11.69,10.482423,1.207577171325683,35682.758,119372.00637718744,70.10793493765122
2025-01-24,清晨7:15,早晨班機,星期五,TPE,"清晨6:30 (星期六, 1月 25)",早晨抵達,FRA,中華航空 漢莎航空,漢莎航空,0,1,1.0,14 小時 30 分鐘,870,30 小時 15 分鐘,1815,945,No,Boeing 737 Airbus A340,Airbus A340,1.0,CI 601 LH 797,LH 797,商務艙 經濟艙,1,經濟艙,2 小時,13 小時 45 分鐘,2,110714.0,110667.0,110718.0,389.93,124231.75,34.0,51.0,11.61,11.61,5.97,11.61,3.56,德國,-0.7021,0.1276154,1,30,11.61,10.336858,1.2731422042846674,30848.943,110194.25038775145,72.00494286151613
2025-01-24,清晨7:55,早晨班機,星期五,TPE,下午6:45,晚間抵達,FRA,中華航空 漢莎航空,漢莎航空,0,1,1.0,1 小時 35 分鐘,95,17 小時 50 分鐘,1070,975,No,Airbus A330 Boeing 747,Boeing 747,2.0,CI 160 LH 713,LH 713,商務艙 經濟艙,1,經濟艙,2 小時 25 分鐘,13 小時 50 分鐘,2,116567.0,116488.0,116560.0,2265.67,137061.75,34.0,61.0,11.67,11.67,7.73,11.67,3.56,德國,-0.7021,0.1276154,1,30,11.67,10.39355,1.276450080871582,32648.361,117008.28228088471,72.09739285826721
2025-03-03,中午12:25,下午班機,星期一,TPE,下午1:40,下午抵達,LAX,大韓航空 大韓航空,大韓航空,1,2,1.0,3 小時 50 分鐘,230,17 小時 15 分鐘,1035,805,No,Boeing 787-10 Boeing 747,Boeing 747,2.0,KE 186 KE 11,KE 11,經濟艙 經濟艙,0,經濟艙,2 小時 25 分鐘,11 小時,2,81931.0,37551.0,82887.0,43748421.74,82898.5,90.0,47.0,11.31,10.53,17.59,11.33,4.51,美國,0.5468126,1.7011215,1,81,11.31,9.973104,1.336896476745606,21441.928,81633.90850160981,73.73404247335264
2025-01-24,晚上11:45,晚間班機,星期五,TPE,"中午12:12 (星期六, 1月 25)",下午抵達,LAX,中華航空 聯合航空,中華航空,0,2,1.0,15 小時 45 分鐘,945,28 小時 27 分鐘,1707,762,No,Boeing 777 Embraer 175,Boeing 777,1.0,CI 4 UA 5530,CI 4,經濟艙 經濟艙,1,經濟艙,11 小時 5 分鐘,1 小時 37 分鐘,1,114029.0,113792.0,113939.0,52436.48,113841.0,48.0,44.0,11.64,11.64,10.87,11.64,3.89,美國,0.5468126,1.7011215,1,83,11.64,10.261136,1.3788639450073248,28599.258,113550.16492766769,74.81354797615843
2025-01-25,上午8:20,早晨班機,星期六,TPE,晚上10:45,晚間抵達,ZRH,中華航空 瑞士航空,中華航空,0,2,1.0,3 小時 10 分鐘,190,21 小時 25 分鐘,1285,1095,No,Airbus A350 Airbus A220-100 Passenger,Airbus A350,1.0,CI 81 LX 339,CI 81,經濟艙 經濟艙,1,經濟艙,16 小時 35 分鐘,1 小時 40 分鐘,1,195327.0,195056.0,195363.0,53934.97,195476.0,2.0,35.0,12.18,12.18,10.9,12.18,1.1,瑞士,2.7842724,-2.49911,0,26,12.18,10.303905,1.8760954666137692,29848.938,194852.86221810002,84.68129379254901
2025-01-25,上午8:20,早晨班機,星期六,TPE,晚上9:30,晚間抵達,ZRH,中華航空 瑞士航空,中華航空,0,2,1.0,1 小時 45 分鐘,105,20 小時 10 分鐘,1210,1105,No,Airbus A350 Airbus A220-100 Passenger,Airbus A350,1.0,CI 81 LX 327,CI 81,經濟艙 經濟艙,1,經濟艙,16 小時 35 分鐘,1 小時 50 分鐘,1,195311.0,195056.0,195360.0,56722.63,195069.75,3.0,42.0,12.18,12.18,10.95,12.18,1.39,瑞士,2.7842724,-2.49911,0,26,12.18,10.202978,1.9770218658447263,26983.428,194852.86221810002,86.1518956266743
